comarca,serventia,data_futura,horizonte_meses,taxa_prevista,mes_no_horizonte
ABADIÂNIA,Vara Judicial,2025-11-30,3,90.83,1
ABADIÂNIA,Vara Judicial,2025-12-31,3,91.09,2
ABADIÂNIA,Vara Judicial,2026-01-31,3,91.34,3
ACREÚNA,"1ª Vara Judicial (Família e Sucessões, Infância e Juventude, Cível e Juizado Especial Cível)",2025-11-30,3,96.57,1
ACREÚNA,"1ª Vara Judicial (Família e Sucessões, Infância e Juventude, Cível e Juizado Especial Cível)",2025-12-31,3,97.58,2
ACREÚNA,"1ª Vara Judicial (Família e Sucessões, Infância e Juventude, Cível e Juizado Especial Cível)",2026-01-31,3,98.59,3
ACREÚNA,"2ª Vara Judicial (Fazendas Públicas, Criminal, Execução Penal e Juizado Criminal)",2025-11-30,3,94.42,1
ACREÚNA,"2ª Vara Judicial (Fazendas Públicas, Criminal, Execução Penal e Juizado Criminal)",2025-12-31,3,94.65,2
ACREÚNA,"2ª Vara Judicial (Fazendas Públicas, Criminal, Execução Penal e Juizado Criminal)",2026-01-31,3,94.89,3
ALEXÂNIA,Vara Judicial,2025-11-30,3,97.18,1
ALEXÂNIA,Vara Judicial,2025-12-31,3,97.69,2
ALEXÂNIA,Vara Judicial,2026-01-31,3,98.21,3
ALTO PARAÍSO DE GOIÁS,Vara Judicial,2025-11-30,3,95.86,1
ALTO PARAÍSO DE GOIÁS,Vara Judicial,2025-12-31,3,95.94,2
ALTO PARAÍSO DE GOIÁS,Vara Judicial,2026-01-31,3,96.03,3
ALVORADA DO NORTE,Vara Judicial,2025-11-30,3,96.02,1
ALVORADA DO NORTE,Vara Judicial,2025-12-31,3,96.26,2
ALVORADA DO NORTE,Vara Judicial,2026-01-31,3,96.5,3
ANICUNS,"1ª Vara Judicial (Família e Sucessões, Infância e Juventude, Cível e Juizado Especial Cível)",2025-11-30,3,100.0,1
ANICUNS,"1ª Vara Judicial (Família e Sucessões, Infância e Juventude, Cível e Juizado Especial Cível)",2025-12-31,3,100.0,2
ANICUNS,"1ª Vara Judicial (Família e Sucessões, Infância e Juventude, Cível e Juizado Especial Cível)",2026-01-31,3,100.0,3
ANICUNS,"2ª Vara Judicial (Fazendas Públicas, Criminal, Execução Penal e Juizado Criminal)",2025-11-30,3,91.31,1
ANICUNS,"2ª Vara Judicial (Fazendas Públicas, Criminal, Execução Penal e Juizado Criminal)",2025-12-31,3,91.85,2
ANICUNS,"2ª Vara Judicial (Fazendas Públicas, Criminal, Execução Penal e Juizado Criminal)",2026-01-31,3,92.39,3
ANÁPOLIS,1ª Vara Criminal,2025-11-30,3,100.0,1
ANÁPOLIS,1ª Vara Criminal,2025-12-31,3,100.0,2
ANÁPOLIS,1ª Vara Criminal,2026-01-31,3,100.0,3
ANÁPOLIS,1ª Vara Cível,2025-11-30,3,95.38,1
ANÁPOLIS,1ª Vara Cível,2025-12-31,3,95.45,2
ANÁPOLIS,1ª Vara Cível,2026-01-31,3,95.52,3
ANÁPOLIS,1ª Vara de Família e Sucessões,2025-11-30,3,91.61,1
ANÁPOLIS,1ª Vara de Família e Sucessões,2025-12-31,3,92.33,2
ANÁPOLIS,1ª Vara de Família e Sucessões,2026-01-31,3,93.04,3
ANÁPOLIS,1º Juizado Especial Criminal,2025-11-30,3,97.05,1
ANÁPOLIS,1º Juizado Especial Criminal,2025-12-31,3,97.66,2
ANÁPOLIS,1º Juizado Especial Criminal,2026-01-31,3,98.27,3
ANÁPOLIS,1º Juizado Especial Cível,2025-11-30,3,64.27,1
ANÁPOLIS,1º Juizado Especial Cível,2025-12-31,3,65.45,2
ANÁPOLIS,1º Juizado Especial Cível,2026-01-31,3,66.62,3
ANÁPOLIS,2ª Vara Criminal,2025-11-30,3,96.72,1
ANÁPOLIS,2ª Vara Criminal,2025-12-31,3,97.2,2
ANÁPOLIS,2ª Vara Criminal,2026-01-31,3,97.68,3
ANÁPOLIS,2ª Vara Cível,2025-11-30,3,94.28,1
ANÁPOLIS,2ª Vara Cível,2025-12-31,3,94.25,2
ANÁPOLIS,2ª Vara Cível,2026-01-31,3,94.23,3
ANÁPOLIS,2ª Vara de Família e Sucessões,2025-11-30,3,98.38,1
ANÁPOLIS,2ª Vara de Família e Sucessões,2025-12-31,3,99.6,2
ANÁPOLIS,2ª Vara de Família e Sucessões,2026-01-31,3,100.0,3
ANÁPOLIS,2º Juizado Especial Cível,2025-11-30,3,73.98,1
ANÁPOLIS,2º Juizado Especial Cível,2025-12-31,3,74.95,2
ANÁPOLIS,2º Juizado Especial Cível,2026-01-31,3,75.91,3
ANÁPOLIS,3ª Vara Criminal,2025-11-30,3,100.0,1
ANÁPOLIS,3ª Vara Criminal,2025-12-31,3,100.0,2
ANÁPOLIS,3ª Vara Criminal,2026-01-31,3,100.0,3
ANÁPOLIS,3ª Vara Cível,2025-11-30,3,91.81,1
ANÁPOLIS,3ª Vara Cível,2025-12-31,3,91.68,2
ANÁPOLIS,3ª Vara Cível,2026-01-31,3,91.55,3
ANÁPOLIS,3ª Vara de Família e Sucessões,2025-11-30,3,95.02,1
ANÁPOLIS,3ª Vara de Família e Sucessões,2025-12-31,3,95.39,2
ANÁPOLIS,3ª Vara de Família e Sucessões,2026-01-31,3,95.75,3
ANÁPOLIS,3º Juizado Especial Cível,2025-11-30,3,50.79,1
ANÁPOLIS,3º Juizado Especial Cível,2025-12-31,3,51.82,2
ANÁPOLIS,3º Juizado Especial Cível,2026-01-31,3,52.86,3
ANÁPOLIS,4ª Vara Criminal (Presidência do Tribunal do Juri e execuções penais),2025-11-30,3,3.22,1
ANÁPOLIS,4ª Vara Criminal (Presidência do Tribunal do Juri e execuções penais),2025-12-31,3,3.09,2
ANÁPOLIS,4ª Vara Criminal (Presidência do Tribunal do Juri e execuções penais),2026-01-31,3,2.96,3
ANÁPOLIS,4ª Vara Cível,2025-11-30,3,95.45,1
ANÁPOLIS,4ª Vara Cível,2025-12-31,3,95.47,2
ANÁPOLIS,4ª Vara Cível,2026-01-31,3,95.5,3
ANÁPOLIS,4º Juizado Especial Cível,2025-11-30,3,77.78,1
ANÁPOLIS,4º Juizado Especial Cível,2025-12-31,3,79.3,2
ANÁPOLIS,4º Juizado Especial Cível,2026-01-31,3,80.81,3
ANÁPOLIS,5ª Vara Criminal,2025-11-30,3,100.0,1
ANÁPOLIS,5ª Vara Criminal,2025-12-31,3,100.0,2
ANÁPOLIS,5ª Vara Criminal,2026-01-31,3,100.0,3
ANÁPOLIS,5ª Vara Cível,2025-11-30,3,95.97,1
ANÁPOLIS,5ª Vara Cível,2025-12-31,3,96.1,2
ANÁPOLIS,5ª Vara Cível,2026-01-31,3,96.23,3
ANÁPOLIS,6ª Vara Cível,2025-11-30,3,93.29,1
ANÁPOLIS,6ª Vara Cível,2025-12-31,3,93.36,2
ANÁPOLIS,6ª Vara Cível,2026-01-31,3,93.43,3
ANÁPOLIS,Juizado da Infância e da Juventude,2025-11-30,3,89.61,1
ANÁPOLIS,Juizado da Infância e da Juventude,2025-12-31,3,91.47,2
ANÁPOLIS,Juizado da Infância e da Juventude,2026-01-31,3,93.34,3
ANÁPOLIS,Juizado de Violência Doméstica e Familiar Contra a Mulher,2025-11-30,3,96.4,1
ANÁPOLIS,Juizado de Violência Doméstica e Familiar Contra a Mulher,2025-12-31,3,96.93,2
ANÁPOLIS,Juizado de Violência Doméstica e Familiar Contra a Mulher,2026-01-31,3,97.45,3
ANÁPOLIS,"Vara da Faz. Púb. Mun.,de Reg. Púb., e Amb.",2025-11-30,3,94.91,1
ANÁPOLIS,"Vara da Faz. Púb. Mun.,de Reg. Púb., e Amb.",2025-12-31,3,94.93,2
ANÁPOLIS,"Vara da Faz. Púb. Mun.,de Reg. Púb., e Amb.",2026-01-31,3,94.95,3
ANÁPOLIS,Vara da Fazenda Pública Estadual ,2025-11-30,3,87.74,1
ANÁPOLIS,Vara da Fazenda Pública Estadual ,2025-12-31,3,87.46,2
ANÁPOLIS,Vara da Fazenda Pública Estadual ,2026-01-31,3,87.19,3
APARECIDA DE GOIÂNIA,1ª Vara Criminal,2025-11-30,3,100.0,1
APARECIDA DE GOIÂNIA,1ª Vara Criminal,2025-12-31,3,100.0,2
APARECIDA DE GOIÂNIA,1ª Vara Criminal,2026-01-31,3,100.0,3
APARECIDA DE GOIÂNIA,"1ª Vara Criminal dos Crimes Dolosos contra a Vida, Tribunal do Júri e Execuções Penais (privativas de liberdade em regime aberto)",2025-11-30,3,77.25,1
APARECIDA DE GOIÂNIA,"1ª Vara Criminal dos Crimes Dolosos contra a Vida, Tribunal do Júri e Execuções Penais (privativas de liberdade em regime aberto)",2025-12-31,3,78.43,2
APARECIDA DE GOIÂNIA,"1ª Vara Criminal dos Crimes Dolosos contra a Vida, Tribunal do Júri e Execuções Penais (privativas de liberdade em regime aberto)",2026-01-31,3,79.6,3
APARECIDA DE GOIÂNIA,1ª Vara Cível,2025-11-30,3,95.35,1
APARECIDA DE GOIÂNIA,1ª Vara Cível,2025-12-31,3,95.32,2
APARECIDA DE GOIÂNIA,1ª Vara Cível,2026-01-31,3,95.29,3
APARECIDA DE GOIÂNIA,1ª Vara de Família e Sucessões,2025-11-30,3,97.22,1
APARECIDA DE GOIÂNIA,1ª Vara de Família e Sucessões,2025-12-31,3,98.18,2
APARECIDA DE GOIÂNIA,1ª Vara de Família e Sucessões,2026-01-31,3,99.13,3
APARECIDA DE GOIÂNIA,1° Juizado de Violência Doméstica e Familiar contra a Mulher,2025-11-30,3,85.12,1
APARECIDA DE GOIÂNIA,1° Juizado de Violência Doméstica e Familiar contra a Mulher,2025-12-31,3,85.56,2
APARECIDA DE GOIÂNIA,1° Juizado de Violência Doméstica e Familiar contra a Mulher,2026-01-31,3,86.01,3
APARECIDA DE GOIÂNIA,1º Juizado Especial Criminal,2025-11-30,3,100.0,1
APARECIDA DE GOIÂNIA,1º Juizado Especial Criminal,2025-12-31,3,100.0,2
APARECIDA DE GOIÂNIA,1º Juizado Especial Criminal,2026-01-31,3,100.0,3
APARECIDA DE GOIÂNIA,1º Juizado Especial Cível,2025-11-30,3,78.27,1
APARECIDA DE GOIÂNIA,1º Juizado Especial Cível,2025-12-31,3,79.94,2
APARECIDA DE GOIÂNIA,1º Juizado Especial Cível,2026-01-31,3,81.61,3
APARECIDA DE GOIÂNIA,2ª Vara Criminal,2025-11-30,3,100.0,1
APARECIDA DE GOIÂNIA,2ª Vara Criminal,2025-12-31,3,100.0,2
APARECIDA DE GOIÂNIA,2ª Vara Criminal,2026-01-31,3,100.0,3
APARECIDA DE GOIÂNIA,"2ª Vara Criminal dos Crimes Dolosos contra a Vida, Tribunal do Júri e Execuções Penais (restritivas de direito, alternativas e de multa)",2025-11-30,3,100.0,1
APARECIDA DE GOIÂNIA,"2ª Vara Criminal dos Crimes Dolosos contra a Vida, Tribunal do Júri e Execuções Penais (restritivas de direito, alternativas e de multa)",2025-12-31,3,100.0,2
APARECIDA DE GOIÂNIA,"2ª Vara Criminal dos Crimes Dolosos contra a Vida, Tribunal do Júri e Execuções Penais (restritivas de direito, alternativas e de multa)",2026-01-31,3,100.0,3
APARECIDA DE GOIÂNIA,2ª Vara Cível,2025-11-30,3,95.46,1
APARECIDA DE GOIÂNIA,2ª Vara Cível,2025-12-31,3,95.46,2
APARECIDA DE GOIÂNIA,2ª Vara Cível,2026-01-31,3,95.47,3
APARECIDA DE GOIÂNIA,2ª Vara de Família e Sucessões,2025-11-30,3,97.7,1
APARECIDA DE GOIÂNIA,2ª Vara de Família e Sucessões,2025-12-31,3,98.59,2
APARECIDA DE GOIÂNIA,2ª Vara de Família e Sucessões,2026-01-31,3,99.48,3
APARECIDA DE GOIÂNIA,2º Juizado Especial Cível,2025-11-30,3,77.78,1
APARECIDA DE GOIÂNIA,2º Juizado Especial Cível,2025-12-31,3,78.35,2
APARECIDA DE GOIÂNIA,2º Juizado Especial Cível,2026-01-31,3,78.92,3
APARECIDA DE GOIÂNIA,2º Juizado de Violência Doméstica e Familiar contra a Mulher,2025-11-30,3,91.46,1
APARECIDA DE GOIÂNIA,2º Juizado de Violência Doméstica e Familiar contra a Mulher,2025-12-31,3,92.49,2
APARECIDA DE GOIÂNIA,2º Juizado de Violência Doméstica e Familiar contra a Mulher,2026-01-31,3,93.53,3
APARECIDA DE GOIÂNIA,3ª Vara Criminal,2025-11-30,3,100.0,1
APARECIDA DE GOIÂNIA,3ª Vara Criminal,2025-12-31,3,100.0,2
APARECIDA DE GOIÂNIA,3ª Vara Criminal,2026-01-31,3,100.0,3
APARECIDA DE GOIÂNIA,3ª Vara Cível,2025-11-30,3,95.13,1
APARECIDA DE GOIÂNIA,3ª Vara Cível,2025-12-31,3,95.08,2
APARECIDA DE GOIÂNIA,3ª Vara Cível,2026-01-31,3,95.04,3
APARECIDA DE GOIÂNIA,3ª Vara de Família e Sucessões,2025-11-30,3,93.58,1
APARECIDA DE GOIÂNIA,3ª Vara de Família e Sucessões,2025-12-31,3,94.19,2
APARECIDA DE GOIÂNIA,3ª Vara de Família e Sucessões,2026-01-31,3,94.8,3
APARECIDA DE GOIÂNIA,3º Juizado Especial Cível,2025-11-30,3,83.88,1
APARECIDA DE GOIÂNIA,3º Juizado Especial Cível,2025-12-31,3,84.4,2
APARECIDA DE GOIÂNIA,3º Juizado Especial Cível,2026-01-31,3,84.91,3
APARECIDA DE GOIÂNIA,4ª Vara Criminal,2025-11-30,3,100.0,1
APARECIDA DE GOIÂNIA,4ª Vara Criminal,2025-12-31,3,100.0,2
APARECIDA DE GOIÂNIA,4ª Vara Criminal,2026-01-31,3,100.0,3
APARECIDA DE GOIÂNIA,4ª Vara Cível,2025-11-30,3,96.47,1
APARECIDA DE GOIÂNIA,4ª Vara Cível,2025-12-31,3,96.46,2
APARECIDA DE GOIÂNIA,4ª Vara Cível,2026-01-31,3,96.44,3
APARECIDA DE GOIÂNIA,5ª Vara Cível,2025-11-30,3,95.69,1
APARECIDA DE GOIÂNIA,5ª Vara Cível,2025-12-31,3,95.67,2
APARECIDA DE GOIÂNIA,5ª Vara Cível,2026-01-31,3,95.66,3
APARECIDA DE GOIÂNIA,6ª Vara Cível,2025-11-30,3,95.46,1
APARECIDA DE GOIÂNIA,6ª Vara Cível,2025-12-31,3,95.43,2
APARECIDA DE GOIÂNIA,6ª Vara Cível,2026-01-31,3,95.39,3
APARECIDA DE GOIÂNIA,Juizado da Infância e da Juventude,2025-11-30,3,93.79,1
APARECIDA DE GOIÂNIA,Juizado da Infância e da Juventude,2025-12-31,3,95.88,2
APARECIDA DE GOIÂNIA,Juizado da Infância e da Juventude,2026-01-31,3,97.97,3
APARECIDA DE GOIÂNIA,"Vara da Fazenda Púb. Municipal, de Reg. Púb. e Ambiental",2025-11-30,3,98.71,1
APARECIDA DE GOIÂNIA,"Vara da Fazenda Púb. Municipal, de Reg. Púb. e Ambiental",2025-12-31,3,98.79,2
APARECIDA DE GOIÂNIA,"Vara da Fazenda Púb. Municipal, de Reg. Púb. e Ambiental",2026-01-31,3,98.87,3
APARECIDA DE GOIÂNIA,Vara da Fazenda Pública Estadual,2025-11-30,3,86.97,1
APARECIDA DE GOIÂNIA,Vara da Fazenda Pública Estadual,2025-12-31,3,86.64,2
APARECIDA DE GOIÂNIA,Vara da Fazenda Pública Estadual,2026-01-31,3,86.32,3
ARAGARÇAS,"1ª Vara Judicial (Família e Sucessões, Infância e Juventude, Cível e Juizado Especial Cível)",2025-11-30,3,91.89,1
ARAGARÇAS,"1ª Vara Judicial (Família e Sucessões, Infância e Juventude, Cível e Juizado Especial Cível)",2025-12-31,3,92.01,2
ARAGARÇAS,"1ª Vara Judicial (Família e Sucessões, Infância e Juventude, Cível e Juizado Especial Cível)",2026-01-31,3,92.13,3
ARAGARÇAS,"2ª Vara Judicial (Fazendas Públicas, Criminal, Execução Penal e Juizado Criminal)",2025-11-30,3,95.54,1
ARAGARÇAS,"2ª Vara Judicial (Fazendas Públicas, Criminal, Execução Penal e Juizado Criminal)",2025-12-31,3,95.71,2
ARAGARÇAS,"2ª Vara Judicial (Fazendas Públicas, Criminal, Execução Penal e Juizado Criminal)",2026-01-31,3,95.88,3
ARAÇU,Vara Judicial,2025-11-30,3,94.43,1
ARAÇU,Vara Judicial,2025-12-31,3,94.7,2
ARAÇU,Vara Judicial,2026-01-31,3,94.97,3
ARUANÃ,Vara Judicial,2025-11-30,3,93.61,1
ARUANÃ,Vara Judicial,2025-12-31,3,93.88,2
ARUANÃ,Vara Judicial,2026-01-31,3,94.15,3
AURILÂNDIA,Vara Judicial,2025-11-30,3,93.03,1
AURILÂNDIA,Vara Judicial,2025-12-31,3,93.14,2
AURILÂNDIA,Vara Judicial,2026-01-31,3,93.26,3
BARRO ALTO,Vara Judicial,2025-11-30,3,97.28,1
BARRO ALTO,Vara Judicial,2025-12-31,3,97.43,2
BARRO ALTO,Vara Judicial,2026-01-31,3,97.58,3
BELA VISTA DE GOIÁS,Vara Judicial,2025-11-30,3,96.36,1
BELA VISTA DE GOIÁS,Vara Judicial,2025-12-31,3,96.72,2
BELA VISTA DE GOIÁS,Vara Judicial,2026-01-31,3,97.07,3
BOM JESUS DE GOIÁS,"1ª Vara Judicial (Família e Sucessões, Infância e Juventude, Cível e Juizado Especial Cível)",2025-11-30,3,96.7,1
BOM JESUS DE GOIÁS,"1ª Vara Judicial (Família e Sucessões, Infância e Juventude, Cível e Juizado Especial Cível)",2025-12-31,3,97.55,2
BOM JESUS DE GOIÁS,"1ª Vara Judicial (Família e Sucessões, Infância e Juventude, Cível e Juizado Especial Cível)",2026-01-31,3,98.4,3
BOM JESUS DE GOIÁS,"2ª Vara Judicial (Fazendas Públicas, Criminal, Execução Penal e Juizado Criminal)",2025-11-30,3,100.0,1
BOM JESUS DE GOIÁS,"2ª Vara Judicial (Fazendas Públicas, Criminal, Execução Penal e Juizado Criminal)",2025-12-31,3,100.0,2
BOM JESUS DE GOIÁS,"2ª Vara Judicial (Fazendas Públicas, Criminal, Execução Penal e Juizado Criminal)",2026-01-31,3,100.0,3
BURITI ALEGRE,Vara Judicial,2025-11-30,3,94.99,1
BURITI ALEGRE,Vara Judicial,2025-12-31,3,95.4,2
BURITI ALEGRE,Vara Judicial,2026-01-31,3,95.8,3
CACHOEIRA ALTA,Vara Judicial,2025-11-30,3,89.42,1
CACHOEIRA ALTA,Vara Judicial,2025-12-31,3,89.92,2
CACHOEIRA ALTA,Vara Judicial,2026-01-31,3,90.42,3
CAIAPÔNIA,"1ª Vara Judicial (Família e Sucessões, Infância e Juventude, Cível e Juizado Especial Cível)",2025-11-30,3,89.49,1
CAIAPÔNIA,"1ª Vara Judicial (Família e Sucessões, Infância e Juventude, Cível e Juizado Especial Cível)",2025-12-31,3,89.73,2
CAIAPÔNIA,"1ª Vara Judicial (Família e Sucessões, Infância e Juventude, Cível e Juizado Especial Cível)",2026-01-31,3,89.98,3
CAIAPÔNIA,"2ª Vara Judicial (Fazendas Públicas, Criminal, Execução Penal e Juizado Criminal)",2025-11-30,3,98.09,1
CAIAPÔNIA,"2ª Vara Judicial (Fazendas Públicas, Criminal, Execução Penal e Juizado Criminal)",2025-12-31,3,98.37,2
CAIAPÔNIA,"2ª Vara Judicial (Fazendas Públicas, Criminal, Execução Penal e Juizado Criminal)",2026-01-31,3,98.64,3
CALDAS NOVAS,1ª Vara (Cível e da Inf. e da Juv.),2025-11-30,3,94.4,1
CALDAS NOVAS,1ª Vara (Cível e da Inf. e da Juv.),2025-12-31,3,94.43,2
CALDAS NOVAS,1ª Vara (Cível e da Inf. e da Juv.),2026-01-31,3,94.47,3
CALDAS NOVAS,"1ª Vara Criminal (crimes dolosos contra a vida, Pres. Trib Juri e Execução Penal)",2025-11-30,3,47.37,1
CALDAS NOVAS,"1ª Vara Criminal (crimes dolosos contra a vida, Pres. Trib Juri e Execução Penal)",2025-12-31,3,48.32,2
CALDAS NOVAS,"1ª Vara Criminal (crimes dolosos contra a vida, Pres. Trib Juri e Execução Penal)",2026-01-31,3,49.28,3
CALDAS NOVAS,1º Juizado Especial Cível e Criminal,2025-11-30,3,89.62,1
CALDAS NOVAS,1º Juizado Especial Cível e Criminal,2025-12-31,3,89.68,2
CALDAS NOVAS,1º Juizado Especial Cível e Criminal,2026-01-31,3,89.74,3
CALDAS NOVAS,"2ª Vara (Cível, Faz Públicas Estadual e Residual e Registros Públicos)",2025-11-30,3,91.53,1
CALDAS NOVAS,"2ª Vara (Cível, Faz Públicas Estadual e Residual e Registros Públicos)",2025-12-31,3,91.48,2
CALDAS NOVAS,"2ª Vara (Cível, Faz Públicas Estadual e Residual e Registros Públicos)",2026-01-31,3,91.43,3
CALDAS NOVAS,2ª Vara Criminal (crimes em geral),2025-11-30,3,100.0,1
CALDAS NOVAS,2ª Vara Criminal (crimes em geral),2025-12-31,3,100.0,2
CALDAS NOVAS,2ª Vara Criminal (crimes em geral),2026-01-31,3,100.0,3
CALDAS NOVAS,2º Juizado Especial Cível e Criminal,2025-11-30,3,89.92,1
CALDAS NOVAS,2º Juizado Especial Cível e Criminal,2025-12-31,3,89.98,2
CALDAS NOVAS,2º Juizado Especial Cível e Criminal,2026-01-31,3,90.04,3
CALDAS NOVAS,"3ª Vara (Cível, Fazenda Pública Municipal e Ambiental)",2025-11-30,3,92.11,1
CALDAS NOVAS,"3ª Vara (Cível, Fazenda Pública Municipal e Ambiental)",2025-12-31,3,92.05,2
CALDAS NOVAS,"3ª Vara (Cível, Fazenda Pública Municipal e Ambiental)",2026-01-31,3,92.0,3
CALDAS NOVAS,3ª Vara Criminal (crimes em geral),2025-11-30,3,100.0,1
CALDAS NOVAS,3ª Vara Criminal (crimes em geral),2025-12-31,3,100.0,2
CALDAS NOVAS,3ª Vara Criminal (crimes em geral),2026-01-31,3,100.0,3
CALDAS NOVAS,Vara de Família e Sucessões,2025-11-30,3,95.22,1
CALDAS NOVAS,Vara de Família e Sucessões,2025-12-31,3,95.42,2
CALDAS NOVAS,Vara de Família e Sucessões,2026-01-31,3,95.62,3
CAMPINORTE,Vara Judicial,2025-11-30,3,95.41,1
CAMPINORTE,Vara Judicial,2025-12-31,3,95.74,2
CAMPINORTE,Vara Judicial,2026-01-31,3,96.07,3
CAMPOS BELOS,"1ª Vara Judicial (Família e Sucessões, Infância e Juventude, Cível e Juizado Especial Cível)",2025-11-30,3,95.08,1
CAMPOS BELOS,"1ª Vara Judicial (Família e Sucessões, Infância e Juventude, Cível e Juizado Especial Cível)",2025-12-31,3,95.48,2
CAMPOS BELOS,"1ª Vara Judicial (Família e Sucessões, Infância e Juventude, Cível e Juizado Especial Cível)",2026-01-31,3,95.89,3
CAMPOS BELOS,"2ª Vara Judicial (Fazendas Públicas, Criminal, Execução Penal e Juizado Criminal)",2025-11-30,3,95.1,1
CAMPOS BELOS,"2ª Vara Judicial (Fazendas Públicas, Criminal, Execução Penal e Juizado Criminal)",2025-12-31,3,95.21,2
CAMPOS BELOS,"2ª Vara Judicial (Fazendas Públicas, Criminal, Execução Penal e Juizado Criminal)",2026-01-31,3,95.31,3
CATALÃO,1ª Vara Criminal (crimes em geral e execuções penais),2025-11-30,3,83.73,1
CATALÃO,1ª Vara Criminal (crimes em geral e execuções penais),2025-12-31,3,84.45,2
CATALÃO,1ª Vara Criminal (crimes em geral e execuções penais),2026-01-31,3,85.18,3
CATALÃO,1ª Vara Cível,2025-11-30,3,95.5,1
CATALÃO,1ª Vara Cível,2025-12-31,3,95.49,2
CATALÃO,1ª Vara Cível,2026-01-31,3,95.49,3
CATALÃO,1ª Vara de Família e Sucessões,2025-11-30,3,93.18,1
CATALÃO,1ª Vara de Família e Sucessões,2025-12-31,3,94.14,2
CATALÃO,1ª Vara de Família e Sucessões,2026-01-31,3,95.11,3
CATALÃO,1º Juizado Especial Cível e Criminal,2025-11-30,3,71.39,1
CATALÃO,1º Juizado Especial Cível e Criminal,2025-12-31,3,72.75,2
CATALÃO,1º Juizado Especial Cível e Criminal,2026-01-31,3,74.11,3
CATALÃO,"2ª Vara Criminal (Crimes em geral, Crimes dolosos contra a vida e Presidência do Tribunal do Júri e Crimes envolvendo Violência Doméstica)",2025-11-30,3,96.32,1
CATALÃO,"2ª Vara Criminal (Crimes em geral, Crimes dolosos contra a vida e Presidência do Tribunal do Júri e Crimes envolvendo Violência Doméstica)",2025-12-31,3,97.12,2
CATALÃO,"2ª Vara Criminal (Crimes em geral, Crimes dolosos contra a vida e Presidência do Tribunal do Júri e Crimes envolvendo Violência Doméstica)",2026-01-31,3,97.93,3
CATALÃO,2ª Vara Cível,2025-11-30,3,95.88,1
CATALÃO,2ª Vara Cível,2025-12-31,3,95.88,2
CATALÃO,2ª Vara Cível,2026-01-31,3,95.89,3
CATALÃO,2ª Vara de Família e da Infância e da Juventude,2025-11-30,3,93.73,1
CATALÃO,2ª Vara de Família e da Infância e da Juventude,2025-12-31,3,95.17,2
CATALÃO,2ª Vara de Família e da Infância e da Juventude,2026-01-31,3,96.6,3
CATALÃO,2º Juizado Especial Cível e Criminal,2025-11-30,3,73.73,1
CATALÃO,2º Juizado Especial Cível e Criminal,2025-12-31,3,75.37,2
CATALÃO,2º Juizado Especial Cível e Criminal,2026-01-31,3,77.0,3
CATALÃO,Vara de Fazendas Públicas e Registros Públicos,2025-11-30,3,90.2,1
CATALÃO,Vara de Fazendas Públicas e Registros Públicos,2025-12-31,3,90.31,2
CATALÃO,Vara de Fazendas Públicas e Registros Públicos,2026-01-31,3,90.41,3
CAVALCANTE,Vara Judicial,2025-11-30,3,89.61,1
CAVALCANTE,Vara Judicial,2025-12-31,3,89.56,2
CAVALCANTE,Vara Judicial,2026-01-31,3,89.51,3
CAÇU,Vara Judicial,2025-11-30,3,95.53,1
CAÇU,Vara Judicial,2025-12-31,3,95.85,2
CAÇU,Vara Judicial,2026-01-31,3,96.17,3
CERES,"1ª Vara (Cív., Criminal - crime em geral e exec. penais - e da Inf. e da Juv.)",2025-11-30,3,97.19,1
CERES,"1ª Vara (Cív., Criminal - crime em geral e exec. penais - e da Inf. e da Juv.)",2025-12-31,3,97.47,2
CERES,"1ª Vara (Cív., Criminal - crime em geral e exec. penais - e da Inf. e da Juv.)",2026-01-31,3,97.76,3
CERES,"2ªVara (Cív, Criminal - crime em geral, crimes dolosos contra a vida e Pres. do Trib. do Juri das Faz. Púb. e de Reg. Púb.)",2025-11-30,3,90.86,1
CERES,"2ªVara (Cív, Criminal - crime em geral, crimes dolosos contra a vida e Pres. do Trib. do Juri das Faz. Púb. e de Reg. Púb.)",2025-12-31,3,90.95,2
CERES,"2ªVara (Cív, Criminal - crime em geral, crimes dolosos contra a vida e Pres. do Trib. do Juri das Faz. Púb. e de Reg. Púb.)",2026-01-31,3,91.04,3
CERES,Juizado Especial Cível e Criminal,2025-11-30,3,85.83,1
CERES,Juizado Especial Cível e Criminal,2025-12-31,3,86.67,2
CERES,Juizado Especial Cível e Criminal,2026-01-31,3,87.51,3
CIDADE OCIDENTAL,"1ª Vara (Cível, de Família, Sucessões e da Infância e da Juventude)",2025-11-30,3,99.63,1
CIDADE OCIDENTAL,"1ª Vara (Cível, de Família, Sucessões e da Infância e da Juventude)",2025-12-31,3,100.0,2
CIDADE OCIDENTAL,"1ª Vara (Cível, de Família, Sucessões e da Infância e da Juventude)",2026-01-31,3,100.0,3
CIDADE OCIDENTAL,"2ª Vara (Cível, das Fazendas Públicas, de Registros Públicos e Ambiental)",2025-11-30,3,90.17,1
CIDADE OCIDENTAL,"2ª Vara (Cível, das Fazendas Públicas, de Registros Públicos e Ambiental)",2025-12-31,3,90.13,2
CIDADE OCIDENTAL,"2ª Vara (Cível, das Fazendas Públicas, de Registros Públicos e Ambiental)",2026-01-31,3,90.08,3
CIDADE OCIDENTAL,Juizado Especial Cível e Criminal,2025-11-30,3,97.31,1
CIDADE OCIDENTAL,Juizado Especial Cível e Criminal,2025-12-31,3,99.01,2
CIDADE OCIDENTAL,Juizado Especial Cível e Criminal,2026-01-31,3,100.0,3
CIDADE OCIDENTAL,Vara Criminal,2025-11-30,3,100.0,1
CIDADE OCIDENTAL,Vara Criminal,2025-12-31,3,100.0,2
CIDADE OCIDENTAL,Vara Criminal,2026-01-31,3,100.0,3
COCALZINHO DE GOIÁS,Vara Judicial,2025-11-30,3,93.5,1
COCALZINHO DE GOIÁS,Vara Judicial,2025-12-31,3,93.66,2
COCALZINHO DE GOIÁS,Vara Judicial,2026-01-31,3,93.81,3
CORUMBAÍBA,Vara Judicial,2025-11-30,3,88.16,1
CORUMBAÍBA,Vara Judicial,2025-12-31,3,88.1,2
CORUMBAÍBA,Vara Judicial,2026-01-31,3,88.04,3
CORUMBÁ DE GOIÁS,Vara Judicial,2025-11-30,3,92.51,1
CORUMBÁ DE GOIÁS,Vara Judicial,2025-12-31,3,93.42,2
CORUMBÁ DE GOIÁS,Vara Judicial,2026-01-31,3,94.33,3
CRISTALINA,"1ª Vara (Cível, de Família, Sucessões e da Infância e da Juventude)",2025-11-30,3,98.44,1
CRISTALINA,"1ª Vara (Cível, de Família, Sucessões e da Infância e da Juventude)",2025-12-31,3,98.75,2
CRISTALINA,"1ª Vara (Cível, de Família, Sucessões e da Infância e da Juventude)",2026-01-31,3,99.06,3
CRISTALINA,"2ª Vara (Cível, das Fazendas Públicas, de Registros Públicos e Ambiental)",2025-11-30,3,94.7,1
CRISTALINA,"2ª Vara (Cível, das Fazendas Públicas, de Registros Públicos e Ambiental)",2025-12-31,3,94.83,2
CRISTALINA,"2ª Vara (Cível, das Fazendas Públicas, de Registros Públicos e Ambiental)",2026-01-31,3,94.97,3
CRISTALINA,Vara Criminal,2025-11-30,3,98.01,1
CRISTALINA,Vara Criminal,2025-12-31,3,98.54,2
CRISTALINA,Vara Criminal,2026-01-31,3,99.07,3
CRIXÁS,Vara Judicial,2025-11-30,3,96.4,1
CRIXÁS,Vara Judicial,2025-12-31,3,96.65,2
CRIXÁS,Vara Judicial,2026-01-31,3,96.9,3
EDÉIA,Vara Judicial,2025-11-30,3,96.07,1
EDÉIA,Vara Judicial,2025-12-31,3,96.21,2
EDÉIA,Vara Judicial,2026-01-31,3,96.34,3
ESTRELA DO NORTE,Vara Judicial,2025-11-30,3,93.45,1
ESTRELA DO NORTE,Vara Judicial,2025-12-31,3,93.66,2
ESTRELA DO NORTE,Vara Judicial,2026-01-31,3,93.86,3
FAZENDA NOVA,Vara Judicial,2025-11-30,3,99.33,1
FAZENDA NOVA,Vara Judicial,2025-12-31,3,100.0,2
FAZENDA NOVA,Vara Judicial,2026-01-31,3,100.0,3
FIRMINÓPOLIS,Vara Judicial,2025-11-30,3,95.14,1
FIRMINÓPOLIS,Vara Judicial,2025-12-31,3,95.23,2
FIRMINÓPOLIS,Vara Judicial,2026-01-31,3,95.33,3
FLORES DE GOIÁS,Vara Judicial,2025-11-30,3,96.89,1
FLORES DE GOIÁS,Vara Judicial,2025-12-31,3,97.17,2
FLORES DE GOIÁS,Vara Judicial,2026-01-31,3,97.44,3
FORMOSA,1ª Vara (Cível e da Inf. e da Juv.),2025-11-30,3,100.0,1
FORMOSA,1ª Vara (Cível e da Inf. e da Juv.),2025-12-31,3,100.0,2
FORMOSA,1ª Vara (Cível e da Inf. e da Juv.),2026-01-31,3,100.0,3
FORMOSA,"1ª Vara Criminal (crimes dolosos contra a vida, Pres. Trib. Juri e execuções penais)",2025-11-30,3,66.11,1
FORMOSA,"1ª Vara Criminal (crimes dolosos contra a vida, Pres. Trib. Juri e execuções penais)",2025-12-31,3,66.57,2
FORMOSA,"1ª Vara Criminal (crimes dolosos contra a vida, Pres. Trib. Juri e execuções penais)",2026-01-31,3,67.03,3
FORMOSA,2ª Vara Criminal (crimes em geral e Violência Doméstica e Familiar contra a Mulher),2025-11-30,3,95.07,1
FORMOSA,2ª Vara Criminal (crimes em geral e Violência Doméstica e Familiar contra a Mulher),2025-12-31,3,95.48,2
FORMOSA,2ª Vara Criminal (crimes em geral e Violência Doméstica e Familiar contra a Mulher),2026-01-31,3,95.9,3
FORMOSA,2ª Vara Cível e Família e Sucessões,2025-11-30,3,98.46,1
FORMOSA,2ª Vara Cível e Família e Sucessões,2025-12-31,3,98.95,2
FORMOSA,2ª Vara Cível e Família e Sucessões,2026-01-31,3,99.45,3
FORMOSA,3ª Vara Criminal (crimes em geral e Violência Doméstica e Familiar contra a Mulher),2025-11-30,3,97.43,1
FORMOSA,3ª Vara Criminal (crimes em geral e Violência Doméstica e Familiar contra a Mulher),2025-12-31,3,98.02,2
FORMOSA,3ª Vara Criminal (crimes em geral e Violência Doméstica e Familiar contra a Mulher),2026-01-31,3,98.61,3
FORMOSA,3ª Vara Cível e Família e Sucessões,2025-11-30,3,93.48,1
FORMOSA,3ª Vara Cível e Família e Sucessões,2025-12-31,3,93.7,2
FORMOSA,3ª Vara Cível e Família e Sucessões,2026-01-31,3,93.93,3
FORMOSA,Juizado Especial Cível e Criminal,2025-11-30,3,85.53,1
FORMOSA,Juizado Especial Cível e Criminal,2025-12-31,3,86.98,2
FORMOSA,Juizado Especial Cível e Criminal,2026-01-31,3,88.42,3
FORMOSA,"Vara de Fazendas Públicas, Registros Públicos e Ambiental",2025-11-30,3,96.04,1
FORMOSA,"Vara de Fazendas Públicas, Registros Públicos e Ambiental",2025-12-31,3,96.01,2
FORMOSA,"Vara de Fazendas Públicas, Registros Públicos e Ambiental",2026-01-31,3,95.98,3
FORMOSO,Vara Judicial,2025-11-30,3,90.9,1
FORMOSO,Vara Judicial,2025-12-31,3,91.15,2
FORMOSO,Vara Judicial,2026-01-31,3,91.41,3
GOIANDIRA,Vara Judicial,2025-11-30,3,100.0,1
GOIANDIRA,Vara Judicial,2025-12-31,3,100.0,2
GOIANDIRA,Vara Judicial,2026-01-31,3,100.0,3
GOIANIRA,Juizado Especial Cível e Criminal,2025-11-30,3,77.9,1
GOIANIRA,Juizado Especial Cível e Criminal,2025-12-31,3,78.83,2
GOIANIRA,Juizado Especial Cível e Criminal,2026-01-31,3,79.76,3
GOIANIRA,Vara Criminal,2025-11-30,3,100.0,1
GOIANIRA,Vara Criminal,2025-12-31,3,100.0,2
GOIANIRA,Vara Criminal,2026-01-31,3,100.0,3
GOIANIRA,Vara Cível,2025-11-30,3,91.93,1
GOIANIRA,Vara Cível,2025-12-31,3,91.89,2
GOIANIRA,Vara Cível,2026-01-31,3,91.85,3
GOIANIRA,"Vara Família e Sucessões, da Infância e da Juventude, Fazendas Públicas e de Registros Públicos",2025-11-30,3,88.6,1
GOIANIRA,"Vara Família e Sucessões, da Infância e da Juventude, Fazendas Públicas e de Registros Públicos",2025-12-31,3,88.97,2
GOIANIRA,"Vara Família e Sucessões, da Infância e da Juventude, Fazendas Públicas e de Registros Públicos",2026-01-31,3,89.34,3
GOIANÁPOLIS,Vara Judicial,2025-11-30,3,96.89,1
GOIANÁPOLIS,Vara Judicial,2025-12-31,3,97.1,2
GOIANÁPOLIS,Vara Judicial,2026-01-31,3,97.3,3
GOIANÉSIA,"1ª Vara (Cível, de Família, Sucessões e da Infância e da Juventude)",2025-11-30,3,93.11,1
GOIANÉSIA,"1ª Vara (Cível, de Família, Sucessões e da Infância e da Juventude)",2025-12-31,3,93.34,2
GOIANÉSIA,"1ª Vara (Cível, de Família, Sucessões e da Infância e da Juventude)",2026-01-31,3,93.57,3
GOIANÉSIA,1ª Vara Criminal (crimes em geral e execuções penais),2025-11-30,3,95.97,1
GOIANÉSIA,1ª Vara Criminal (crimes em geral e execuções penais),2025-12-31,3,96.43,2
GOIANÉSIA,1ª Vara Criminal (crimes em geral e execuções penais),2026-01-31,3,96.9,3
GOIANÉSIA,"2ª Vara Criminal (Crimes em geral, Crimes dolosos contra a vida e Presidência do Tribunal do Júri e Crimes envolvendo Violência Doméstica)",2025-11-30,3,91.26,1
GOIANÉSIA,"2ª Vara Criminal (Crimes em geral, Crimes dolosos contra a vida e Presidência do Tribunal do Júri e Crimes envolvendo Violência Doméstica)",2025-12-31,3,92.07,2
GOIANÉSIA,"2ª Vara Criminal (Crimes em geral, Crimes dolosos contra a vida e Presidência do Tribunal do Júri e Crimes envolvendo Violência Doméstica)",2026-01-31,3,92.89,3
GOIANÉSIA,"2ª Vara Cível, Ambiental e Família e Sucessões",2025-11-30,3,93.91,1
GOIANÉSIA,"2ª Vara Cível, Ambiental e Família e Sucessões",2025-12-31,3,94.22,2
GOIANÉSIA,"2ª Vara Cível, Ambiental e Família e Sucessões",2026-01-31,3,94.54,3
GOIANÉSIA,Juizado Especial Cível e Criminal,2025-11-30,3,99.76,1
GOIANÉSIA,Juizado Especial Cível e Criminal,2025-12-31,3,100.0,2
GOIANÉSIA,Juizado Especial Cível e Criminal,2026-01-31,3,100.0,3
GOIANÉSIA,Vara das Fazendas Públicas e Registros Públicos,2025-11-30,3,96.58,1
GOIANÉSIA,Vara das Fazendas Públicas e Registros Públicos,2025-12-31,3,96.84,2
GOIANÉSIA,Vara das Fazendas Públicas e Registros Públicos,2026-01-31,3,97.1,3
GOIATUBA,"1ª Vara (Cível, Criminal - crime em geral e exec. penais - e da Inf. e da Juv.)",2025-11-30,3,97.26,1
GOIATUBA,"1ª Vara (Cível, Criminal - crime em geral e exec. penais - e da Inf. e da Juv.)",2025-12-31,3,97.77,2
GOIATUBA,"1ª Vara (Cível, Criminal - crime em geral e exec. penais - e da Inf. e da Juv.)",2026-01-31,3,98.28,3
GOIATUBA,"2ª Vara (Cív, Criminal crime em geral, crimes dolosos contra a vida e Pres. do Trib. do Juri, das Faz.Púb.e de Reg.Pub)",2025-11-30,3,97.16,1
GOIATUBA,"2ª Vara (Cív, Criminal crime em geral, crimes dolosos contra a vida e Pres. do Trib. do Juri, das Faz.Púb.e de Reg.Pub)",2025-12-31,3,97.62,2
GOIATUBA,"2ª Vara (Cív, Criminal crime em geral, crimes dolosos contra a vida e Pres. do Trib. do Juri, das Faz.Púb.e de Reg.Pub)",2026-01-31,3,98.08,3
GOIATUBA,Juizado Especial Cível e Criminal,2025-11-30,3,80.27,1
GOIATUBA,Juizado Especial Cível e Criminal,2025-12-31,3,80.56,2
GOIATUBA,Juizado Especial Cível e Criminal,2026-01-31,3,80.86,3
GOIÁS,"Vara Criminal (crime em geral, crimes dolosos contra a vida e Pres. do Trib. do Júri, Execução Penal e Juizado Especial Criminal)",2025-11-30,3,94.18,1
GOIÁS,"Vara Criminal (crime em geral, crimes dolosos contra a vida e Pres. do Trib. do Júri, Execução Penal e Juizado Especial Criminal)",2025-12-31,3,94.39,2
GOIÁS,"Vara Criminal (crime em geral, crimes dolosos contra a vida e Pres. do Trib. do Júri, Execução Penal e Juizado Especial Criminal)",2026-01-31,3,94.6,3
GOIÁS,"Vara Cível, Infância e Juventude e Juizado Especial Cível",2025-11-30,3,93.43,1
GOIÁS,"Vara Cível, Infância e Juventude e Juizado Especial Cível",2025-12-31,3,93.7,2
GOIÁS,"Vara Cível, Infância e Juventude e Juizado Especial Cível",2026-01-31,3,93.96,3
GOIÁS,Vara das Fazendas Públicas e Registro Público e de Família e Sucessões,2025-11-30,3,85.72,1
GOIÁS,Vara das Fazendas Públicas e Registro Público e de Família e Sucessões,2025-12-31,3,86.11,2
GOIÁS,Vara das Fazendas Públicas e Registro Público e de Família e Sucessões,2026-01-31,3,86.49,3
GOIÂNIA,10ª Vara Cível,2025-11-30,3,93.11,1
GOIÂNIA,10ª Vara Cível,2025-12-31,3,93.22,2
GOIÂNIA,10ª Vara Cível,2026-01-31,3,93.34,3
GOIÂNIA,10º Juizado Especial Cível,2025-11-30,3,87.61,1
GOIÂNIA,10º Juizado Especial Cível,2025-12-31,3,89.45,2
GOIÂNIA,10º Juizado Especial Cível,2026-01-31,3,91.29,3
GOIÂNIA,11ª Vara Cível,2025-11-30,3,88.01,1
GOIÂNIA,11ª Vara Cível,2025-12-31,3,87.95,2
GOIÂNIA,11ª Vara Cível,2026-01-31,3,87.89,3
GOIÂNIA,11º Juizado Especial Cível,2025-11-30,3,77.57,1
GOIÂNIA,11º Juizado Especial Cível,2025-12-31,3,79.4,2
GOIÂNIA,11º Juizado Especial Cível,2026-01-31,3,81.24,3
GOIÂNIA,12ª Vara Cível,2025-11-30,3,92.98,1
GOIÂNIA,12ª Vara Cível,2025-12-31,3,93.02,2
GOIÂNIA,12ª Vara Cível,2026-01-31,3,93.05,3
GOIÂNIA,13ª Vara Cível e Ambiental,2025-11-30,3,92.78,1
GOIÂNIA,13ª Vara Cível e Ambiental,2025-12-31,3,92.83,2
GOIÂNIA,13ª Vara Cível e Ambiental,2026-01-31,3,92.88,3
GOIÂNIA,14ª Vara Cível e Ambiental,2025-11-30,3,90.59,1
GOIÂNIA,14ª Vara Cível e Ambiental,2025-12-31,3,90.47,2
GOIÂNIA,14ª Vara Cível e Ambiental,2026-01-31,3,90.36,3
GOIÂNIA,15ª Vara Cível e Ambiental,2025-11-30,3,95.06,1
GOIÂNIA,15ª Vara Cível e Ambiental,2025-12-31,3,95.23,2
GOIÂNIA,15ª Vara Cível e Ambiental,2026-01-31,3,95.41,3
GOIÂNIA,16ª Vara Cível e Ambiental,2025-11-30,3,94.85,1
GOIÂNIA,16ª Vara Cível e Ambiental,2025-12-31,3,95.08,2
GOIÂNIA,16ª Vara Cível e Ambiental,2026-01-31,3,95.31,3
GOIÂNIA,17ª Vara Cível e Ambiental,2025-11-30,3,92.82,1
GOIÂNIA,17ª Vara Cível e Ambiental,2025-12-31,3,92.98,2
GOIÂNIA,17ª Vara Cível e Ambiental,2026-01-31,3,93.14,3
GOIÂNIA,18ª Vara Cível e Ambiental,2025-11-30,3,95.58,1
GOIÂNIA,18ª Vara Cível e Ambiental,2025-12-31,3,95.66,2
GOIÂNIA,18ª Vara Cível e Ambiental,2026-01-31,3,95.74,3
GOIÂNIA,19ª Vara Cível e Ambiental,2025-11-30,3,94.13,1
GOIÂNIA,19ª Vara Cível e Ambiental,2025-12-31,3,94.11,2
GOIÂNIA,19ª Vara Cível e Ambiental,2026-01-31,3,94.09,3
GOIÂNIA,1ª Vara Criminal dos Crimes Dolosos contra a Vida e Tribunal do Júri,2025-11-30,3,89.23,1
GOIÂNIA,1ª Vara Criminal dos Crimes Dolosos contra a Vida e Tribunal do Júri,2025-12-31,3,91.24,2
GOIÂNIA,1ª Vara Criminal dos Crimes Dolosos contra a Vida e Tribunal do Júri,2026-01-31,3,93.25,3
GOIÂNIA,"1ª Vara Criminal dos crimes contra vítimas hipervulneráveis (Crianças e Adolescentes, Pessoas com Deficiência e Idosos) e crimes de trânsito",2025-11-30,3,97.03,1
GOIÂNIA,"1ª Vara Criminal dos crimes contra vítimas hipervulneráveis (Crianças e Adolescentes, Pessoas com Deficiência e Idosos) e crimes de trânsito",2025-12-31,3,97.25,2
GOIÂNIA,"1ª Vara Criminal dos crimes contra vítimas hipervulneráveis (Crianças e Adolescentes, Pessoas com Deficiência e Idosos) e crimes de trânsito",2026-01-31,3,97.47,3
GOIÂNIA,1ª Vara Criminal dos crimes punidos com reclusão e detenção,2025-11-30,3,99.06,1
GOIÂNIA,1ª Vara Criminal dos crimes punidos com reclusão e detenção,2025-12-31,3,99.42,2
GOIÂNIA,1ª Vara Criminal dos crimes punidos com reclusão e detenção,2026-01-31,3,99.77,3
GOIÂNIA,1ª Vara Cível,2025-11-30,3,91.13,1
GOIÂNIA,1ª Vara Cível,2025-12-31,3,91.23,2
GOIÂNIA,1ª Vara Cível,2026-01-31,3,91.32,3
GOIÂNIA,1ª Vara da Faz. Púb. Mun. e de Reg. Púb. - Execução Fiscal,2025-11-30,3,92.4,1
GOIÂNIA,1ª Vara da Faz. Púb. Mun. e de Reg. Púb. - Execução Fiscal,2025-12-31,3,92.46,2
GOIÂNIA,1ª Vara da Faz. Púb. Mun. e de Reg. Púb. - Execução Fiscal,2026-01-31,3,92.51,3
GOIÂNIA,1ª Vara da Fazenda Pública Estadual,2025-11-30,3,92.77,1
GOIÂNIA,1ª Vara da Fazenda Pública Estadual,2025-12-31,3,92.68,2
GOIÂNIA,1ª Vara da Fazenda Pública Estadual,2026-01-31,3,92.58,3
GOIÂNIA,1ª Vara das Garantias,2025-11-30,3,83.99,1
GOIÂNIA,1ª Vara das Garantias,2025-12-31,3,83.57,2
GOIÂNIA,1ª Vara das Garantias,2026-01-31,3,83.15,3
GOIÂNIA,1ª Vara de Família,2025-11-30,3,89.14,1
GOIÂNIA,1ª Vara de Família,2025-12-31,3,89.83,2
GOIÂNIA,1ª Vara de Família,2026-01-31,3,90.53,3
GOIÂNIA,1ª Vara de Sucessões,2025-11-30,3,93.26,1
GOIÂNIA,1ª Vara de Sucessões,2025-12-31,3,93.25,2
GOIÂNIA,1ª Vara de Sucessões,2026-01-31,3,93.24,3
GOIÂNIA,"1ª Vara dos Feitos Relativos a Delitos Praticados por Organização Criminosa e de Lavagem ou Ocultação de Bens, Direitos e Valores",2025-11-30,3,97.86,1
GOIÂNIA,"1ª Vara dos Feitos Relativos a Delitos Praticados por Organização Criminosa e de Lavagem ou Ocultação de Bens, Direitos e Valores",2025-12-31,3,99.25,2
GOIÂNIA,"1ª Vara dos Feitos Relativos a Delitos Praticados por Organização Criminosa e de Lavagem ou Ocultação de Bens, Direitos e Valores",2026-01-31,3,100.0,3
GOIÂNIA,1º Juizado Especial Criminal,2025-11-30,3,55.21,1
GOIÂNIA,1º Juizado Especial Criminal,2025-12-31,3,56.87,2
GOIÂNIA,1º Juizado Especial Criminal,2026-01-31,3,58.54,3
GOIÂNIA,1º Juizado Especial Cível,2025-11-30,3,64.84,1
GOIÂNIA,1º Juizado Especial Cível,2025-12-31,3,65.8,2
GOIÂNIA,1º Juizado Especial Cível,2026-01-31,3,66.76,3
GOIÂNIA,1º Juizado da Infância e da Juventude das causas cíveis e questões adm. afins,2025-11-30,3,86.35,1
GOIÂNIA,1º Juizado da Infância e da Juventude das causas cíveis e questões adm. afins,2025-12-31,3,87.5,2
GOIÂNIA,1º Juizado da Infância e da Juventude das causas cíveis e questões adm. afins,2026-01-31,3,88.65,3
GOIÂNIA,1º Juizado de Violência Doméstica e Familiar contra a Mulher,2025-11-30,3,72.95,1
GOIÂNIA,1º Juizado de Violência Doméstica e Familiar contra a Mulher,2025-12-31,3,73.69,2
GOIÂNIA,1º Juizado de Violência Doméstica e Familiar contra a Mulher,2026-01-31,3,74.42,3
GOIÂNIA,1º Juízo do Núcleo de Justiça 4.0 especializado em matéria de Juizado Especial da Fazenda Pública,2025-11-30,3,91.11,1
GOIÂNIA,1º Juízo do Núcleo de Justiça 4.0 especializado em matéria de Juizado Especial da Fazenda Pública,2025-12-31,3,91.34,2
GOIÂNIA,1º Juízo do Núcleo de Justiça 4.0 especializado em matéria de Juizado Especial da Fazenda Pública,2026-01-31,3,91.58,3
GOIÂNIA,1º Núcleo de Justiça 4.0,2025-11-30,3,100.0,1
GOIÂNIA,1º Núcleo de Justiça 4.0,2025-12-31,3,100.0,2
GOIÂNIA,1º Núcleo de Justiça 4.0,2026-01-31,3,100.0,3
GOIÂNIA,20ª Vara Cível,2025-11-30,3,91.73,1
GOIÂNIA,20ª Vara Cível,2025-12-31,3,91.7,2
GOIÂNIA,20ª Vara Cível,2026-01-31,3,91.66,3
GOIÂNIA,21ª Vara Cível,2025-11-30,3,91.24,1
GOIÂNIA,21ª Vara Cível,2025-12-31,3,91.18,2
GOIÂNIA,21ª Vara Cível,2026-01-31,3,91.13,3
GOIÂNIA,22ª Vara Cível,2025-11-30,3,86.66,1
GOIÂNIA,22ª Vara Cível,2025-12-31,3,86.5,2
GOIÂNIA,22ª Vara Cível,2026-01-31,3,86.33,3
GOIÂNIA,23ª Vara Cível,2025-11-30,3,92.21,1
GOIÂNIA,23ª Vara Cível,2025-12-31,3,92.29,2
GOIÂNIA,23ª Vara Cível,2026-01-31,3,92.38,3
GOIÂNIA,24ª Vara Cível e de Arbitragem,2025-11-30,3,91.83,1
GOIÂNIA,24ª Vara Cível e de Arbitragem,2025-12-31,3,91.8,2
GOIÂNIA,24ª Vara Cível e de Arbitragem,2026-01-31,3,91.77,3
GOIÂNIA,25ª Vara Cível,2025-11-30,3,91.69,1
GOIÂNIA,25ª Vara Cível,2025-12-31,3,91.62,2
GOIÂNIA,25ª Vara Cível,2026-01-31,3,91.55,3
GOIÂNIA,26ª Vara Cível,2025-11-30,3,96.25,1
GOIÂNIA,26ª Vara Cível,2025-12-31,3,96.7,2
GOIÂNIA,26ª Vara Cível,2026-01-31,3,97.15,3
GOIÂNIA,27ª Vara Cível,2025-11-30,3,89.4,1
GOIÂNIA,27ª Vara Cível,2025-12-31,3,89.33,2
GOIÂNIA,27ª Vara Cível,2026-01-31,3,89.27,3
GOIÂNIA,28ª Vara Cível,2025-11-30,3,91.59,1
GOIÂNIA,28ª Vara Cível,2025-12-31,3,91.7,2
GOIÂNIA,28ª Vara Cível,2026-01-31,3,91.81,3
GOIÂNIA,29ª Vara Cível,2025-11-30,3,92.91,1
GOIÂNIA,29ª Vara Cível,2025-12-31,3,92.91,2
GOIÂNIA,29ª Vara Cível,2026-01-31,3,92.9,3
GOIÂNIA,2ª Vara Criminal dos Crimes Dolosos contra a Vida e Tribunal do Júri,2025-11-30,3,81.96,1
GOIÂNIA,2ª Vara Criminal dos Crimes Dolosos contra a Vida e Tribunal do Júri,2025-12-31,3,83.68,2
GOIÂNIA,2ª Vara Criminal dos Crimes Dolosos contra a Vida e Tribunal do Júri,2026-01-31,3,85.39,3
GOIÂNIA,"2ª Vara Criminal dos crimes contra vítimas hipervulneráveis (Crianças e Adolescentes, Pessoas com Deficiência e Idosos) e crimes de trânsito",2025-11-30,3,97.77,1
GOIÂNIA,"2ª Vara Criminal dos crimes contra vítimas hipervulneráveis (Crianças e Adolescentes, Pessoas com Deficiência e Idosos) e crimes de trânsito",2025-12-31,3,98.26,2
GOIÂNIA,"2ª Vara Criminal dos crimes contra vítimas hipervulneráveis (Crianças e Adolescentes, Pessoas com Deficiência e Idosos) e crimes de trânsito",2026-01-31,3,98.74,3
GOIÂNIA,2ª Vara Criminal dos crimes punidos com reclusão e detenção,2025-11-30,3,100.0,1
GOIÂNIA,2ª Vara Criminal dos crimes punidos com reclusão e detenção,2025-12-31,3,100.0,2
GOIÂNIA,2ª Vara Criminal dos crimes punidos com reclusão e detenção,2026-01-31,3,100.0,3
GOIÂNIA,2ª Vara Cível,2025-11-30,3,89.47,1
GOIÂNIA,2ª Vara Cível,2025-12-31,3,89.44,2
GOIÂNIA,2ª Vara Cível,2026-01-31,3,89.41,3
GOIÂNIA,2ª Vara da Faz. Púb. Mun. e de Reg. Púb.,2025-11-30,3,91.65,1
GOIÂNIA,2ª Vara da Faz. Púb. Mun. e de Reg. Púb.,2025-12-31,3,91.7,2
GOIÂNIA,2ª Vara da Faz. Púb. Mun. e de Reg. Púb.,2026-01-31,3,91.76,3
GOIÂNIA,2ª Vara da Fazenda Pública Estadual,2025-11-30,3,92.87,1
GOIÂNIA,2ª Vara da Fazenda Pública Estadual,2025-12-31,3,92.76,2
GOIÂNIA,2ª Vara da Fazenda Pública Estadual,2026-01-31,3,92.65,3
GOIÂNIA,2ª Vara das Garantias,2025-11-30,3,87.61,1
GOIÂNIA,2ª Vara das Garantias,2025-12-31,3,87.33,2
GOIÂNIA,2ª Vara das Garantias,2026-01-31,3,87.05,3
GOIÂNIA,2ª Vara de Família,2025-11-30,3,89.3,1
GOIÂNIA,2ª Vara de Família,2025-12-31,3,89.8,2
GOIÂNIA,2ª Vara de Família,2026-01-31,3,90.3,3
GOIÂNIA,2ª Vara de Sucessões,2025-11-30,3,94.73,1
GOIÂNIA,2ª Vara de Sucessões,2025-12-31,3,94.78,2
GOIÂNIA,2ª Vara de Sucessões,2026-01-31,3,94.83,3
GOIÂNIA,"2ª Vara dos Feitos Relativos a Delitos Praticados por Organização Criminosa e de Lavagem ou Ocultação de Bens, Direitos e Valores",2025-11-30,3,97.08,1
GOIÂNIA,"2ª Vara dos Feitos Relativos a Delitos Praticados por Organização Criminosa e de Lavagem ou Ocultação de Bens, Direitos e Valores",2025-12-31,3,97.93,2
GOIÂNIA,"2ª Vara dos Feitos Relativos a Delitos Praticados por Organização Criminosa e de Lavagem ou Ocultação de Bens, Direitos e Valores",2026-01-31,3,98.79,3
GOIÂNIA,2º Juizado Especial Criminal,2025-11-30,3,67.96,1
GOIÂNIA,2º Juizado Especial Criminal,2025-12-31,3,69.5,2
GOIÂNIA,2º Juizado Especial Criminal,2026-01-31,3,71.03,3
GOIÂNIA,2º Juizado Especial Cível,2025-11-30,3,75.18,1
GOIÂNIA,2º Juizado Especial Cível,2025-12-31,3,76.35,2
GOIÂNIA,2º Juizado Especial Cível,2026-01-31,3,77.52,3
GOIÂNIA,2º Juizado da Infância e da Juventude das causas infracionais questões adm. afins,2025-11-30,3,60.5,1
GOIÂNIA,2º Juizado da Infância e da Juventude das causas infracionais questões adm. afins,2025-12-31,3,62.22,2
GOIÂNIA,2º Juizado da Infância e da Juventude das causas infracionais questões adm. afins,2026-01-31,3,63.94,3
GOIÂNIA,2º Juizado de Violência Doméstica e Familiar contra a Mulher,2025-11-30,3,78.95,1
GOIÂNIA,2º Juizado de Violência Doméstica e Familiar contra a Mulher,2025-12-31,3,79.7,2
GOIÂNIA,2º Juizado de Violência Doméstica e Familiar contra a Mulher,2026-01-31,3,80.44,3
GOIÂNIA,2º Juízo do Núcleo de Justiça 4.0 especializado em matéria de Juizado Especial da Fazenda Pública,2025-11-30,3,84.4,1
GOIÂNIA,2º Juízo do Núcleo de Justiça 4.0 especializado em matéria de Juizado Especial da Fazenda Pública,2025-12-31,3,84.48,2
GOIÂNIA,2º Juízo do Núcleo de Justiça 4.0 especializado em matéria de Juizado Especial da Fazenda Pública,2026-01-31,3,84.56,3
GOIÂNIA,2º Núcleo de Justiça 4.0,2025-11-30,3,96.3,1
GOIÂNIA,2º Núcleo de Justiça 4.0,2025-12-31,3,96.47,2
GOIÂNIA,2º Núcleo de Justiça 4.0,2026-01-31,3,96.65,3
GOIÂNIA,30ª Vara Cível,2025-11-30,3,88.01,1
GOIÂNIA,30ª Vara Cível,2025-12-31,3,87.98,2
GOIÂNIA,30ª Vara Cível,2026-01-31,3,87.94,3
GOIÂNIA,31ª Vara Cível,2025-11-30,3,92.78,1
GOIÂNIA,31ª Vara Cível,2025-12-31,3,92.74,2
GOIÂNIA,31ª Vara Cível,2026-01-31,3,92.71,3
GOIÂNIA,32ª Vara Cível,2025-11-30,3,91.42,1
GOIÂNIA,32ª Vara Cível,2025-12-31,3,91.49,2
GOIÂNIA,32ª Vara Cível,2026-01-31,3,91.55,3
GOIÂNIA,3ª Vara Criminal dos Crimes Dolosos contra a Vida e Tribunal do Júri,2025-11-30,3,93.84,1
GOIÂNIA,3ª Vara Criminal dos Crimes Dolosos contra a Vida e Tribunal do Júri,2025-12-31,3,95.76,2
GOIÂNIA,3ª Vara Criminal dos Crimes Dolosos contra a Vida e Tribunal do Júri,2026-01-31,3,97.69,3
GOIÂNIA,3ª Vara Criminal dos crimes punidos com reclusão e detenção,2025-11-30,3,100.0,1
GOIÂNIA,3ª Vara Criminal dos crimes punidos com reclusão e detenção,2025-12-31,3,100.0,2
GOIÂNIA,3ª Vara Criminal dos crimes punidos com reclusão e detenção,2026-01-31,3,100.0,3
GOIÂNIA,3ª Vara Cível,2025-11-30,3,93.57,1
GOIÂNIA,3ª Vara Cível,2025-12-31,3,93.66,2
GOIÂNIA,3ª Vara Cível,2026-01-31,3,93.76,3
GOIÂNIA,3ª Vara da Faz. Púb. Mun. e de Reg. Púb.,2025-11-30,3,91.66,1
GOIÂNIA,3ª Vara da Faz. Púb. Mun. e de Reg. Púb.,2025-12-31,3,91.64,2
GOIÂNIA,3ª Vara da Faz. Púb. Mun. e de Reg. Púb.,2026-01-31,3,91.63,3
GOIÂNIA,3ª Vara da Fazenda Pública Estadual Execução Fiscal,2025-11-30,3,98.84,1
GOIÂNIA,3ª Vara da Fazenda Pública Estadual Execução Fiscal,2025-12-31,3,99.04,2
GOIÂNIA,3ª Vara da Fazenda Pública Estadual Execução Fiscal,2026-01-31,3,99.24,3
GOIÂNIA,3ª Vara de Família,2025-11-30,3,97.21,1
GOIÂNIA,3ª Vara de Família,2025-12-31,3,97.82,2
GOIÂNIA,3ª Vara de Família,2026-01-31,3,98.43,3
GOIÂNIA,3º Juizado Especial Criminal,2025-11-30,3,29.1,1
GOIÂNIA,3º Juizado Especial Criminal,2025-12-31,3,29.87,2
GOIÂNIA,3º Juizado Especial Criminal,2026-01-31,3,30.63,3
GOIÂNIA,3º Juizado Especial Cível,2025-11-30,3,60.56,1
GOIÂNIA,3º Juizado Especial Cível,2025-12-31,3,62.11,2
GOIÂNIA,3º Juizado Especial Cível,2026-01-31,3,63.67,3
GOIÂNIA,3º Juizado de Violência Doméstica e Familiar contra a Mulher,2025-11-30,3,71.44,1
GOIÂNIA,3º Juizado de Violência Doméstica e Familiar contra a Mulher,2025-12-31,3,72.34,2
GOIÂNIA,3º Juizado de Violência Doméstica e Familiar contra a Mulher,2026-01-31,3,73.24,3
GOIÂNIA,3º Juízo do Núcleo de Justiça 4.0 especializado em matéria de Juizado Especial da Fazenda Pública,2025-11-30,3,90.68,1
GOIÂNIA,3º Juízo do Núcleo de Justiça 4.0 especializado em matéria de Juizado Especial da Fazenda Pública,2025-12-31,3,91.11,2
GOIÂNIA,3º Juízo do Núcleo de Justiça 4.0 especializado em matéria de Juizado Especial da Fazenda Pública,2026-01-31,3,91.53,3
GOIÂNIA,4ª Vara Criminal dos Crimes Dolosos contra a Vida e Tribunal do Júri,2025-11-30,3,86.2,1
GOIÂNIA,4ª Vara Criminal dos Crimes Dolosos contra a Vida e Tribunal do Júri,2025-12-31,3,86.7,2
GOIÂNIA,4ª Vara Criminal dos Crimes Dolosos contra a Vida e Tribunal do Júri,2026-01-31,3,87.21,3
GOIÂNIA,4ª Vara Criminal dos crimes punidos com reclusão e detenção,2025-11-30,3,100.0,1
GOIÂNIA,4ª Vara Criminal dos crimes punidos com reclusão e detenção,2025-12-31,3,100.0,2
GOIÂNIA,4ª Vara Criminal dos crimes punidos com reclusão e detenção,2026-01-31,3,100.0,3
GOIÂNIA,4ª Vara Cível,2025-11-30,3,100.0,1
GOIÂNIA,4ª Vara Cível,2025-12-31,3,100.0,2
GOIÂNIA,4ª Vara Cível,2026-01-31,3,100.0,3
GOIÂNIA,4ª Vara da Faz. Púb. Mun. e de Reg. Púb.,2025-11-30,3,93.21,1
GOIÂNIA,4ª Vara da Faz. Púb. Mun. e de Reg. Púb.,2025-12-31,3,93.17,2
GOIÂNIA,4ª Vara da Faz. Púb. Mun. e de Reg. Púb.,2026-01-31,3,93.14,3
GOIÂNIA,4ª Vara da Fazenda Pública Estadual,2025-11-30,3,98.22,1
GOIÂNIA,4ª Vara da Fazenda Pública Estadual,2025-12-31,3,98.19,2
GOIÂNIA,4ª Vara da Fazenda Pública Estadual,2026-01-31,3,98.15,3
GOIÂNIA,4ª Vara de Família,2025-11-30,3,90.52,1
GOIÂNIA,4ª Vara de Família,2025-12-31,3,90.92,2
GOIÂNIA,4ª Vara de Família,2026-01-31,3,91.31,3
GOIÂNIA,4º Juizado Especial Cível,2025-11-30,3,68.49,1
GOIÂNIA,4º Juizado Especial Cível,2025-12-31,3,70.23,2
GOIÂNIA,4º Juizado Especial Cível,2026-01-31,3,71.96,3
GOIÂNIA,4º Juizado de Violência Doméstica e Familiar contra a Mulher,2025-11-30,3,83.33,1
GOIÂNIA,4º Juizado de Violência Doméstica e Familiar contra a Mulher,2025-12-31,3,84.57,2
GOIÂNIA,4º Juizado de Violência Doméstica e Familiar contra a Mulher,2026-01-31,3,85.82,3
GOIÂNIA,4º Juízo do Núcleo de Justiça 4.0 especializado em matéria de Juizado Especial da Fazenda Pública,2025-11-30,3,85.11,1
GOIÂNIA,4º Juízo do Núcleo de Justiça 4.0 especializado em matéria de Juizado Especial da Fazenda Pública,2025-12-31,3,85.12,2
GOIÂNIA,4º Juízo do Núcleo de Justiça 4.0 especializado em matéria de Juizado Especial da Fazenda Pública,2026-01-31,3,85.12,3
GOIÂNIA,5ª Vara Criminal dos crimes punidos com reclusão e detenção,2025-11-30,3,100.0,1
GOIÂNIA,5ª Vara Criminal dos crimes punidos com reclusão e detenção,2025-12-31,3,100.0,2
GOIÂNIA,5ª Vara Criminal dos crimes punidos com reclusão e detenção,2026-01-31,3,100.0,3
GOIÂNIA,5ª Vara Cível e de Arbitragem,2025-11-30,3,93.22,1
GOIÂNIA,5ª Vara Cível e de Arbitragem,2025-12-31,3,93.21,2
GOIÂNIA,5ª Vara Cível e de Arbitragem,2026-01-31,3,93.2,3
GOIÂNIA,5ª Vara da Fazenda Pública Estadual,2025-11-30,3,94.99,1
GOIÂNIA,5ª Vara da Fazenda Pública Estadual,2025-12-31,3,94.99,2
GOIÂNIA,5ª Vara da Fazenda Pública Estadual,2026-01-31,3,94.99,3
GOIÂNIA,5ª Vara da Fazenda Pública Municipal e de Registros Públicos – Execução Fiscal,2025-11-30,3,92.57,1
GOIÂNIA,5ª Vara da Fazenda Pública Municipal e de Registros Públicos – Execução Fiscal,2025-12-31,3,92.59,2
GOIÂNIA,5ª Vara da Fazenda Pública Municipal e de Registros Públicos – Execução Fiscal,2026-01-31,3,92.61,3
GOIÂNIA,5ª Vara de Família,2025-11-30,3,92.14,1
GOIÂNIA,5ª Vara de Família,2025-12-31,3,92.55,2
GOIÂNIA,5ª Vara de Família,2026-01-31,3,92.95,3
GOIÂNIA,5º Juizado Especial Cível,2025-11-30,3,71.33,1
GOIÂNIA,5º Juizado Especial Cível,2025-12-31,3,72.93,2
GOIÂNIA,5º Juizado Especial Cível,2026-01-31,3,74.54,3
GOIÂNIA,6ª Vara Criminal dos crimes punidos com reclusão e detenção,2025-11-30,3,100.0,1
GOIÂNIA,6ª Vara Criminal dos crimes punidos com reclusão e detenção,2025-12-31,3,100.0,2
GOIÂNIA,6ª Vara Criminal dos crimes punidos com reclusão e detenção,2026-01-31,3,100.0,3
GOIÂNIA,6ª Vara Cível,2025-11-30,3,95.95,1
GOIÂNIA,6ª Vara Cível,2025-12-31,3,96.18,2
GOIÂNIA,6ª Vara Cível,2026-01-31,3,96.41,3
GOIÂNIA,6ª Vara da Fazenda Pública Estadual,2025-11-30,3,94.71,1
GOIÂNIA,6ª Vara da Fazenda Pública Estadual,2025-12-31,3,94.68,2
GOIÂNIA,6ª Vara da Fazenda Pública Estadual,2026-01-31,3,94.65,3
GOIÂNIA,6ª Vara de Família,2025-11-30,3,92.64,1
GOIÂNIA,6ª Vara de Família,2025-12-31,3,94.1,2
GOIÂNIA,6ª Vara de Família,2026-01-31,3,95.57,3
GOIÂNIA,6º Juizado Especial Cível,2025-11-30,3,74.89,1
GOIÂNIA,6º Juizado Especial Cível,2025-12-31,3,76.71,2
GOIÂNIA,6º Juizado Especial Cível,2026-01-31,3,78.53,3
GOIÂNIA,7ª Vara Criminal dos crimes punidos com reclusão e detenção,2025-11-30,3,100.0,1
GOIÂNIA,7ª Vara Criminal dos crimes punidos com reclusão e detenção,2025-12-31,3,100.0,2
GOIÂNIA,7ª Vara Criminal dos crimes punidos com reclusão e detenção,2026-01-31,3,100.0,3
GOIÂNIA,7ª Vara Cível,2025-11-30,3,90.42,1
GOIÂNIA,7ª Vara Cível,2025-12-31,3,90.3,2
GOIÂNIA,7ª Vara Cível,2026-01-31,3,90.18,3
GOIÂNIA,7ª Vara da Fazenda Pública Estadual,2025-11-30,3,93.77,1
GOIÂNIA,7ª Vara da Fazenda Pública Estadual,2025-12-31,3,93.7,2
GOIÂNIA,7ª Vara da Fazenda Pública Estadual,2026-01-31,3,93.63,3
GOIÂNIA,7ª Vara de Família,2025-11-30,3,92.58,1
GOIÂNIA,7ª Vara de Família,2025-12-31,3,93.06,2
GOIÂNIA,7ª Vara de Família,2026-01-31,3,93.54,3
GOIÂNIA,7º Juizado Especial Cível,2025-11-30,3,77.39,1
GOIÂNIA,7º Juizado Especial Cível,2025-12-31,3,78.59,2
GOIÂNIA,7º Juizado Especial Cível,2026-01-31,3,79.79,3
GOIÂNIA,8ª Vara Criminal dos crimes punidos com reclusão e detenção,2025-11-30,3,100.0,1
GOIÂNIA,8ª Vara Criminal dos crimes punidos com reclusão e detenção,2025-12-31,3,100.0,2
GOIÂNIA,8ª Vara Criminal dos crimes punidos com reclusão e detenção,2026-01-31,3,100.0,3
GOIÂNIA,8ª Vara Cível,2025-11-30,3,88.08,1
GOIÂNIA,8ª Vara Cível,2025-12-31,3,88.08,2
GOIÂNIA,8ª Vara Cível,2026-01-31,3,88.09,3
GOIÂNIA,8ª Vara da Fazenda Pública Estadual,2025-11-30,3,94.13,1
GOIÂNIA,8ª Vara da Fazenda Pública Estadual,2025-12-31,3,94.11,2
GOIÂNIA,8ª Vara da Fazenda Pública Estadual,2026-01-31,3,94.09,3
GOIÂNIA,8ª Vara de Família,2025-11-30,3,95.32,1
GOIÂNIA,8ª Vara de Família,2025-12-31,3,96.86,2
GOIÂNIA,8ª Vara de Família,2026-01-31,3,98.41,3
GOIÂNIA,8º Juizado Especial Cível,2025-11-30,3,90.77,1
GOIÂNIA,8º Juizado Especial Cível,2025-12-31,3,92.58,2
GOIÂNIA,8º Juizado Especial Cível,2026-01-31,3,94.39,3
GOIÂNIA,9ª Vara Criminal dos crimes punidos com reclusão e detenção,2025-11-30,3,100.0,1
GOIÂNIA,9ª Vara Criminal dos crimes punidos com reclusão e detenção,2025-12-31,3,100.0,2
GOIÂNIA,9ª Vara Criminal dos crimes punidos com reclusão e detenção,2026-01-31,3,100.0,3
GOIÂNIA,9ª Vara Cível,2025-11-30,3,91.0,1
GOIÂNIA,9ª Vara Cível,2025-12-31,3,91.14,2
GOIÂNIA,9ª Vara Cível,2026-01-31,3,91.28,3
GOIÂNIA,9º Juizado Especial Cível,2025-11-30,3,82.07,1
GOIÂNIA,9º Juizado Especial Cível,2025-12-31,3,83.8,2
GOIÂNIA,9º Juizado Especial Cível,2026-01-31,3,85.53,3
GOIÂNIA,Auditoria Militar,2025-11-30,3,98.79,1
GOIÂNIA,Auditoria Militar,2025-12-31,3,99.91,2
GOIÂNIA,Auditoria Militar,2026-01-31,3,100.0,3
GOIÂNIA,Central Estadual de Conciliação Pré-Processual,2025-11-30,3,0.0,1
GOIÂNIA,Central Estadual de Conciliação Pré-Processual,2025-12-31,3,0.0,2
GOIÂNIA,Central Estadual de Conciliação Pré-Processual,2026-01-31,3,0.0,3
GOIÂNIA,Gabinete da Central de Cumprimento de Sentença Cível - Juiz 1,2025-11-30,3,100.0,1
GOIÂNIA,Gabinete da Central de Cumprimento de Sentença Cível - Juiz 1,2025-12-31,3,100.0,2
GOIÂNIA,Gabinete da Central de Cumprimento de Sentença Cível - Juiz 1,2026-01-31,3,100.0,3
GOIÂNIA,Gabinete da Central de Cumprimento de Sentença Cível - Juiz 2,2025-11-30,3,100.0,1
GOIÂNIA,Gabinete da Central de Cumprimento de Sentença Cível - Juiz 2,2025-12-31,3,100.0,2
GOIÂNIA,Gabinete da Central de Cumprimento de Sentença Cível - Juiz 2,2026-01-31,3,100.0,3
GOIÂNIA,Gabinete da Central de Cumprimento de Sentença Cível - Juiz 3,2025-11-30,3,100.0,1
GOIÂNIA,Gabinete da Central de Cumprimento de Sentença Cível - Juiz 3,2025-12-31,3,100.0,2
GOIÂNIA,Gabinete da Central de Cumprimento de Sentença Cível - Juiz 3,2026-01-31,3,100.0,3
GOIÂNIA,Gabinete da Central de Cumprimento de Sentença Cível - Juiz 4,2025-11-30,3,100.0,1
GOIÂNIA,Gabinete da Central de Cumprimento de Sentença Cível - Juiz 4,2025-12-31,3,100.0,2
GOIÂNIA,Gabinete da Central de Cumprimento de Sentença Cível - Juiz 4,2026-01-31,3,100.0,3
GOIÂNIA,Gabinete da Central de Cumprimento de Sentença Cível - Juiz 5,2025-11-30,3,100.0,1
GOIÂNIA,Gabinete da Central de Cumprimento de Sentença Cível - Juiz 5,2025-12-31,3,100.0,2
GOIÂNIA,Gabinete da Central de Cumprimento de Sentença Cível - Juiz 5,2026-01-31,3,100.0,3
GOIÂNIA,Gabinete da Central de Cumprimento de Sentença Cível - Juiz 6,2025-11-30,3,100.0,1
GOIÂNIA,Gabinete da Central de Cumprimento de Sentença Cível - Juiz 6,2025-12-31,3,100.0,2
GOIÂNIA,Gabinete da Central de Cumprimento de Sentença Cível - Juiz 6,2026-01-31,3,100.0,3
GUAPÓ,"1ª Vara Judicial (Família e Sucessões, Infância e Juventude, Cível e Juizado Especial Cível)",2025-11-30,3,94.01,1
GUAPÓ,"1ª Vara Judicial (Família e Sucessões, Infância e Juventude, Cível e Juizado Especial Cível)",2025-12-31,3,94.13,2
GUAPÓ,"1ª Vara Judicial (Família e Sucessões, Infância e Juventude, Cível e Juizado Especial Cível)",2026-01-31,3,94.24,3
GUAPÓ,"2ª Vara Judicial (Fazendas Públicas, Criminal, Execução Penal e Juizado Criminal)",2025-11-30,3,99.53,1
GUAPÓ,"2ª Vara Judicial (Fazendas Públicas, Criminal, Execução Penal e Juizado Criminal)",2025-12-31,3,100.0,2
GUAPÓ,"2ª Vara Judicial (Fazendas Públicas, Criminal, Execução Penal e Juizado Criminal)",2026-01-31,3,100.0,3
HIDROLÂNDIA,"1ª Vara Judicial (Família e Sucessões, Infância e Juventude, Cível e Juizado Especial Cível)",2025-11-30,3,89.08,1
HIDROLÂNDIA,"1ª Vara Judicial (Família e Sucessões, Infância e Juventude, Cível e Juizado Especial Cível)",2025-12-31,3,89.23,2
HIDROLÂNDIA,"1ª Vara Judicial (Família e Sucessões, Infância e Juventude, Cível e Juizado Especial Cível)",2026-01-31,3,89.38,3
HIDROLÂNDIA,"2ª Vara Judicial (Fazendas Públicas, Criminal, Execução Penal e Juizado Criminal)",2025-11-30,3,89.63,1
HIDROLÂNDIA,"2ª Vara Judicial (Fazendas Públicas, Criminal, Execução Penal e Juizado Criminal)",2025-12-31,3,89.7,2
HIDROLÂNDIA,"2ª Vara Judicial (Fazendas Públicas, Criminal, Execução Penal e Juizado Criminal)",2026-01-31,3,89.77,3
IACIARA,Vara Judicial,2025-11-30,3,97.83,1
IACIARA,Vara Judicial,2025-12-31,3,98.28,2
IACIARA,Vara Judicial,2026-01-31,3,98.72,3
INHUMAS,"Vara Criminal (crime em geral, crimes dolosos contra a vida e Pres. do Trib. do Júri - Execução Penal) e Juizado Especial Criminal",2025-11-30,3,93.68,1
INHUMAS,"Vara Criminal (crime em geral, crimes dolosos contra a vida e Pres. do Trib. do Júri - Execução Penal) e Juizado Especial Criminal",2025-12-31,3,93.96,2
INHUMAS,"Vara Criminal (crime em geral, crimes dolosos contra a vida e Pres. do Trib. do Júri - Execução Penal) e Juizado Especial Criminal",2026-01-31,3,94.24,3
INHUMAS,"Vara Cível, Infância e Juventude e Juizado Especial Cível",2025-11-30,3,92.82,1
INHUMAS,"Vara Cível, Infância e Juventude e Juizado Especial Cível",2025-12-31,3,93.05,2
INHUMAS,"Vara Cível, Infância e Juventude e Juizado Especial Cível",2026-01-31,3,93.28,3
INHUMAS,Vara das Fazendas Públicas e Registros Públicos e Família e Sucessões,2025-11-30,3,90.38,1
INHUMAS,Vara das Fazendas Públicas e Registros Públicos e Família e Sucessões,2025-12-31,3,91.17,2
INHUMAS,Vara das Fazendas Públicas e Registros Públicos e Família e Sucessões,2026-01-31,3,91.96,3
IPAMERI,"1ª Vara (Cível, Criminal - crime em geral e exec. penais - e da Infância e da Juventude)",2025-11-30,3,91.37,1
IPAMERI,"1ª Vara (Cível, Criminal - crime em geral e exec. penais - e da Infância e da Juventude)",2025-12-31,3,93.02,2
IPAMERI,"1ª Vara (Cível, Criminal - crime em geral e exec. penais - e da Infância e da Juventude)",2026-01-31,3,94.67,3
IPAMERI,"2ª Vara (Cível, Criminal crime em geral, crimes dolosos contra a vida e Pres. do Trib. do Juri, das Fazendas Púb., de Reg. Púb. e Amb.)",2025-11-30,3,93.6,1
IPAMERI,"2ª Vara (Cível, Criminal crime em geral, crimes dolosos contra a vida e Pres. do Trib. do Juri, das Fazendas Púb., de Reg. Púb. e Amb.)",2025-12-31,3,94.49,2
IPAMERI,"2ª Vara (Cível, Criminal crime em geral, crimes dolosos contra a vida e Pres. do Trib. do Juri, das Fazendas Púb., de Reg. Púb. e Amb.)",2026-01-31,3,95.37,3
IPAMERI,Juizado Especial Cível e Criminal,2025-11-30,3,69.34,1
IPAMERI,Juizado Especial Cível e Criminal,2025-12-31,3,70.86,2
IPAMERI,Juizado Especial Cível e Criminal,2026-01-31,3,72.38,3
IPORÁ,"1ª Vara (Cív., Criminal - crime em geral e exec. penais - e da Inf. e da Juventude)",2025-11-30,3,100.0,1
IPORÁ,"1ª Vara (Cív., Criminal - crime em geral e exec. penais - e da Inf. e da Juventude)",2025-12-31,3,100.0,2
IPORÁ,"1ª Vara (Cív., Criminal - crime em geral e exec. penais - e da Inf. e da Juventude)",2026-01-31,3,100.0,3
IPORÁ,"2ª Vara (Cível, Criminal - crime em geral, crimes dolosos contra a vida e Pres. do Trib. do Juri, das Faz. Púb., de Reg. Púb. e Ambiental)",2025-11-30,3,99.25,1
IPORÁ,"2ª Vara (Cível, Criminal - crime em geral, crimes dolosos contra a vida e Pres. do Trib. do Juri, das Faz. Púb., de Reg. Púb. e Ambiental)",2025-12-31,3,99.94,2
IPORÁ,"2ª Vara (Cível, Criminal - crime em geral, crimes dolosos contra a vida e Pres. do Trib. do Juri, das Faz. Púb., de Reg. Púb. e Ambiental)",2026-01-31,3,100.0,3
IPORÁ,Juizado Especial Cível e Criminal,2025-11-30,3,82.77,1
IPORÁ,Juizado Especial Cível e Criminal,2025-12-31,3,84.62,2
IPORÁ,Juizado Especial Cível e Criminal,2026-01-31,3,86.48,3
ITABERAÍ,"1ª Vara Cível, Infância e da Juventude e Juizado Especial Cível",2025-11-30,3,98.18,1
ITABERAÍ,"1ª Vara Cível, Infância e da Juventude e Juizado Especial Cível",2025-12-31,3,98.86,2
ITABERAÍ,"1ª Vara Cível, Infância e da Juventude e Juizado Especial Cível",2026-01-31,3,99.53,3
ITABERAÍ,"2ª Vara Cível, Família e Sucessões, das Fazendas Públicas e Registros Públicos",2025-11-30,3,89.91,1
ITABERAÍ,"2ª Vara Cível, Família e Sucessões, das Fazendas Públicas e Registros Públicos",2025-12-31,3,89.91,2
ITABERAÍ,"2ª Vara Cível, Família e Sucessões, das Fazendas Públicas e Registros Públicos",2026-01-31,3,89.92,3
ITABERAÍ,"Vara Criminal (crimes em geral, crimes dolosos contra a vida e Pres. do Trib. do Júri execução penal) e Juizado Especial Criminal.",2025-11-30,3,100.0,1
ITABERAÍ,"Vara Criminal (crimes em geral, crimes dolosos contra a vida e Pres. do Trib. do Júri execução penal) e Juizado Especial Criminal.",2025-12-31,3,100.0,2
ITABERAÍ,"Vara Criminal (crimes em geral, crimes dolosos contra a vida e Pres. do Trib. do Júri execução penal) e Juizado Especial Criminal.",2026-01-31,3,100.0,3
ITAJÁ,Vara Judicial,2025-11-30,3,95.82,1
ITAJÁ,Vara Judicial,2025-12-31,3,96.19,2
ITAJÁ,Vara Judicial,2026-01-31,3,96.57,3
ITAPACI,Vara Judicial,2025-11-30,3,90.02,1
ITAPACI,Vara Judicial,2025-12-31,3,90.18,2
ITAPACI,Vara Judicial,2026-01-31,3,90.33,3
ITAPIRAPUÃ,Vara Judicial,2025-11-30,3,92.05,1
ITAPIRAPUÃ,Vara Judicial,2025-12-31,3,92.1,2
ITAPIRAPUÃ,Vara Judicial,2026-01-31,3,92.15,3
ITAPURANGA,"1ª Vara Judicial (Família e Sucessões, Infância e Juventude, Cível e Juizado Especial Cível)",2025-11-30,3,94.12,1
ITAPURANGA,"1ª Vara Judicial (Família e Sucessões, Infância e Juventude, Cível e Juizado Especial Cível)",2025-12-31,3,94.92,2
ITAPURANGA,"1ª Vara Judicial (Família e Sucessões, Infância e Juventude, Cível e Juizado Especial Cível)",2026-01-31,3,95.72,3
ITAPURANGA,"2ª Vara Judicial (Fazendas Públicas, Criminal, Execução Penal e Juizado Criminal)",2025-11-30,3,91.14,1
ITAPURANGA,"2ª Vara Judicial (Fazendas Públicas, Criminal, Execução Penal e Juizado Criminal)",2025-12-31,3,91.26,2
ITAPURANGA,"2ª Vara Judicial (Fazendas Públicas, Criminal, Execução Penal e Juizado Criminal)",2026-01-31,3,91.38,3
ITAUÇU,Vara Judicial,2025-11-30,3,92.26,1
ITAUÇU,Vara Judicial,2025-12-31,3,92.24,2
ITAUÇU,Vara Judicial,2026-01-31,3,92.22,3
ITUMBIARA,1ª Vara (Cív. e da Inf.e da Juv.),2025-11-30,3,92.23,1
ITUMBIARA,1ª Vara (Cív. e da Inf.e da Juv.),2025-12-31,3,92.45,2
ITUMBIARA,1ª Vara (Cív. e da Inf.e da Juv.),2026-01-31,3,92.67,3
ITUMBIARA,1ª Vara Criminal (crimes em geral e execuções penais),2025-11-30,3,100.0,1
ITUMBIARA,1ª Vara Criminal (crimes em geral e execuções penais),2025-12-31,3,100.0,2
ITUMBIARA,1ª Vara Criminal (crimes em geral e execuções penais),2026-01-31,3,100.0,3
ITUMBIARA,1º Juizado Especial Cível e Criminal,2025-11-30,3,51.43,1
ITUMBIARA,1º Juizado Especial Cível e Criminal,2025-12-31,3,52.77,2
ITUMBIARA,1º Juizado Especial Cível e Criminal,2026-01-31,3,54.11,3
ITUMBIARA,2ª Vara (Cível e Ambiental),2025-11-30,3,95.22,1
ITUMBIARA,2ª Vara (Cível e Ambiental),2025-12-31,3,95.36,2
ITUMBIARA,2ª Vara (Cível e Ambiental),2026-01-31,3,95.49,3
ITUMBIARA,"2ª Vara Criminal (crimes dolosos contra a vida, Pres. Trib. Juri e crimes em geral)",2025-11-30,3,100.0,1
ITUMBIARA,"2ª Vara Criminal (crimes dolosos contra a vida, Pres. Trib. Juri e crimes em geral)",2025-12-31,3,100.0,2
ITUMBIARA,"2ª Vara Criminal (crimes dolosos contra a vida, Pres. Trib. Juri e crimes em geral)",2026-01-31,3,100.0,3
ITUMBIARA,2º Juizado Especial Cível e Criminal,2025-11-30,3,66.46,1
ITUMBIARA,2º Juizado Especial Cível e Criminal,2025-12-31,3,68.12,2
ITUMBIARA,2º Juizado Especial Cível e Criminal,2026-01-31,3,69.79,3
ITUMBIARA,Vara de Família e Sucessões,2025-11-30,3,90.34,1
ITUMBIARA,Vara de Família e Sucessões,2025-12-31,3,91.64,2
ITUMBIARA,Vara de Família e Sucessões,2026-01-31,3,92.94,3
ITUMBIARA,Vara de Fazendas Públicas e de Registros Públicos,2025-11-30,3,78.26,1
ITUMBIARA,Vara de Fazendas Públicas e de Registros Públicos,2025-12-31,3,78.31,2
ITUMBIARA,Vara de Fazendas Públicas e de Registros Públicos,2026-01-31,3,78.37,3
JANDAIA,Vara Judicial,2025-11-30,3,86.44,1
JANDAIA,Vara Judicial,2025-12-31,3,86.46,2
JANDAIA,Vara Judicial,2026-01-31,3,86.49,3
JARAGUÁ,"Vara Criminal (crime em geral, crimes dolosos contra a vida e Pres. do Trib. do Júri - Execução Penal) e Juizado Especial Criminal",2025-11-30,3,94.38,1
JARAGUÁ,"Vara Criminal (crime em geral, crimes dolosos contra a vida e Pres. do Trib. do Júri - Execução Penal) e Juizado Especial Criminal",2025-12-31,3,94.87,2
JARAGUÁ,"Vara Criminal (crime em geral, crimes dolosos contra a vida e Pres. do Trib. do Júri - Execução Penal) e Juizado Especial Criminal",2026-01-31,3,95.36,3
JARAGUÁ,"Vara Cível, Infância e Juventude e Juizado Especial Cível",2025-11-30,3,89.84,1
JARAGUÁ,"Vara Cível, Infância e Juventude e Juizado Especial Cível",2025-12-31,3,90.12,2
JARAGUÁ,"Vara Cível, Infância e Juventude e Juizado Especial Cível",2026-01-31,3,90.41,3
JARAGUÁ,Vara das Fazendas Públicas e Registro Público e de Família e Sucessões,2025-11-30,3,80.52,1
JARAGUÁ,Vara das Fazendas Públicas e Registro Público e de Família e Sucessões,2025-12-31,3,81.16,2
JARAGUÁ,Vara das Fazendas Públicas e Registro Público e de Família e Sucessões,2026-01-31,3,81.8,3
JATAÍ,1ª Vara Criminal (crimes em geral e execuções penais),2025-11-30,3,100.0,1
JATAÍ,1ª Vara Criminal (crimes em geral e execuções penais),2025-12-31,3,100.0,2
JATAÍ,1ª Vara Criminal (crimes em geral e execuções penais),2026-01-31,3,100.0,3
JATAÍ,1ª Vara Cível,2025-11-30,3,94.87,1
JATAÍ,1ª Vara Cível,2025-12-31,3,94.9,2
JATAÍ,1ª Vara Cível,2026-01-31,3,94.93,3
JATAÍ,2ª Vara Criminal (crimes dolosos contra a vida e Presidência do Tribunal do Júri),2025-11-30,3,100.0,1
JATAÍ,2ª Vara Criminal (crimes dolosos contra a vida e Presidência do Tribunal do Júri),2025-12-31,3,100.0,2
JATAÍ,2ª Vara Criminal (crimes dolosos contra a vida e Presidência do Tribunal do Júri),2026-01-31,3,100.0,3
JATAÍ,2ª Vara Cível,2025-11-30,3,95.49,1
JATAÍ,2ª Vara Cível,2025-12-31,3,95.62,2
JATAÍ,2ª Vara Cível,2026-01-31,3,95.76,3
JATAÍ,Juizado Especial Cível e Criminal,2025-11-30,3,92.78,1
JATAÍ,Juizado Especial Cível e Criminal,2025-12-31,3,94.33,2
JATAÍ,Juizado Especial Cível e Criminal,2026-01-31,3,95.87,3
JATAÍ,Juizado de Violência Doméstica e Familiar Contra a Mulher,2025-11-30,3,94.55,1
JATAÍ,Juizado de Violência Doméstica e Familiar Contra a Mulher,2025-12-31,3,95.29,2
JATAÍ,Juizado de Violência Doméstica e Familiar Contra a Mulher,2026-01-31,3,96.02,3
JATAÍ,Vara de Família e Sucessões,2025-11-30,3,82.35,1
JATAÍ,Vara de Família e Sucessões,2025-12-31,3,83.27,2
JATAÍ,Vara de Família e Sucessões,2026-01-31,3,84.19,3
JATAÍ,"Vara de Fazendas Públicas, Registros Públicos e Infância e Juventude",2025-11-30,3,91.19,1
JATAÍ,"Vara de Fazendas Públicas, Registros Públicos e Infância e Juventude",2025-12-31,3,91.26,2
JATAÍ,"Vara de Fazendas Públicas, Registros Públicos e Infância e Juventude",2026-01-31,3,91.34,3
JOVIÂNIA,Vara Judicial,2025-11-30,3,100.0,1
JOVIÂNIA,Vara Judicial,2025-12-31,3,100.0,2
JOVIÂNIA,Vara Judicial,2026-01-31,3,100.0,3
JUSSARA,"1ª Vara Judicial (Família e Sucessões, Infância e Juventude, Cível e Juizado Especial Cível)",2025-11-30,3,93.2,1
JUSSARA,"1ª Vara Judicial (Família e Sucessões, Infância e Juventude, Cível e Juizado Especial Cível)",2025-12-31,3,93.65,2
JUSSARA,"1ª Vara Judicial (Família e Sucessões, Infância e Juventude, Cível e Juizado Especial Cível)",2026-01-31,3,94.1,3
JUSSARA,"2ª Vara Judicial (Fazendas Públicas, Criminal, Execução Penal e Juizado Criminal)",2025-11-30,3,91.19,1
JUSSARA,"2ª Vara Judicial (Fazendas Públicas, Criminal, Execução Penal e Juizado Criminal)",2025-12-31,3,91.39,2
JUSSARA,"2ª Vara Judicial (Fazendas Públicas, Criminal, Execução Penal e Juizado Criminal)",2026-01-31,3,91.59,3
LEOPOLDO DE BULHÕES,Vara Judicial,2025-11-30,3,89.48,1
LEOPOLDO DE BULHÕES,Vara Judicial,2025-12-31,3,89.52,2
LEOPOLDO DE BULHÕES,Vara Judicial,2026-01-31,3,89.56,3
LUZIÂNIA,1ª Vara (Cível e da Faz. Púb. Estadual),2025-11-30,3,94.95,1
LUZIÂNIA,1ª Vara (Cível e da Faz. Púb. Estadual),2025-12-31,3,95.0,2
LUZIÂNIA,1ª Vara (Cível e da Faz. Púb. Estadual),2026-01-31,3,95.05,3
LUZIÂNIA,"1ª Vara Criminal (crimes dolosos contra a vida, Pres. Trib do Juri e Execuções Penais)",2025-11-30,3,92.98,1
LUZIÂNIA,"1ª Vara Criminal (crimes dolosos contra a vida, Pres. Trib do Juri e Execuções Penais)",2025-12-31,3,94.34,2
LUZIÂNIA,"1ª Vara Criminal (crimes dolosos contra a vida, Pres. Trib do Juri e Execuções Penais)",2026-01-31,3,95.69,3
LUZIÂNIA,1ª Vara de Família e Sucessões,2025-11-30,3,91.93,1
LUZIÂNIA,1ª Vara de Família e Sucessões,2025-12-31,3,93.02,2
LUZIÂNIA,1ª Vara de Família e Sucessões,2026-01-31,3,94.11,3
LUZIÂNIA,1° Juizado Especial Cível e Criminal,2025-11-30,3,85.77,1
LUZIÂNIA,1° Juizado Especial Cível e Criminal,2025-12-31,3,87.15,2
LUZIÂNIA,1° Juizado Especial Cível e Criminal,2026-01-31,3,88.54,3
LUZIÂNIA,1° Juizado de Violência Doméstica e Familiar contra a Mulher,2025-11-30,3,100.0,1
LUZIÂNIA,1° Juizado de Violência Doméstica e Familiar contra a Mulher,2025-12-31,3,100.0,2
LUZIÂNIA,1° Juizado de Violência Doméstica e Familiar contra a Mulher,2026-01-31,3,100.0,3
LUZIÂNIA,"2ª Vara (Cível, da Faz. Púb. Mun., de Reg. Púb. e Amb.)",2025-11-30,3,95.12,1
LUZIÂNIA,"2ª Vara (Cível, da Faz. Púb. Mun., de Reg. Púb. e Amb.)",2025-12-31,3,95.09,2
LUZIÂNIA,"2ª Vara (Cível, da Faz. Púb. Mun., de Reg. Púb. e Amb.)",2026-01-31,3,95.05,3
LUZIÂNIA,2ª Vara Criminal (crimes em geral),2025-11-30,3,96.74,1
LUZIÂNIA,2ª Vara Criminal (crimes em geral),2025-12-31,3,97.04,2
LUZIÂNIA,2ª Vara Criminal (crimes em geral),2026-01-31,3,97.33,3
LUZIÂNIA,2ª Vara de Família e Sucessões,2025-11-30,3,98.01,1
LUZIÂNIA,2ª Vara de Família e Sucessões,2025-12-31,3,98.73,2
LUZIÂNIA,2ª Vara de Família e Sucessões,2026-01-31,3,99.45,3
LUZIÂNIA,2° Juizado de Violência Doméstica e Familiar contra a Mulher,2025-11-30,3,100.0,1
LUZIÂNIA,2° Juizado de Violência Doméstica e Familiar contra a Mulher,2025-12-31,3,100.0,2
LUZIÂNIA,2° Juizado de Violência Doméstica e Familiar contra a Mulher,2026-01-31,3,100.0,3
LUZIÂNIA,Juizado da Infância e da Juventude,2025-11-30,3,76.76,1
LUZIÂNIA,Juizado da Infância e da Juventude,2025-12-31,3,76.53,2
LUZIÂNIA,Juizado da Infância e da Juventude,2026-01-31,3,76.3,3
MARA ROSA,Vara Judicial,2025-11-30,3,93.57,1
MARA ROSA,Vara Judicial,2025-12-31,3,93.86,2
MARA ROSA,Vara Judicial,2026-01-31,3,94.16,3
MAURILÂNDIA,Vara Judicial,2025-11-30,3,93.43,1
MAURILÂNDIA,Vara Judicial,2025-12-31,3,93.84,2
MAURILÂNDIA,Vara Judicial,2026-01-31,3,94.24,3
MINAÇU,"Vara Criminal (crime em geral, crimes dolosos contra a vida e Pres. do Trib. do Júri, Execução Penal e Juizado Especial Criminal)",2025-11-30,3,97.27,1
MINAÇU,"Vara Criminal (crime em geral, crimes dolosos contra a vida e Pres. do Trib. do Júri, Execução Penal e Juizado Especial Criminal)",2025-12-31,3,98.58,2
MINAÇU,"Vara Criminal (crime em geral, crimes dolosos contra a vida e Pres. do Trib. do Júri, Execução Penal e Juizado Especial Criminal)",2026-01-31,3,99.89,3
MINAÇU,"Vara Cível, Infância e Juventude e Juizado Especial Cível",2025-11-30,3,85.14,1
MINAÇU,"Vara Cível, Infância e Juventude e Juizado Especial Cível",2025-12-31,3,85.17,2
MINAÇU,"Vara Cível, Infância e Juventude e Juizado Especial Cível",2026-01-31,3,85.19,3
MINAÇU,Vara das Fazendas Públicas e Registro Público e de Família e Sucessões,2025-11-30,3,84.66,1
MINAÇU,Vara das Fazendas Públicas e Registro Público e de Família e Sucessões,2025-12-31,3,84.75,2
MINAÇU,Vara das Fazendas Públicas e Registro Público e de Família e Sucessões,2026-01-31,3,84.85,3
MINEIROS,1ª Vara (Cível e da Inf. e da Juventude),2025-11-30,3,96.03,1
MINEIROS,1ª Vara (Cível e da Inf. e da Juventude),2025-12-31,3,96.15,2
MINEIROS,1ª Vara (Cível e da Inf. e da Juventude),2026-01-31,3,96.28,3
MINEIROS,1ª Vara Criminal (Crimes em Geral e Execuções Penais),2025-11-30,3,96.57,1
MINEIROS,1ª Vara Criminal (Crimes em Geral e Execuções Penais),2025-12-31,3,96.89,2
MINEIROS,1ª Vara Criminal (Crimes em Geral e Execuções Penais),2026-01-31,3,97.21,3
MINEIROS,"2ª Vara (Cív, das Faz Púb, de Reg Púb. e Amb.)",2025-11-30,3,92.33,1
MINEIROS,"2ª Vara (Cív, das Faz Púb, de Reg Púb. e Amb.)",2025-12-31,3,92.27,2
MINEIROS,"2ª Vara (Cív, das Faz Púb, de Reg Púb. e Amb.)",2026-01-31,3,92.21,3
MINEIROS,"2ª Vara Criminal (Crimes em Geral, Crimes Dolosos contra a Vida e Presidência do Tribunal do Júri e Crimes Envolvendo Violência Doméstica - Lei 11.340/2006)",2025-11-30,3,98.74,1
MINEIROS,"2ª Vara Criminal (Crimes em Geral, Crimes Dolosos contra a Vida e Presidência do Tribunal do Júri e Crimes Envolvendo Violência Doméstica - Lei 11.340/2006)",2025-12-31,3,98.96,2
MINEIROS,"2ª Vara Criminal (Crimes em Geral, Crimes Dolosos contra a Vida e Presidência do Tribunal do Júri e Crimes Envolvendo Violência Doméstica - Lei 11.340/2006)",2026-01-31,3,99.19,3
MINEIROS,Juizado Especial Cível e Criminal,2025-11-30,3,89.31,1
MINEIROS,Juizado Especial Cível e Criminal,2025-12-31,3,89.92,2
MINEIROS,Juizado Especial Cível e Criminal,2026-01-31,3,90.53,3
MINEIROS,"Vara de Família, Sucessões e Cível",2025-11-30,3,96.79,1
MINEIROS,"Vara de Família, Sucessões e Cível",2025-12-31,3,96.93,2
MINEIROS,"Vara de Família, Sucessões e Cível",2026-01-31,3,97.06,3
MONTES CLAROS DE GOIÁS,Vara Judicial,2025-11-30,3,100.0,1
MONTES CLAROS DE GOIÁS,Vara Judicial,2025-12-31,3,100.0,2
MONTES CLAROS DE GOIÁS,Vara Judicial,2026-01-31,3,100.0,3
MONTIVIDIU,Vara Judicial,2025-11-30,3,95.2,1
MONTIVIDIU,Vara Judicial,2025-12-31,3,95.2,2
MONTIVIDIU,Vara Judicial,2026-01-31,3,95.2,3
MORRINHOS,"1ª Vara (Cív., Criminal - crime em geral e exec. penais - e da Inf. e da Juv.)",2025-11-30,3,99.82,1
MORRINHOS,"1ª Vara (Cív., Criminal - crime em geral e exec. penais - e da Inf. e da Juv.)",2025-12-31,3,100.0,2
MORRINHOS,"1ª Vara (Cív., Criminal - crime em geral e exec. penais - e da Inf. e da Juv.)",2026-01-31,3,100.0,3
MORRINHOS,"2ª Vara (Cív. Criminal crime em geral, crimes dolosos contra a vida e Pres. do Trib. do Juri, das Faz. Púb. e de Reg. Púb. e Ambiental)",2025-11-30,3,97.44,1
MORRINHOS,"2ª Vara (Cív. Criminal crime em geral, crimes dolosos contra a vida e Pres. do Trib. do Juri, das Faz. Púb. e de Reg. Púb. e Ambiental)",2025-12-31,3,97.81,2
MORRINHOS,"2ª Vara (Cív. Criminal crime em geral, crimes dolosos contra a vida e Pres. do Trib. do Juri, das Faz. Púb. e de Reg. Púb. e Ambiental)",2026-01-31,3,98.17,3
MORRINHOS,Juizado Especial Cível e Criminal,2025-11-30,3,72.59,1
MORRINHOS,Juizado Especial Cível e Criminal,2025-12-31,3,74.57,2
MORRINHOS,Juizado Especial Cível e Criminal,2026-01-31,3,76.56,3
MOSSÂMEDES,Vara Judicial,2025-11-30,3,92.09,1
MOSSÂMEDES,Vara Judicial,2025-12-31,3,92.38,2
MOSSÂMEDES,Vara Judicial,2026-01-31,3,92.68,3
MOZARLÂNDIA,"1ª Vara Judicial (Família e Sucessões, Infância e Juventude, Cível e Juizado Especial Cível)",2025-11-30,3,89.11,1
MOZARLÂNDIA,"1ª Vara Judicial (Família e Sucessões, Infância e Juventude, Cível e Juizado Especial Cível)",2025-12-31,3,89.32,2
MOZARLÂNDIA,"1ª Vara Judicial (Família e Sucessões, Infância e Juventude, Cível e Juizado Especial Cível)",2026-01-31,3,89.54,3
MOZARLÂNDIA,"2ª Vara Judicial (Fazendas Públicas, Criminal, Execução Penal e Juizado Criminal)",2025-11-30,3,94.9,1
MOZARLÂNDIA,"2ª Vara Judicial (Fazendas Públicas, Criminal, Execução Penal e Juizado Criminal)",2025-12-31,3,94.94,2
MOZARLÂNDIA,"2ª Vara Judicial (Fazendas Públicas, Criminal, Execução Penal e Juizado Criminal)",2026-01-31,3,94.97,3
NAZÁRIO,Vara Judicial,2025-11-30,3,94.82,1
NAZÁRIO,Vara Judicial,2025-12-31,3,95.03,2
NAZÁRIO,Vara Judicial,2026-01-31,3,95.24,3
NERÓPOLIS,"1ª Vara Judicial (Família e Sucessões, Infância e Juventude, Cível e Juizado Especial Cível)",2025-11-30,3,86.56,1
NERÓPOLIS,"1ª Vara Judicial (Família e Sucessões, Infância e Juventude, Cível e Juizado Especial Cível)",2025-12-31,3,86.64,2
NERÓPOLIS,"1ª Vara Judicial (Família e Sucessões, Infância e Juventude, Cível e Juizado Especial Cível)",2026-01-31,3,86.72,3
NERÓPOLIS,"2ª Vara Judicial (Fazendas Públicas, Criminal, Execução Penal e Juizado Criminal)",2025-11-30,3,94.3,1
NERÓPOLIS,"2ª Vara Judicial (Fazendas Públicas, Criminal, Execução Penal e Juizado Criminal)",2025-12-31,3,94.58,2
NERÓPOLIS,"2ª Vara Judicial (Fazendas Públicas, Criminal, Execução Penal e Juizado Criminal)",2026-01-31,3,94.85,3
NIQUELÂNDIA,"Vara Criminal (crime em geral, crimes dolosos contra a vida e Pres. do Trib. do Júri Execução Penal e Infância e Juventude Infracional) e Juizado Especial Criminal",2025-11-30,3,97.57,1
NIQUELÂNDIA,"Vara Criminal (crime em geral, crimes dolosos contra a vida e Pres. do Trib. do Júri Execução Penal e Infância e Juventude Infracional) e Juizado Especial Criminal",2025-12-31,3,97.76,2
NIQUELÂNDIA,"Vara Criminal (crime em geral, crimes dolosos contra a vida e Pres. do Trib. do Júri Execução Penal e Infância e Juventude Infracional) e Juizado Especial Criminal",2026-01-31,3,97.94,3
NIQUELÂNDIA,Vara Cível e Juizado Especial Cível,2025-11-30,3,90.87,1
NIQUELÂNDIA,Vara Cível e Juizado Especial Cível,2025-12-31,3,91.08,2
NIQUELÂNDIA,Vara Cível e Juizado Especial Cível,2026-01-31,3,91.3,3
NIQUELÂNDIA,"Vara de Família, Sucessões, da Infância e da Juventude Cível e das Fazendas Públicas e Registro Público",2025-11-30,3,91.82,1
NIQUELÂNDIA,"Vara de Família, Sucessões, da Infância e da Juventude Cível e das Fazendas Públicas e Registro Público",2025-12-31,3,91.89,2
NIQUELÂNDIA,"Vara de Família, Sucessões, da Infância e da Juventude Cível e das Fazendas Públicas e Registro Público",2026-01-31,3,91.96,3
NOVA CRIXÁS,Vara Judicial,2025-11-30,3,95.09,1
NOVA CRIXÁS,Vara Judicial,2025-12-31,3,95.25,2
NOVA CRIXÁS,Vara Judicial,2026-01-31,3,95.41,3
NOVO GAMA,"1ª Vara (Cível, de Família, Sucessões e da Infância e da Juventude)",2025-11-30,3,91.75,1
NOVO GAMA,"1ª Vara (Cível, de Família, Sucessões e da Infância e da Juventude)",2025-12-31,3,91.88,2
NOVO GAMA,"1ª Vara (Cível, de Família, Sucessões e da Infância e da Juventude)",2026-01-31,3,92.01,3
NOVO GAMA,"1ª Vara Criminal (Crimes em Geral, Crimes Dolosos Contra a Vida e Execução Penal) e Juizado Especial Criminal",2025-11-30,3,100.0,1
NOVO GAMA,"1ª Vara Criminal (Crimes em Geral, Crimes Dolosos Contra a Vida e Execução Penal) e Juizado Especial Criminal",2025-12-31,3,100.0,2
NOVO GAMA,"1ª Vara Criminal (Crimes em Geral, Crimes Dolosos Contra a Vida e Execução Penal) e Juizado Especial Criminal",2026-01-31,3,100.0,3
NOVO GAMA,"2ª Vara (Cível, das Fazendas Públicas, de Registros Públicos e Ambiental) e Juizado Especial Cível",2025-11-30,3,85.02,1
NOVO GAMA,"2ª Vara (Cível, das Fazendas Públicas, de Registros Públicos e Ambiental) e Juizado Especial Cível",2025-12-31,3,85.14,2
NOVO GAMA,"2ª Vara (Cível, das Fazendas Públicas, de Registros Públicos e Ambiental) e Juizado Especial Cível",2026-01-31,3,85.26,3
NOVO GAMA,2ª Vara Criminal (crimes em geral e crimes envolvendo violência doméstica),2025-11-30,3,90.43,1
NOVO GAMA,2ª Vara Criminal (crimes em geral e crimes envolvendo violência doméstica),2025-12-31,3,91.58,2
NOVO GAMA,2ª Vara Criminal (crimes em geral e crimes envolvendo violência doméstica),2026-01-31,3,92.73,3
ORIZONA,Vara Judicial,2025-11-30,3,99.83,1
ORIZONA,Vara Judicial,2025-12-31,3,100.0,2
ORIZONA,Vara Judicial,2026-01-31,3,100.0,3
PADRE BERNARDO,"1ª Vara Judicial (Família e Sucessões, Infância e Juventude, Cível e Juizado Especial Cível)",2025-11-30,3,100.0,1
PADRE BERNARDO,"1ª Vara Judicial (Família e Sucessões, Infância e Juventude, Cível e Juizado Especial Cível)",2025-12-31,3,100.0,2
PADRE BERNARDO,"1ª Vara Judicial (Família e Sucessões, Infância e Juventude, Cível e Juizado Especial Cível)",2026-01-31,3,100.0,3
PADRE BERNARDO,"2ª Vara Judicial (Fazendas Públicas, Criminal, Execução Penal e Juizado Criminal)",2025-11-30,3,100.0,1
PADRE BERNARDO,"2ª Vara Judicial (Fazendas Públicas, Criminal, Execução Penal e Juizado Criminal)",2025-12-31,3,100.0,2
PADRE BERNARDO,"2ª Vara Judicial (Fazendas Públicas, Criminal, Execução Penal e Juizado Criminal)",2026-01-31,3,100.0,3
PALMEIRAS DE GOIÁS,Vara Judicial,2025-11-30,3,98.32,1
PALMEIRAS DE GOIÁS,Vara Judicial,2025-12-31,3,98.64,2
PALMEIRAS DE GOIÁS,Vara Judicial,2026-01-31,3,98.96,3
PARANAIGUARA,Vara Judicial,2025-11-30,3,100.0,1
PARANAIGUARA,Vara Judicial,2025-12-31,3,100.0,2
PARANAIGUARA,Vara Judicial,2026-01-31,3,100.0,3
PARAÚNA,Vara Judicial,2025-11-30,3,94.12,1
PARAÚNA,Vara Judicial,2025-12-31,3,94.33,2
PARAÚNA,Vara Judicial,2026-01-31,3,94.55,3
PETROLINA DE GOIÁS,Vara Judicial,2025-11-30,3,96.94,1
PETROLINA DE GOIÁS,Vara Judicial,2025-12-31,3,97.17,2
PETROLINA DE GOIÁS,Vara Judicial,2026-01-31,3,97.39,3
PIRACANJUBA,"1ª Vara Judicial (Família e Sucessões, Infância e Juventude, Cível e Juizado Especial Cível)",2025-11-30,3,97.99,1
PIRACANJUBA,"1ª Vara Judicial (Família e Sucessões, Infância e Juventude, Cível e Juizado Especial Cível)",2025-12-31,3,98.69,2
PIRACANJUBA,"1ª Vara Judicial (Família e Sucessões, Infância e Juventude, Cível e Juizado Especial Cível)",2026-01-31,3,99.39,3
PIRACANJUBA,"2ª Vara Judicial (Fazendas Públicas, Criminal, Execução Penal e Juizado Criminal)",2025-11-30,3,94.87,1
PIRACANJUBA,"2ª Vara Judicial (Fazendas Públicas, Criminal, Execução Penal e Juizado Criminal)",2025-12-31,3,95.69,2
PIRACANJUBA,"2ª Vara Judicial (Fazendas Públicas, Criminal, Execução Penal e Juizado Criminal)",2026-01-31,3,96.52,3
PIRANHAS,Vara Judicial,2025-11-30,3,99.06,1
PIRANHAS,Vara Judicial,2025-12-31,3,99.67,2
PIRANHAS,Vara Judicial,2026-01-31,3,100.0,3
PIRENÓPOLIS,"1ª Vara Judicial (Família e Sucessões, Infância e Juventude, Cível e Juizado Especial Cível)",2025-11-30,3,87.63,1
PIRENÓPOLIS,"1ª Vara Judicial (Família e Sucessões, Infância e Juventude, Cível e Juizado Especial Cível)",2025-12-31,3,87.97,2
PIRENÓPOLIS,"1ª Vara Judicial (Família e Sucessões, Infância e Juventude, Cível e Juizado Especial Cível)",2026-01-31,3,88.32,3
PIRENÓPOLIS,"2ª Vara Judicial (Fazendas Públicas, Criminal, Execução Penal e Juizado Criminal)",2025-11-30,3,97.74,1
PIRENÓPOLIS,"2ª Vara Judicial (Fazendas Públicas, Criminal, Execução Penal e Juizado Criminal)",2025-12-31,3,98.3,2
PIRENÓPOLIS,"2ª Vara Judicial (Fazendas Públicas, Criminal, Execução Penal e Juizado Criminal)",2026-01-31,3,98.86,3
PIRES DO RIO,"1ª Vara Judicial (Família e Sucessões, Infância e Juventude, Cível e Juizado Especial Cível)",2025-11-30,3,100.0,1
PIRES DO RIO,"1ª Vara Judicial (Família e Sucessões, Infância e Juventude, Cível e Juizado Especial Cível)",2025-12-31,3,100.0,2
PIRES DO RIO,"1ª Vara Judicial (Família e Sucessões, Infância e Juventude, Cível e Juizado Especial Cível)",2026-01-31,3,100.0,3
PIRES DO RIO,"2ª Vara Judicial (Fazendas Públicas, Criminal, Execução Penal e Juizado Criminal)",2025-11-30,3,92.21,1
PIRES DO RIO,"2ª Vara Judicial (Fazendas Públicas, Criminal, Execução Penal e Juizado Criminal)",2025-12-31,3,93.16,2
PIRES DO RIO,"2ª Vara Judicial (Fazendas Públicas, Criminal, Execução Penal e Juizado Criminal)",2026-01-31,3,94.1,3
PLANALTINA,"1ª Vara (Cível, de Família, Sucessões e da Infância e da Juventude)",2025-11-30,3,100.0,1
PLANALTINA,"1ª Vara (Cível, de Família, Sucessões e da Infância e da Juventude)",2025-12-31,3,100.0,2
PLANALTINA,"1ª Vara (Cível, de Família, Sucessões e da Infância e da Juventude)",2026-01-31,3,100.0,3
PLANALTINA,"1ª Vara Criminal (crimes dolosos contra a vida e Presidência do Tribunal do Júri, Execução Penal e crimes envolvendo violência doméstica)",2025-11-30,3,95.37,1
PLANALTINA,"1ª Vara Criminal (crimes dolosos contra a vida e Presidência do Tribunal do Júri, Execução Penal e crimes envolvendo violência doméstica)",2025-12-31,3,96.05,2
PLANALTINA,"1ª Vara Criminal (crimes dolosos contra a vida e Presidência do Tribunal do Júri, Execução Penal e crimes envolvendo violência doméstica)",2026-01-31,3,96.72,3
PLANALTINA,"2ª Vara (Cível, das Fazendas Públicas, de Registros Públicos e Ambiental)",2025-11-30,3,94.65,1
PLANALTINA,"2ª Vara (Cível, das Fazendas Públicas, de Registros Públicos e Ambiental)",2025-12-31,3,94.61,2
PLANALTINA,"2ª Vara (Cível, das Fazendas Públicas, de Registros Públicos e Ambiental)",2026-01-31,3,94.57,3
PLANALTINA,2ª Vara Criminal (crimes em geral),2025-11-30,3,88.75,1
PLANALTINA,2ª Vara Criminal (crimes em geral),2025-12-31,3,89.95,2
PLANALTINA,2ª Vara Criminal (crimes em geral),2026-01-31,3,91.14,3
PLANALTINA,Juizado Especial Cível e Criminal,2025-11-30,3,94.75,1
PLANALTINA,Juizado Especial Cível e Criminal,2025-12-31,3,94.98,2
PLANALTINA,Juizado Especial Cível e Criminal,2026-01-31,3,95.2,3
PONTALINA,Vara Judicial,2025-11-30,3,97.9,1
PONTALINA,Vara Judicial,2025-12-31,3,98.46,2
PONTALINA,Vara Judicial,2026-01-31,3,99.01,3
PORANGATU,"1ª Vara Cível, de Família e Sucessões e da Infância e Juventude",2025-11-30,3,93.63,1
PORANGATU,"1ª Vara Cível, de Família e Sucessões e da Infância e Juventude",2025-12-31,3,93.85,2
PORANGATU,"1ª Vara Cível, de Família e Sucessões e da Infância e Juventude",2026-01-31,3,94.06,3
PORANGATU,"2ª Vara Cível, das Fazendas Públicas e de Registros Públicos",2025-11-30,3,91.28,1
PORANGATU,"2ª Vara Cível, das Fazendas Públicas e de Registros Públicos",2025-12-31,3,91.16,2
PORANGATU,"2ª Vara Cível, das Fazendas Públicas e de Registros Públicos",2026-01-31,3,91.03,3
PORANGATU,Juizado Especial Cível e Criminal,2025-11-30,3,93.47,1
PORANGATU,Juizado Especial Cível e Criminal,2025-12-31,3,95.67,2
PORANGATU,Juizado Especial Cível e Criminal,2026-01-31,3,97.87,3
PORANGATU,Vara Criminal,2025-11-30,3,100.0,1
PORANGATU,Vara Criminal,2025-12-31,3,100.0,2
PORANGATU,Vara Criminal,2026-01-31,3,100.0,3
POSSE,"1ª Vara Judicial (Família e Sucessões, Infância e Juventude, Cível, de Registros Públicos, Ambiental e Juizado Especial Cível)",2025-11-30,3,95.09,1
POSSE,"1ª Vara Judicial (Família e Sucessões, Infância e Juventude, Cível, de Registros Públicos, Ambiental e Juizado Especial Cível)",2025-12-31,3,95.62,2
POSSE,"1ª Vara Judicial (Família e Sucessões, Infância e Juventude, Cível, de Registros Públicos, Ambiental e Juizado Especial Cível)",2026-01-31,3,96.15,3
POSSE,"2ª Vara Judicial (Fazendas Públicas, Criminal, Execução Penal e Juizado Especial Criminal)",2025-11-30,3,95.35,1
POSSE,"2ª Vara Judicial (Fazendas Públicas, Criminal, Execução Penal e Juizado Especial Criminal)",2025-12-31,3,95.54,2
POSSE,"2ª Vara Judicial (Fazendas Públicas, Criminal, Execução Penal e Juizado Especial Criminal)",2026-01-31,3,95.72,3
QUIRINÓPOLIS,1ª Vara (Cível e da Inf. e da Juv.),2025-11-30,3,92.77,1
QUIRINÓPOLIS,1ª Vara (Cível e da Inf. e da Juv.),2025-12-31,3,92.83,2
QUIRINÓPOLIS,1ª Vara (Cível e da Inf. e da Juv.),2026-01-31,3,92.89,3
QUIRINÓPOLIS,"2ª Vara (Cível, das Faz. Púb., de Reg. Púb. e Ambiental)",2025-11-30,3,95.53,1
QUIRINÓPOLIS,"2ª Vara (Cível, das Faz. Púb., de Reg. Púb. e Ambiental)",2025-12-31,3,95.46,2
QUIRINÓPOLIS,"2ª Vara (Cível, das Faz. Púb., de Reg. Púb. e Ambiental)",2026-01-31,3,95.4,3
QUIRINÓPOLIS,Juizado Especial Cível e Criminal,2025-11-30,3,94.96,1
QUIRINÓPOLIS,Juizado Especial Cível e Criminal,2025-12-31,3,96.6,2
QUIRINÓPOLIS,Juizado Especial Cível e Criminal,2026-01-31,3,98.24,3
QUIRINÓPOLIS,Vara Criminal,2025-11-30,3,94.48,1
QUIRINÓPOLIS,Vara Criminal,2025-12-31,3,95.18,2
QUIRINÓPOLIS,Vara Criminal,2026-01-31,3,95.88,3
RIALMA,Vara Judicial,2025-11-30,3,89.22,1
RIALMA,Vara Judicial,2025-12-31,3,89.33,2
RIALMA,Vara Judicial,2026-01-31,3,89.44,3
RIO VERDE,1ª Vara Cível,2025-11-30,3,96.51,1
RIO VERDE,1ª Vara Cível,2025-12-31,3,96.69,2
RIO VERDE,1ª Vara Cível,2026-01-31,3,96.87,3
RIO VERDE,1ª Vara de Família e Sucessões,2025-11-30,3,93.29,1
RIO VERDE,1ª Vara de Família e Sucessões,2025-12-31,3,94.56,2
RIO VERDE,1ª Vara de Família e Sucessões,2026-01-31,3,95.83,3
RIO VERDE,1º Juizado Especial Cível e Criminal,2025-11-30,3,56.72,1
RIO VERDE,1º Juizado Especial Cível e Criminal,2025-12-31,3,58.28,2
RIO VERDE,1º Juizado Especial Cível e Criminal,2026-01-31,3,59.84,3
RIO VERDE,2ª Vara Criminal (crimes em geral),2025-11-30,3,100.0,1
RIO VERDE,2ª Vara Criminal (crimes em geral),2025-12-31,3,100.0,2
RIO VERDE,2ª Vara Criminal (crimes em geral),2026-01-31,3,100.0,3
RIO VERDE,2ª Vara Cível,2025-11-30,3,95.76,1
RIO VERDE,2ª Vara Cível,2025-12-31,3,95.83,2
RIO VERDE,2ª Vara Cível,2026-01-31,3,95.9,3
RIO VERDE,2ª Vara de Família e Sucessões,2025-11-30,3,93.97,1
RIO VERDE,2ª Vara de Família e Sucessões,2025-12-31,3,95.41,2
RIO VERDE,2ª Vara de Família e Sucessões,2026-01-31,3,96.85,3
RIO VERDE,2º Juizado Especial Cível e Criminal,2025-11-30,3,63.03,1
RIO VERDE,2º Juizado Especial Cível e Criminal,2025-12-31,3,64.54,2
RIO VERDE,2º Juizado Especial Cível e Criminal,2026-01-31,3,66.05,3
RIO VERDE,3ª Vara Criminal (crimes em geral),2025-11-30,3,98.28,1
RIO VERDE,3ª Vara Criminal (crimes em geral),2025-12-31,3,98.83,2
RIO VERDE,3ª Vara Criminal (crimes em geral),2026-01-31,3,99.39,3
RIO VERDE,3ª Vara Cível,2025-11-30,3,96.19,1
RIO VERDE,3ª Vara Cível,2025-12-31,3,96.33,2
RIO VERDE,3ª Vara Cível,2026-01-31,3,96.48,3
RIO VERDE,4ª Vara Criminal (crimes dolosos contra a vida e Presidência do Tribunal do Júri),2025-11-30,3,84.88,1
RIO VERDE,4ª Vara Criminal (crimes dolosos contra a vida e Presidência do Tribunal do Júri),2025-12-31,3,85.68,2
RIO VERDE,4ª Vara Criminal (crimes dolosos contra a vida e Presidência do Tribunal do Júri),2026-01-31,3,86.48,3
RIO VERDE,Juizado da Infância e da Juventude,2025-11-30,3,90.3,1
RIO VERDE,Juizado da Infância e da Juventude,2025-12-31,3,92.27,2
RIO VERDE,Juizado da Infância e da Juventude,2026-01-31,3,94.24,3
RIO VERDE,Juizado de Violência Doméstica e Familiar Contra a Mulher,2025-11-30,3,100.0,1
RIO VERDE,Juizado de Violência Doméstica e Familiar Contra a Mulher,2025-12-31,3,100.0,2
RIO VERDE,Juizado de Violência Doméstica e Familiar Contra a Mulher,2026-01-31,3,100.0,3
RIO VERDE,"Vara das Faz. Púb., de Reg. Púb. e Amb.",2025-11-30,3,92.74,1
RIO VERDE,"Vara das Faz. Púb., de Reg. Púb. e Amb.",2025-12-31,3,92.65,2
RIO VERDE,"Vara das Faz. Púb., de Reg. Púb. e Amb.",2026-01-31,3,92.57,3
RUBIATABA,"1ª Vara Judicial (Família e Sucessões, Infância e Juventude, Cível e Juizado Especial Cível)",2025-11-30,3,99.28,1
RUBIATABA,"1ª Vara Judicial (Família e Sucessões, Infância e Juventude, Cível e Juizado Especial Cível)",2025-12-31,3,99.98,2
RUBIATABA,"1ª Vara Judicial (Família e Sucessões, Infância e Juventude, Cível e Juizado Especial Cível)",2026-01-31,3,100.0,3
RUBIATABA,"2ª Vara Judicial (Fazendas Públicas, Criminal, Execução Penal e Juizado Criminal)",2025-11-30,3,97.67,1
RUBIATABA,"2ª Vara Judicial (Fazendas Públicas, Criminal, Execução Penal e Juizado Criminal)",2025-12-31,3,97.93,2
RUBIATABA,"2ª Vara Judicial (Fazendas Públicas, Criminal, Execução Penal e Juizado Criminal)",2026-01-31,3,98.19,3
SANCLERLÂNDIA,Vara Judicial,2025-11-30,3,99.3,1
SANCLERLÂNDIA,Vara Judicial,2025-12-31,3,99.93,2
SANCLERLÂNDIA,Vara Judicial,2026-01-31,3,100.0,3
SANTA CRUZ DE GOIÁS,Vara Judicial,2025-11-30,3,90.67,1
SANTA CRUZ DE GOIÁS,Vara Judicial,2025-12-31,3,90.9,2
SANTA CRUZ DE GOIÁS,Vara Judicial,2026-01-31,3,91.13,3
SANTA HELENA DE GOIÁS,"1ª Vara (Cív., Criminal - crime em geral e exec. penais - e da Inf. e da Juv.)",2025-11-30,3,98.3,1
SANTA HELENA DE GOIÁS,"1ª Vara (Cív., Criminal - crime em geral e exec. penais - e da Inf. e da Juv.)",2025-12-31,3,98.71,2
SANTA HELENA DE GOIÁS,"1ª Vara (Cív., Criminal - crime em geral e exec. penais - e da Inf. e da Juv.)",2026-01-31,3,99.12,3
SANTA HELENA DE GOIÁS,"2ª Vara (Cív., Criminal – crime em geral, crimes dolosos contra a vida e Pres. do Trib. do Juri, das Faz. Púb. e de Reg. Púb.)",2025-11-30,3,97.84,1
SANTA HELENA DE GOIÁS,"2ª Vara (Cív., Criminal – crime em geral, crimes dolosos contra a vida e Pres. do Trib. do Juri, das Faz. Púb. e de Reg. Púb.)",2025-12-31,3,98.33,2
SANTA HELENA DE GOIÁS,"2ª Vara (Cív., Criminal – crime em geral, crimes dolosos contra a vida e Pres. do Trib. do Juri, das Faz. Púb. e de Reg. Púb.)",2026-01-31,3,98.81,3
SANTA HELENA DE GOIÁS,Juizado Especial Cível e Criminal,2025-11-30,3,65.76,1
SANTA HELENA DE GOIÁS,Juizado Especial Cível e Criminal,2025-12-31,3,67.24,2
SANTA HELENA DE GOIÁS,Juizado Especial Cível e Criminal,2026-01-31,3,68.72,3
SANTA TEREZINHA DE GOIÁS,Vara Judicial,2025-11-30,3,96.78,1
SANTA TEREZINHA DE GOIÁS,Vara Judicial,2025-12-31,3,97.1,2
SANTA TEREZINHA DE GOIÁS,Vara Judicial,2026-01-31,3,97.42,3
SANTO ANTÔNIO DO DESCOBERTO,"1ª Vara (Cível, de Família, Sucessões e da Infância e da Juventude)",2025-11-30,3,92.74,1
SANTO ANTÔNIO DO DESCOBERTO,"1ª Vara (Cível, de Família, Sucessões e da Infância e da Juventude)",2025-12-31,3,93.23,2
SANTO ANTÔNIO DO DESCOBERTO,"1ª Vara (Cível, de Família, Sucessões e da Infância e da Juventude)",2026-01-31,3,93.72,3
SANTO ANTÔNIO DO DESCOBERTO,"2ª Vara (Cível, das Fazendas Públicas, de Registros Públicos e Ambiental)",2025-11-30,3,92.05,1
SANTO ANTÔNIO DO DESCOBERTO,"2ª Vara (Cível, das Fazendas Públicas, de Registros Públicos e Ambiental)",2025-12-31,3,92.05,2
SANTO ANTÔNIO DO DESCOBERTO,"2ª Vara (Cível, das Fazendas Públicas, de Registros Públicos e Ambiental)",2026-01-31,3,92.04,3
SANTO ANTÔNIO DO DESCOBERTO,Juizado Especial Cível e Criminal,2025-11-30,3,92.02,1
SANTO ANTÔNIO DO DESCOBERTO,Juizado Especial Cível e Criminal,2025-12-31,3,93.11,2
SANTO ANTÔNIO DO DESCOBERTO,Juizado Especial Cível e Criminal,2026-01-31,3,94.2,3
SANTO ANTÔNIO DO DESCOBERTO,Vara Criminal,2025-11-30,3,96.6,1
SANTO ANTÔNIO DO DESCOBERTO,Vara Criminal,2025-12-31,3,96.79,2
SANTO ANTÔNIO DO DESCOBERTO,Vara Criminal,2026-01-31,3,96.98,3
SENADOR CANEDO,1ª Vara Criminal (crimes em geral e execuções penais),2025-11-30,3,96.2,1
SENADOR CANEDO,1ª Vara Criminal (crimes em geral e execuções penais),2025-12-31,3,96.62,2
SENADOR CANEDO,1ª Vara Criminal (crimes em geral e execuções penais),2026-01-31,3,97.04,3
SENADOR CANEDO,1ª Vara Cível,2025-11-30,3,92.04,1
SENADOR CANEDO,1ª Vara Cível,2025-12-31,3,92.22,2
SENADOR CANEDO,1ª Vara Cível,2026-01-31,3,92.4,3
SENADOR CANEDO,"2ª Vara Criminal (Crimes em geral, Crimes dolosos contra a vida e Presidência do Tribunal do Júri e Crimes envolvendo Violência Doméstica)",2025-11-30,3,95.85,1
SENADOR CANEDO,"2ª Vara Criminal (Crimes em geral, Crimes dolosos contra a vida e Presidência do Tribunal do Júri e Crimes envolvendo Violência Doméstica)",2025-12-31,3,96.41,2
SENADOR CANEDO,"2ª Vara Criminal (Crimes em geral, Crimes dolosos contra a vida e Presidência do Tribunal do Júri e Crimes envolvendo Violência Doméstica)",2026-01-31,3,96.97,3
SENADOR CANEDO,2ª Vara Cível,2025-11-30,3,88.37,1
SENADOR CANEDO,2ª Vara Cível,2025-12-31,3,88.28,2
SENADOR CANEDO,2ª Vara Cível,2026-01-31,3,88.2,3
SENADOR CANEDO,Juizado Especial Cível e Criminal,2025-11-30,3,86.04,1
SENADOR CANEDO,Juizado Especial Cível e Criminal,2025-12-31,3,86.59,2
SENADOR CANEDO,Juizado Especial Cível e Criminal,2026-01-31,3,87.15,3
SENADOR CANEDO,"Vara de Família, Sucessões e Infância e Juventude",2025-11-30,3,93.79,1
SENADOR CANEDO,"Vara de Família, Sucessões e Infância e Juventude",2025-12-31,3,94.63,2
SENADOR CANEDO,"Vara de Família, Sucessões e Infância e Juventude",2026-01-31,3,95.46,3
SENADOR CANEDO,"Vara de Fazendas Públicas, Registros Públicos e Ambiental",2025-11-30,3,87.31,1
SENADOR CANEDO,"Vara de Fazendas Públicas, Registros Públicos e Ambiental",2025-12-31,3,87.11,2
SENADOR CANEDO,"Vara de Fazendas Públicas, Registros Públicos e Ambiental",2026-01-31,3,86.92,3
SERRANÓPOLIS,Vara Judicial,2025-11-30,3,98.4,1
SERRANÓPOLIS,Vara Judicial,2025-12-31,3,98.82,2
SERRANÓPOLIS,Vara Judicial,2026-01-31,3,99.24,3
SILVÂNIA,Vara Judicial,2025-11-30,3,93.22,1
SILVÂNIA,Vara Judicial,2025-12-31,3,93.19,2
SILVÂNIA,Vara Judicial,2026-01-31,3,93.16,3
SÃO DOMINGOS,Vara Judicial,2025-11-30,3,90.09,1
SÃO DOMINGOS,Vara Judicial,2025-12-31,3,90.49,2
SÃO DOMINGOS,Vara Judicial,2026-01-31,3,90.9,3
SÃO LUÍS DE MONTES BELOS,"Vara Criminal (crime em geral, crimes dolosos contra a vida e Pres. do Trib. do Júri – Execução Penal) e Juizado Criminal",2025-11-30,3,99.57,1
SÃO LUÍS DE MONTES BELOS,"Vara Criminal (crime em geral, crimes dolosos contra a vida e Pres. do Trib. do Júri – Execução Penal) e Juizado Criminal",2025-12-31,3,100.0,2
SÃO LUÍS DE MONTES BELOS,"Vara Criminal (crime em geral, crimes dolosos contra a vida e Pres. do Trib. do Júri – Execução Penal) e Juizado Criminal",2026-01-31,3,100.0,3
SÃO LUÍS DE MONTES BELOS,Vara Cível e Juizado Especial Cível,2025-11-30,3,84.65,1
SÃO LUÍS DE MONTES BELOS,Vara Cível e Juizado Especial Cível,2025-12-31,3,84.72,2
SÃO LUÍS DE MONTES BELOS,Vara Cível e Juizado Especial Cível,2026-01-31,3,84.8,3
SÃO LUÍS DE MONTES BELOS,"Vara das Fazendas Públicas e Registros Públicos, Família e Sucessões e de Infância e da Juventude",2025-11-30,3,94.12,1
SÃO LUÍS DE MONTES BELOS,"Vara das Fazendas Públicas e Registros Públicos, Família e Sucessões e de Infância e da Juventude",2025-12-31,3,94.29,2
SÃO LUÍS DE MONTES BELOS,"Vara das Fazendas Públicas e Registros Públicos, Família e Sucessões e de Infância e da Juventude",2026-01-31,3,94.46,3
SÃO MIGUEL DO ARAGUAIA,"1ª Vara Judicial (Família e Sucessões, Infância e Juventude, Cível e Juizado Especial Cível)",2025-11-30,3,96.08,1
SÃO MIGUEL DO ARAGUAIA,"1ª Vara Judicial (Família e Sucessões, Infância e Juventude, Cível e Juizado Especial Cível)",2025-12-31,3,96.92,2
SÃO MIGUEL DO ARAGUAIA,"1ª Vara Judicial (Família e Sucessões, Infância e Juventude, Cível e Juizado Especial Cível)",2026-01-31,3,97.77,3
SÃO MIGUEL DO ARAGUAIA,"2ª Vara Judicial (Fazendas Públicas, Criminal, Execução Penal e Juizado Criminal)",2025-11-30,3,92.52,1
SÃO MIGUEL DO ARAGUAIA,"2ª Vara Judicial (Fazendas Públicas, Criminal, Execução Penal e Juizado Criminal)",2025-12-31,3,92.84,2
SÃO MIGUEL DO ARAGUAIA,"2ª Vara Judicial (Fazendas Públicas, Criminal, Execução Penal e Juizado Criminal)",2026-01-31,3,93.15,3
SÃO SIMÃO,Vara Judicial,2025-11-30,3,96.38,1
SÃO SIMÃO,Vara Judicial,2025-12-31,3,96.96,2
SÃO SIMÃO,Vara Judicial,2026-01-31,3,97.54,3
TAQUARAL DE GOIÁS,Vara Judicial,2025-11-30,3,94.57,1
TAQUARAL DE GOIÁS,Vara Judicial,2025-12-31,3,94.73,2
TAQUARAL DE GOIÁS,Vara Judicial,2026-01-31,3,94.89,3
TRIBUNAL DE JUSTIÇA,GABINETE DE JUIZ SUBSTITUTO EM 2º GRAU DR. ROGERIO CARVALHO PINHEIRO,2025-11-30,3,5.84,1
TRIBUNAL DE JUSTIÇA,GABINETE DE JUIZ SUBSTITUTO EM 2º GRAU DR. ROGERIO CARVALHO PINHEIRO,2025-12-31,3,6.01,2
TRIBUNAL DE JUSTIÇA,GABINETE DE JUIZ SUBSTITUTO EM 2º GRAU DR. ROGERIO CARVALHO PINHEIRO,2026-01-31,3,6.18,3
TRIBUNAL DE JUSTIÇA,GABINETE DES. ADEGMAR JOSÉ FERREIRA,2025-11-30,3,12.7,1
TRIBUNAL DE JUSTIÇA,GABINETE DES. ADEGMAR JOSÉ FERREIRA,2025-12-31,3,13.1,2
TRIBUNAL DE JUSTIÇA,GABINETE DES. ADEGMAR JOSÉ FERREIRA,2026-01-31,3,13.5,3
TRIBUNAL DE JUSTIÇA,GABINETE DES. ADRIANO ROBERTO LINHARES CAMARGO,2025-11-30,3,25.81,1
TRIBUNAL DE JUSTIÇA,GABINETE DES. ADRIANO ROBERTO LINHARES CAMARGO,2025-12-31,3,27.13,2
TRIBUNAL DE JUSTIÇA,GABINETE DES. ADRIANO ROBERTO LINHARES CAMARGO,2026-01-31,3,28.45,3
TRIBUNAL DE JUSTIÇA,GABINETE DES. ALEXANDRE BIZZOTTO,2025-11-30,3,4.76,1
TRIBUNAL DE JUSTIÇA,GABINETE DES. ALEXANDRE BIZZOTTO,2025-12-31,3,4.91,2
TRIBUNAL DE JUSTIÇA,GABINETE DES. ALEXANDRE BIZZOTTO,2026-01-31,3,5.05,3
TRIBUNAL DE JUSTIÇA,GABINETE DES. ALEXANDRE DE MORAIS KAFURI,2025-11-30,3,22.24,1
TRIBUNAL DE JUSTIÇA,GABINETE DES. ALEXANDRE DE MORAIS KAFURI,2025-12-31,3,23.08,2
TRIBUNAL DE JUSTIÇA,GABINETE DES. ALEXANDRE DE MORAIS KAFURI,2026-01-31,3,23.92,3
TRIBUNAL DE JUSTIÇA,GABINETE DES. ALGOMIRO CARVALHO NETO,2025-11-30,3,10.03,1
TRIBUNAL DE JUSTIÇA,GABINETE DES. ALGOMIRO CARVALHO NETO,2025-12-31,3,10.08,2
TRIBUNAL DE JUSTIÇA,GABINETE DES. ALGOMIRO CARVALHO NETO,2026-01-31,3,10.12,3
TRIBUNAL DE JUSTIÇA,GABINETE DES. ALTAIR GUERRA DA COSTA,2025-11-30,3,15.56,1
TRIBUNAL DE JUSTIÇA,GABINETE DES. ALTAIR GUERRA DA COSTA,2025-12-31,3,15.86,2
TRIBUNAL DE JUSTIÇA,GABINETE DES. ALTAIR GUERRA DA COSTA,2026-01-31,3,16.16,3
TRIBUNAL DE JUSTIÇA,GABINETE DES. ALTAMIRO GARCIA FILHO,2025-11-30,3,32.3,1
TRIBUNAL DE JUSTIÇA,GABINETE DES. ALTAMIRO GARCIA FILHO,2025-12-31,3,33.28,2
TRIBUNAL DE JUSTIÇA,GABINETE DES. ALTAMIRO GARCIA FILHO,2026-01-31,3,34.25,3
TRIBUNAL DE JUSTIÇA,GABINETE DES. ANDERSON MÁXIMO DE HOLANDA,2025-11-30,3,21.17,1
TRIBUNAL DE JUSTIÇA,GABINETE DES. ANDERSON MÁXIMO DE HOLANDA,2025-12-31,3,22.17,2
TRIBUNAL DE JUSTIÇA,GABINETE DES. ANDERSON MÁXIMO DE HOLANDA,2026-01-31,3,23.16,3
TRIBUNAL DE JUSTIÇA,GABINETE DES. AURELIANO ALBUQUERQUE AMORIM,2025-11-30,3,6.68,1
TRIBUNAL DE JUSTIÇA,GABINETE DES. AURELIANO ALBUQUERQUE AMORIM,2025-12-31,3,6.42,2
TRIBUNAL DE JUSTIÇA,GABINETE DES. AURELIANO ALBUQUERQUE AMORIM,2026-01-31,3,6.17,3
TRIBUNAL DE JUSTIÇA,GABINETE DES. BRENO BOSS CACHAPUZ CAIADO,2025-11-30,3,17.98,1
TRIBUNAL DE JUSTIÇA,GABINETE DES. BRENO BOSS CACHAPUZ CAIADO,2025-12-31,3,17.98,2
TRIBUNAL DE JUSTIÇA,GABINETE DES. BRENO BOSS CACHAPUZ CAIADO,2026-01-31,3,17.98,3
TRIBUNAL DE JUSTIÇA,GABINETE DES. CARLOS ALBERTO FRANCA,2025-11-30,3,14.3,1
TRIBUNAL DE JUSTIÇA,GABINETE DES. CARLOS ALBERTO FRANCA,2025-12-31,3,14.52,2
TRIBUNAL DE JUSTIÇA,GABINETE DES. CARLOS ALBERTO FRANCA,2026-01-31,3,14.74,3
TRIBUNAL DE JUSTIÇA,GABINETE DES. CARMECY ROSA MARIA A. DE OLIVEIRA,2025-11-30,3,12.07,1
TRIBUNAL DE JUSTIÇA,GABINETE DES. CARMECY ROSA MARIA A. DE OLIVEIRA,2025-12-31,3,12.49,2
TRIBUNAL DE JUSTIÇA,GABINETE DES. CARMECY ROSA MARIA A. DE OLIVEIRA,2026-01-31,3,12.92,3
TRIBUNAL DE JUSTIÇA,GABINETE DES. DELINTRO BELO DE ALMEIDA FILHO,2025-11-30,3,17.95,1
TRIBUNAL DE JUSTIÇA,GABINETE DES. DELINTRO BELO DE ALMEIDA FILHO,2025-12-31,3,18.45,2
TRIBUNAL DE JUSTIÇA,GABINETE DES. DELINTRO BELO DE ALMEIDA FILHO,2026-01-31,3,18.95,3
TRIBUNAL DE JUSTIÇA,GABINETE DES. DONIZETE MARTINS DE OLIVEIRA,2025-11-30,3,10.64,1
TRIBUNAL DE JUSTIÇA,GABINETE DES. DONIZETE MARTINS DE OLIVEIRA,2025-12-31,3,11.02,2
TRIBUNAL DE JUSTIÇA,GABINETE DES. DONIZETE MARTINS DE OLIVEIRA,2026-01-31,3,11.39,3
TRIBUNAL DE JUSTIÇA,GABINETE DES. EDISON MIGUEL DA SILVA JR,2025-11-30,3,38.93,1
TRIBUNAL DE JUSTIÇA,GABINETE DES. EDISON MIGUEL DA SILVA JR,2025-12-31,3,39.99,2
TRIBUNAL DE JUSTIÇA,GABINETE DES. EDISON MIGUEL DA SILVA JR,2026-01-31,3,41.06,3
TRIBUNAL DE JUSTIÇA,GABINETE DES. EDUARDO ABDON MOURA,2025-11-30,3,49.32,1
TRIBUNAL DE JUSTIÇA,GABINETE DES. EDUARDO ABDON MOURA,2025-12-31,3,51.62,2
TRIBUNAL DE JUSTIÇA,GABINETE DES. EDUARDO ABDON MOURA,2026-01-31,3,53.92,3
TRIBUNAL DE JUSTIÇA,GABINETE DES. ELISEU JOSÉ TAVEIRA VIEIRA,2025-11-30,3,19.31,1
TRIBUNAL DE JUSTIÇA,GABINETE DES. ELISEU JOSÉ TAVEIRA VIEIRA,2025-12-31,3,19.81,2
TRIBUNAL DE JUSTIÇA,GABINETE DES. ELISEU JOSÉ TAVEIRA VIEIRA,2026-01-31,3,20.3,3
TRIBUNAL DE JUSTIÇA,GABINETE DES. FABIANO ABEL DE ARAGÃO FERNANDES,2025-11-30,3,23.46,1
TRIBUNAL DE JUSTIÇA,GABINETE DES. FABIANO ABEL DE ARAGÃO FERNANDES,2025-12-31,3,23.76,2
TRIBUNAL DE JUSTIÇA,GABINETE DES. FABIANO ABEL DE ARAGÃO FERNANDES,2026-01-31,3,24.05,3
TRIBUNAL DE JUSTIÇA,GABINETE DES. FABIO CRISTOVAO DE CAMPOS FARIA,2025-11-30,3,12.14,1
TRIBUNAL DE JUSTIÇA,GABINETE DES. FABIO CRISTOVAO DE CAMPOS FARIA,2025-12-31,3,12.46,2
TRIBUNAL DE JUSTIÇA,GABINETE DES. FABIO CRISTOVAO DE CAMPOS FARIA,2026-01-31,3,12.78,3
TRIBUNAL DE JUSTIÇA,GABINETE DES. FERNANDO BRAGA VIGGIANO,2025-11-30,3,55.47,1
TRIBUNAL DE JUSTIÇA,GABINETE DES. FERNANDO BRAGA VIGGIANO,2025-12-31,3,58.18,2
TRIBUNAL DE JUSTIÇA,GABINETE DES. FERNANDO BRAGA VIGGIANO,2026-01-31,3,60.89,3
TRIBUNAL DE JUSTIÇA,GABINETE DES. FERNANDO DE CASTRO MESQUITA,2025-11-30,3,62.23,1
TRIBUNAL DE JUSTIÇA,GABINETE DES. FERNANDO DE CASTRO MESQUITA,2025-12-31,3,64.06,2
TRIBUNAL DE JUSTIÇA,GABINETE DES. FERNANDO DE CASTRO MESQUITA,2026-01-31,3,65.9,3
TRIBUNAL DE JUSTIÇA,GABINETE DES. FERNANDO DE MELLO XAVIER,2025-11-30,3,16.64,1
TRIBUNAL DE JUSTIÇA,GABINETE DES. FERNANDO DE MELLO XAVIER,2025-12-31,3,17.02,2
TRIBUNAL DE JUSTIÇA,GABINETE DES. FERNANDO DE MELLO XAVIER,2026-01-31,3,17.39,3
TRIBUNAL DE JUSTIÇA,GABINETE DES. FERNANDO RIBEIRO MONTEFUSCO,2025-11-30,3,15.92,1
TRIBUNAL DE JUSTIÇA,GABINETE DES. FERNANDO RIBEIRO MONTEFUSCO,2025-12-31,3,16.18,2
TRIBUNAL DE JUSTIÇA,GABINETE DES. FERNANDO RIBEIRO MONTEFUSCO,2026-01-31,3,16.43,3
TRIBUNAL DE JUSTIÇA,GABINETE DES. GERSON SANTANA CINTRA,2025-11-30,3,31.22,1
TRIBUNAL DE JUSTIÇA,GABINETE DES. GERSON SANTANA CINTRA,2025-12-31,3,31.97,2
TRIBUNAL DE JUSTIÇA,GABINETE DES. GERSON SANTANA CINTRA,2026-01-31,3,32.71,3
TRIBUNAL DE JUSTIÇA,GABINETE DES. GILBERTO MARQUES FILHO,2025-11-30,3,52.41,1
TRIBUNAL DE JUSTIÇA,GABINETE DES. GILBERTO MARQUES FILHO,2025-12-31,3,53.85,2
TRIBUNAL DE JUSTIÇA,GABINETE DES. GILBERTO MARQUES FILHO,2026-01-31,3,55.3,3
TRIBUNAL DE JUSTIÇA,GABINETE DES. GUILHERME GUTEMBERG ISAC PINTO,2025-11-30,3,26.27,1
TRIBUNAL DE JUSTIÇA,GABINETE DES. GUILHERME GUTEMBERG ISAC PINTO,2025-12-31,3,26.8,2
TRIBUNAL DE JUSTIÇA,GABINETE DES. GUILHERME GUTEMBERG ISAC PINTO,2026-01-31,3,27.33,3
TRIBUNAL DE JUSTIÇA,GABINETE DES. HEBER CARLOS DE OLIVEIRA,2025-11-30,3,14.9,1
TRIBUNAL DE JUSTIÇA,GABINETE DES. HEBER CARLOS DE OLIVEIRA,2025-12-31,3,15.11,2
TRIBUNAL DE JUSTIÇA,GABINETE DES. HEBER CARLOS DE OLIVEIRA,2026-01-31,3,15.32,3
TRIBUNAL DE JUSTIÇA,GABINETE DES. ITAMAR DE LIMA,2025-11-30,3,47.46,1
TRIBUNAL DE JUSTIÇA,GABINETE DES. ITAMAR DE LIMA,2025-12-31,3,48.56,2
TRIBUNAL DE JUSTIÇA,GABINETE DES. ITAMAR DE LIMA,2026-01-31,3,49.65,3
TRIBUNAL DE JUSTIÇA,GABINETE DES. ITANEY FRANCISCO CAMPOS,2025-11-30,3,15.42,1
TRIBUNAL DE JUSTIÇA,GABINETE DES. ITANEY FRANCISCO CAMPOS,2025-12-31,3,15.85,2
TRIBUNAL DE JUSTIÇA,GABINETE DES. ITANEY FRANCISCO CAMPOS,2026-01-31,3,16.29,3
TRIBUNAL DE JUSTIÇA,GABINETE DES. IVO FAVARO,2025-11-30,3,19.27,1
TRIBUNAL DE JUSTIÇA,GABINETE DES. IVO FAVARO,2025-12-31,3,20.04,2
TRIBUNAL DE JUSTIÇA,GABINETE DES. IVO FAVARO,2026-01-31,3,20.81,3
TRIBUNAL DE JUSTIÇA,GABINETE DES. JEOVA SARDINHA DE MORAES,2025-11-30,3,53.02,1
TRIBUNAL DE JUSTIÇA,GABINETE DES. JEOVA SARDINHA DE MORAES,2025-12-31,3,55.6,2
TRIBUNAL DE JUSTIÇA,GABINETE DES. JEOVA SARDINHA DE MORAES,2026-01-31,3,58.17,3
TRIBUNAL DE JUSTIÇA,GABINETE DES. JERONYMO PEDRO VILLAS BOAS,2025-11-30,3,30.72,1
TRIBUNAL DE JUSTIÇA,GABINETE DES. JERONYMO PEDRO VILLAS BOAS,2025-12-31,3,31.32,2
TRIBUNAL DE JUSTIÇA,GABINETE DES. JERONYMO PEDRO VILLAS BOAS,2026-01-31,3,31.92,3
TRIBUNAL DE JUSTIÇA,GABINETE DES. JOSÉ CARLOS DUARTE,2025-11-30,3,11.45,1
TRIBUNAL DE JUSTIÇA,GABINETE DES. JOSÉ CARLOS DUARTE,2025-12-31,3,11.54,2
TRIBUNAL DE JUSTIÇA,GABINETE DES. JOSÉ CARLOS DUARTE,2026-01-31,3,11.63,3
TRIBUNAL DE JUSTIÇA,GABINETE DES. JOSÉ PAGANUCCI JÚNIOR,2025-11-30,3,6.9,1
TRIBUNAL DE JUSTIÇA,GABINETE DES. JOSÉ PAGANUCCI JÚNIOR,2025-12-31,3,7.08,2
TRIBUNAL DE JUSTIÇA,GABINETE DES. JOSÉ PAGANUCCI JÚNIOR,2026-01-31,3,7.27,3
TRIBUNAL DE JUSTIÇA,GABINETE DES. JOSÉ PROTO DE OLIVEIRA,2025-11-30,3,23.91,1
TRIBUNAL DE JUSTIÇA,GABINETE DES. JOSÉ PROTO DE OLIVEIRA,2025-12-31,3,24.53,2
TRIBUNAL DE JUSTIÇA,GABINETE DES. JOSÉ PROTO DE OLIVEIRA,2026-01-31,3,25.15,3
TRIBUNAL DE JUSTIÇA,GABINETE DES. JOSÉ RICARDO MARCOS MACHADO,2025-11-30,3,24.87,1
TRIBUNAL DE JUSTIÇA,GABINETE DES. JOSÉ RICARDO MARCOS MACHADO,2025-12-31,3,26.05,2
TRIBUNAL DE JUSTIÇA,GABINETE DES. JOSÉ RICARDO MARCOS MACHADO,2026-01-31,3,27.22,3
TRIBUNAL DE JUSTIÇA,GABINETE DES. KISLEU DIAS MACIEL FILHO,2025-11-30,3,49.55,1
TRIBUNAL DE JUSTIÇA,GABINETE DES. KISLEU DIAS MACIEL FILHO,2025-12-31,3,50.87,2
TRIBUNAL DE JUSTIÇA,GABINETE DES. KISLEU DIAS MACIEL FILHO,2026-01-31,3,52.19,3
TRIBUNAL DE JUSTIÇA,GABINETE DES. LUIZ CLAUDIO VEIGA BRAGA,2025-11-30,3,12.8,1
TRIBUNAL DE JUSTIÇA,GABINETE DES. LUIZ CLAUDIO VEIGA BRAGA,2025-12-31,3,13.16,2
TRIBUNAL DE JUSTIÇA,GABINETE DES. LUIZ CLAUDIO VEIGA BRAGA,2026-01-31,3,13.51,3
TRIBUNAL DE JUSTIÇA,GABINETE DES. LUIZ EDUARDO DE SOUSA,2025-11-30,3,38.03,1
TRIBUNAL DE JUSTIÇA,GABINETE DES. LUIZ EDUARDO DE SOUSA,2025-12-31,3,39.57,2
TRIBUNAL DE JUSTIÇA,GABINETE DES. LUIZ EDUARDO DE SOUSA,2026-01-31,3,41.12,3
TRIBUNAL DE JUSTIÇA,GABINETE DES. MAURÍCIO PORFÍRIO ROSA,2025-11-30,3,18.24,1
TRIBUNAL DE JUSTIÇA,GABINETE DES. MAURÍCIO PORFÍRIO ROSA,2025-12-31,3,18.74,2
TRIBUNAL DE JUSTIÇA,GABINETE DES. MAURÍCIO PORFÍRIO ROSA,2026-01-31,3,19.23,3
TRIBUNAL DE JUSTIÇA,GABINETE DES. MURILO VIEIRA DE FARIA,2025-11-30,3,44.41,1
TRIBUNAL DE JUSTIÇA,GABINETE DES. MURILO VIEIRA DE FARIA,2025-12-31,3,45.4,2
TRIBUNAL DE JUSTIÇA,GABINETE DES. MURILO VIEIRA DE FARIA,2026-01-31,3,46.39,3
TRIBUNAL DE JUSTIÇA,GABINETE DES. OSCAR DE OLIVEIRA SÁ NETO,2025-11-30,3,14.03,1
TRIBUNAL DE JUSTIÇA,GABINETE DES. OSCAR DE OLIVEIRA SÁ NETO,2025-12-31,3,14.46,2
TRIBUNAL DE JUSTIÇA,GABINETE DES. OSCAR DE OLIVEIRA SÁ NETO,2026-01-31,3,14.89,3
TRIBUNAL DE JUSTIÇA,GABINETE DES. PAULO CÉSAR ALVES DAS NEVES,2025-11-30,3,20.41,1
TRIBUNAL DE JUSTIÇA,GABINETE DES. PAULO CÉSAR ALVES DAS NEVES,2025-12-31,3,21.32,2
TRIBUNAL DE JUSTIÇA,GABINETE DES. PAULO CÉSAR ALVES DAS NEVES,2026-01-31,3,22.24,3
TRIBUNAL DE JUSTIÇA,GABINETE DES. REINALDO ALVES FERREIRA,2025-11-30,3,9.7,1
TRIBUNAL DE JUSTIÇA,GABINETE DES. REINALDO ALVES FERREIRA,2025-12-31,3,9.8,2
TRIBUNAL DE JUSTIÇA,GABINETE DES. REINALDO ALVES FERREIRA,2026-01-31,3,9.89,3
TRIBUNAL DE JUSTIÇA,GABINETE DES. ROBERTO HORACIO REZENDE,2025-11-30,3,24.65,1
TRIBUNAL DE JUSTIÇA,GABINETE DES. ROBERTO HORACIO REZENDE,2025-12-31,3,25.4,2
TRIBUNAL DE JUSTIÇA,GABINETE DES. ROBERTO HORACIO REZENDE,2026-01-31,3,26.14,3
TRIBUNAL DE JUSTIÇA,GABINETE DES. RODRIGO DE SILVEIRA,2025-11-30,3,38.43,1
TRIBUNAL DE JUSTIÇA,GABINETE DES. RODRIGO DE SILVEIRA,2025-12-31,3,39.19,2
TRIBUNAL DE JUSTIÇA,GABINETE DES. RODRIGO DE SILVEIRA,2026-01-31,3,39.95,3
TRIBUNAL DE JUSTIÇA,GABINETE DES. RONNIE PAES SANDRE,2025-11-30,3,19.28,1
TRIBUNAL DE JUSTIÇA,GABINETE DES. RONNIE PAES SANDRE,2025-12-31,3,20.13,2
TRIBUNAL DE JUSTIÇA,GABINETE DES. RONNIE PAES SANDRE,2026-01-31,3,20.97,3
TRIBUNAL DE JUSTIÇA,GABINETE DES. SEBASTIAO LUIZ FLEURY,2025-11-30,3,19.23,1
TRIBUNAL DE JUSTIÇA,GABINETE DES. SEBASTIAO LUIZ FLEURY,2025-12-31,3,19.36,2
TRIBUNAL DE JUSTIÇA,GABINETE DES. SEBASTIAO LUIZ FLEURY,2026-01-31,3,19.5,3
TRIBUNAL DE JUSTIÇA,GABINETE DES. SERGIO MENDONÇA DE ARAÚJO,2025-11-30,3,36.9,1
TRIBUNAL DE JUSTIÇA,GABINETE DES. SERGIO MENDONÇA DE ARAÚJO,2025-12-31,3,37.17,2
TRIBUNAL DE JUSTIÇA,GABINETE DES. SERGIO MENDONÇA DE ARAÚJO,2026-01-31,3,37.44,3
TRIBUNAL DE JUSTIÇA,GABINETE DES. SILVÂNIO DIVINO DE ALVARENGA,2025-11-30,3,28.26,1
TRIBUNAL DE JUSTIÇA,GABINETE DES. SILVÂNIO DIVINO DE ALVARENGA,2025-12-31,3,29.58,2
TRIBUNAL DE JUSTIÇA,GABINETE DES. SILVÂNIO DIVINO DE ALVARENGA,2026-01-31,3,30.91,3
TRIBUNAL DE JUSTIÇA,GABINETE DES. SIVAL GUERRA PIRES,2025-11-30,3,18.82,1
TRIBUNAL DE JUSTIÇA,GABINETE DES. SIVAL GUERRA PIRES,2025-12-31,3,19.67,2
TRIBUNAL DE JUSTIÇA,GABINETE DES. SIVAL GUERRA PIRES,2026-01-31,3,20.52,3
TRIBUNAL DE JUSTIÇA,GABINETE DES. VICENTE LOPES DA ROCHA JÚNIOR,2025-11-30,3,31.42,1
TRIBUNAL DE JUSTIÇA,GABINETE DES. VICENTE LOPES DA ROCHA JÚNIOR,2025-12-31,3,31.81,2
TRIBUNAL DE JUSTIÇA,GABINETE DES. VICENTE LOPES DA ROCHA JÚNIOR,2026-01-31,3,32.2,3
TRIBUNAL DE JUSTIÇA,GABINETE DES. WILD AFONSO OGAWA,2025-11-30,3,7.34,1
TRIBUNAL DE JUSTIÇA,GABINETE DES. WILD AFONSO OGAWA,2025-12-31,3,7.7,2
TRIBUNAL DE JUSTIÇA,GABINETE DES. WILD AFONSO OGAWA,2026-01-31,3,8.06,3
TRIBUNAL DE JUSTIÇA,GABINETE DES. WILLIAM COSTA MELLO,2025-11-30,3,17.25,1
TRIBUNAL DE JUSTIÇA,GABINETE DES. WILLIAM COSTA MELLO,2025-12-31,3,17.44,2
TRIBUNAL DE JUSTIÇA,GABINETE DES. WILLIAM COSTA MELLO,2026-01-31,3,17.62,3
TRIBUNAL DE JUSTIÇA,GABINETE DES. WILSON DA SILVA DIAS,2025-11-30,3,5.72,1
TRIBUNAL DE JUSTIÇA,GABINETE DES. WILSON DA SILVA DIAS,2025-12-31,3,5.9,2
TRIBUNAL DE JUSTIÇA,GABINETE DES. WILSON DA SILVA DIAS,2026-01-31,3,6.07,3
TRIBUNAL DE JUSTIÇA,GABINETE DES. WILSON SAFATLE FAIAD,2025-11-30,3,14.23,1
TRIBUNAL DE JUSTIÇA,GABINETE DES. WILSON SAFATLE FAIAD,2025-12-31,3,14.8,2
TRIBUNAL DE JUSTIÇA,GABINETE DES. WILSON SAFATLE FAIAD,2026-01-31,3,15.37,3
TRIBUNAL DE JUSTIÇA,GABINETE DES. WILTON MÜLLER SALOMÃO,2025-11-30,3,22.16,1
TRIBUNAL DE JUSTIÇA,GABINETE DES. WILTON MÜLLER SALOMÃO,2025-12-31,3,22.88,2
TRIBUNAL DE JUSTIÇA,GABINETE DES. WILTON MÜLLER SALOMÃO,2026-01-31,3,23.6,3
TRIBUNAL DE JUSTIÇA,GABINETE DES. ÁTILA NAVES AMARAL,2025-11-30,3,39.52,1
TRIBUNAL DE JUSTIÇA,GABINETE DES. ÁTILA NAVES AMARAL,2025-12-31,3,40.25,2
TRIBUNAL DE JUSTIÇA,GABINETE DES. ÁTILA NAVES AMARAL,2026-01-31,3,40.98,3
TRIBUNAL DE JUSTIÇA,GABINETE DESA ANA CRISTINA RIBEIRO PETERNELLA FRANÇA,2025-11-30,3,17.63,1
TRIBUNAL DE JUSTIÇA,GABINETE DESA ANA CRISTINA RIBEIRO PETERNELLA FRANÇA,2025-12-31,3,18.04,2
TRIBUNAL DE JUSTIÇA,GABINETE DESA ANA CRISTINA RIBEIRO PETERNELLA FRANÇA,2026-01-31,3,18.44,3
TRIBUNAL DE JUSTIÇA,GABINETE DESA BEATRIZ FIGUEIREDO FRANCO,2025-11-30,3,49.44,1
TRIBUNAL DE JUSTIÇA,GABINETE DESA BEATRIZ FIGUEIREDO FRANCO,2025-12-31,3,50.8,2
TRIBUNAL DE JUSTIÇA,GABINETE DESA BEATRIZ FIGUEIREDO FRANCO,2026-01-31,3,52.16,3
TRIBUNAL DE JUSTIÇA,GABINETE DESA CAMILA NINA ERBETTA NASCIMENTO,2025-11-30,3,28.0,1
TRIBUNAL DE JUSTIÇA,GABINETE DESA CAMILA NINA ERBETTA NASCIMENTO,2025-12-31,3,29.26,2
TRIBUNAL DE JUSTIÇA,GABINETE DESA CAMILA NINA ERBETTA NASCIMENTO,2026-01-31,3,30.52,3
TRIBUNAL DE JUSTIÇA,GABINETE DESA DORACI LAMAR ROSA DA SILVA ANDRADE,2025-11-30,3,40.17,1
TRIBUNAL DE JUSTIÇA,GABINETE DESA DORACI LAMAR ROSA DA SILVA ANDRADE,2025-12-31,3,40.47,2
TRIBUNAL DE JUSTIÇA,GABINETE DESA DORACI LAMAR ROSA DA SILVA ANDRADE,2026-01-31,3,40.76,3
TRIBUNAL DE JUSTIÇA,GABINETE DESA ELIZABETH MARIA DA SILVA,2025-11-30,3,39.53,1
TRIBUNAL DE JUSTIÇA,GABINETE DESA ELIZABETH MARIA DA SILVA,2025-12-31,3,40.36,2
TRIBUNAL DE JUSTIÇA,GABINETE DESA ELIZABETH MARIA DA SILVA,2026-01-31,3,41.18,3
TRIBUNAL DE JUSTIÇA,GABINETE DESA LÍLIA MÔNICA DE CASTRO BORGES ESCHER,2025-11-30,3,12.79,1
TRIBUNAL DE JUSTIÇA,GABINETE DESA LÍLIA MÔNICA DE CASTRO BORGES ESCHER,2025-12-31,3,13.15,2
TRIBUNAL DE JUSTIÇA,GABINETE DESA LÍLIA MÔNICA DE CASTRO BORGES ESCHER,2026-01-31,3,13.52,3
TRIBUNAL DE JUSTIÇA,GABINETE DESA MARIA DAS GRACAS CARNEIRO REQUI,2025-11-30,3,40.7,1
TRIBUNAL DE JUSTIÇA,GABINETE DESA MARIA DAS GRACAS CARNEIRO REQUI,2025-12-31,3,42.6,2
TRIBUNAL DE JUSTIÇA,GABINETE DESA MARIA DAS GRACAS CARNEIRO REQUI,2026-01-31,3,44.51,3
TRIBUNAL DE JUSTIÇA,GABINETE DESA NELMA BRANCO FERREIRA PERILO,2025-11-30,3,45.01,1
TRIBUNAL DE JUSTIÇA,GABINETE DESA NELMA BRANCO FERREIRA PERILO,2025-12-31,3,46.02,2
TRIBUNAL DE JUSTIÇA,GABINETE DESA NELMA BRANCO FERREIRA PERILO,2026-01-31,3,47.03,3
TRIBUNAL DE JUSTIÇA,GABINETE DESA SANDRA REGINA TEODORO REIS,2025-11-30,3,41.44,1
TRIBUNAL DE JUSTIÇA,GABINETE DESA SANDRA REGINA TEODORO REIS,2025-12-31,3,42.46,2
TRIBUNAL DE JUSTIÇA,GABINETE DESA SANDRA REGINA TEODORO REIS,2026-01-31,3,43.48,3
TRIBUNAL DE JUSTIÇA,GABINETE DESA. ALICE TELES DE OLIVEIRA,2025-11-30,3,21.68,1
TRIBUNAL DE JUSTIÇA,GABINETE DESA. ALICE TELES DE OLIVEIRA,2025-12-31,3,22.6,2
TRIBUNAL DE JUSTIÇA,GABINETE DESA. ALICE TELES DE OLIVEIRA,2026-01-31,3,23.53,3
TRIBUNAL DE JUSTIÇA,GABINETE DESA. JULIANA PEREIRA DINIZ PRUDENTE,2025-11-30,3,42.73,1
TRIBUNAL DE JUSTIÇA,GABINETE DESA. JULIANA PEREIRA DINIZ PRUDENTE,2025-12-31,3,43.41,2
TRIBUNAL DE JUSTIÇA,GABINETE DESA. JULIANA PEREIRA DINIZ PRUDENTE,2026-01-31,3,44.09,3
TRIBUNAL DE JUSTIÇA,GABINETE DESA. MÔNICA CÉZAR MORENO SENHORELO,2025-11-30,3,10.3,1
TRIBUNAL DE JUSTIÇA,GABINETE DESA. MÔNICA CÉZAR MORENO SENHORELO,2025-12-31,3,10.46,2
TRIBUNAL DE JUSTIÇA,GABINETE DESA. MÔNICA CÉZAR MORENO SENHORELO,2026-01-31,3,10.61,3
TRIBUNAL DE JUSTIÇA,GABINETE DESA. ROBERTA NASSER LEONE,2025-11-30,3,16.08,1
TRIBUNAL DE JUSTIÇA,GABINETE DESA. ROBERTA NASSER LEONE,2025-12-31,3,15.94,2
TRIBUNAL DE JUSTIÇA,GABINETE DESA. ROBERTA NASSER LEONE,2026-01-31,3,15.8,3
TRIBUNAL DE JUSTIÇA,GABINETE DESA. ROZANA FERNANDES CAMAPUM,2025-11-30,3,5.44,1
TRIBUNAL DE JUSTIÇA,GABINETE DESA. ROZANA FERNANDES CAMAPUM,2025-12-31,3,5.6,2
TRIBUNAL DE JUSTIÇA,GABINETE DESA. ROZANA FERNANDES CAMAPUM,2026-01-31,3,5.75,3
TRIBUNAL DE JUSTIÇA,GABINETE DESA. SIRLEI MARTINS DA COSTA,2025-11-30,3,7.39,1
TRIBUNAL DE JUSTIÇA,GABINETE DESA. SIRLEI MARTINS DA COSTA,2025-12-31,3,7.38,2
TRIBUNAL DE JUSTIÇA,GABINETE DESA. SIRLEI MARTINS DA COSTA,2026-01-31,3,7.38,3
TRIBUNAL DE JUSTIÇA,GABINETE DESA. ZILMENE GOMIDE DA SILVA,2025-11-30,3,17.01,1
TRIBUNAL DE JUSTIÇA,GABINETE DESA. ZILMENE GOMIDE DA SILVA,2025-12-31,3,17.61,2
TRIBUNAL DE JUSTIÇA,GABINETE DESA. ZILMENE GOMIDE DA SILVA,2026-01-31,3,18.21,3
TRIBUNAL DE JUSTIÇA,VICE-PRESIDÊNCIA DO TRIBUNAL DE JUSTIÇA,2025-11-30,3,100.0,1
TRIBUNAL DE JUSTIÇA,VICE-PRESIDÊNCIA DO TRIBUNAL DE JUSTIÇA,2025-12-31,3,100.0,2
TRIBUNAL DE JUSTIÇA,VICE-PRESIDÊNCIA DO TRIBUNAL DE JUSTIÇA,2026-01-31,3,100.0,3
TRINDADE,1ª Vara (Cível e da Inf. e da Juv),2025-11-30,3,92.43,1
TRINDADE,1ª Vara (Cível e da Inf. e da Juv),2025-12-31,3,92.39,2
TRINDADE,1ª Vara (Cível e da Inf. e da Juv),2026-01-31,3,92.35,3
TRINDADE,"1ª Vara Criminal (crimes dolosos contra a vida, Pres. Trib. Juri e Execução Penal)",2025-11-30,3,55.88,1
TRINDADE,"1ª Vara Criminal (crimes dolosos contra a vida, Pres. Trib. Juri e Execução Penal)",2025-12-31,3,56.78,2
TRINDADE,"1ª Vara Criminal (crimes dolosos contra a vida, Pres. Trib. Juri e Execução Penal)",2026-01-31,3,57.68,3
TRINDADE,2ª Vara Criminal (crimes em geral),2025-11-30,3,99.01,1
TRINDADE,2ª Vara Criminal (crimes em geral),2025-12-31,3,99.44,2
TRINDADE,2ª Vara Criminal (crimes em geral),2026-01-31,3,99.88,3
TRINDADE,2ª Vara Cível e Ambiental,2025-11-30,3,91.71,1
TRINDADE,2ª Vara Cível e Ambiental,2025-12-31,3,91.58,2
TRINDADE,2ª Vara Cível e Ambiental,2026-01-31,3,91.46,3
TRINDADE,3ª Vara Criminal (crimes em geral),2025-11-30,3,99.44,1
TRINDADE,3ª Vara Criminal (crimes em geral),2025-12-31,3,99.94,2
TRINDADE,3ª Vara Criminal (crimes em geral),2026-01-31,3,100.0,3
TRINDADE,Juizado Especial Cível e Criminal,2025-11-30,3,73.66,1
TRINDADE,Juizado Especial Cível e Criminal,2025-12-31,3,75.39,2
TRINDADE,Juizado Especial Cível e Criminal,2026-01-31,3,77.13,3
TRINDADE,Vara de Família e Sucessões,2025-11-30,3,96.41,1
TRINDADE,Vara de Família e Sucessões,2025-12-31,3,96.96,2
TRINDADE,Vara de Família e Sucessões,2026-01-31,3,97.51,3
TRINDADE,Vara de Fazendas Públicas e Registros Públicos,2025-11-30,3,91.98,1
TRINDADE,Vara de Fazendas Públicas e Registros Públicos,2025-12-31,3,91.91,2
TRINDADE,Vara de Fazendas Públicas e Registros Públicos,2026-01-31,3,91.84,3
TURVÂNIA,Vara Judicial,2025-11-30,3,94.09,1
TURVÂNIA,Vara Judicial,2025-12-31,3,94.01,2
TURVÂNIA,Vara Judicial,2026-01-31,3,93.93,3
URUANA,Vara Judicial,2025-11-30,3,94.06,1
URUANA,Vara Judicial,2025-12-31,3,94.49,2
URUANA,Vara Judicial,2026-01-31,3,94.93,3
URUAÇU,"1ª Vara (Cív., Criminal - crime em geral e exec. penais - e da Inf. e da Juv.)",2025-11-30,3,98.14,1
URUAÇU,"1ª Vara (Cív., Criminal - crime em geral e exec. penais - e da Inf. e da Juv.)",2025-12-31,3,98.55,2
URUAÇU,"1ª Vara (Cív., Criminal - crime em geral e exec. penais - e da Inf. e da Juv.)",2026-01-31,3,98.96,3
URUAÇU,"2ª Vara (Cív., Criminal – crime em geral, crimes dolosos contra a vida e Pres. do Trib. do Juri, das Faz. Púb. e de Reg. Pub.)",2025-11-30,3,95.57,1
URUAÇU,"2ª Vara (Cív., Criminal – crime em geral, crimes dolosos contra a vida e Pres. do Trib. do Juri, das Faz. Púb. e de Reg. Pub.)",2025-12-31,3,95.76,2
URUAÇU,"2ª Vara (Cív., Criminal – crime em geral, crimes dolosos contra a vida e Pres. do Trib. do Juri, das Faz. Púb. e de Reg. Pub.)",2026-01-31,3,95.96,3
URUAÇU,Juizado Especial Cível e Criminal,2025-11-30,3,100.0,1
URUAÇU,Juizado Especial Cível e Criminal,2025-12-31,3,100.0,2
URUAÇU,Juizado Especial Cível e Criminal,2026-01-31,3,100.0,3
VALPARAÍSO DE GOIÁS,"1ª Vara Criminal (crimes dolosos contra a vida e Presidência do Tribunal do Júri, Execução Penal e crimes envolvendo violência doméstica)",2025-11-30,3,91.47,1
VALPARAÍSO DE GOIÁS,"1ª Vara Criminal (crimes dolosos contra a vida e Presidência do Tribunal do Júri, Execução Penal e crimes envolvendo violência doméstica)",2025-12-31,3,91.49,2
VALPARAÍSO DE GOIÁS,"1ª Vara Criminal (crimes dolosos contra a vida e Presidência do Tribunal do Júri, Execução Penal e crimes envolvendo violência doméstica)",2026-01-31,3,91.5,3
VALPARAÍSO DE GOIÁS,"1ª Vara Cível (Cível, Infância e Juventude)",2025-11-30,3,97.68,1
VALPARAÍSO DE GOIÁS,"1ª Vara Cível (Cível, Infância e Juventude)",2025-12-31,3,97.81,2
VALPARAÍSO DE GOIÁS,"1ª Vara Cível (Cível, Infância e Juventude)",2026-01-31,3,97.95,3
VALPARAÍSO DE GOIÁS,"2ª Vara (Cível, das Fazendas Públicas, de Registros Públicos e Ambiental)",2025-11-30,3,93.4,1
VALPARAÍSO DE GOIÁS,"2ª Vara (Cível, das Fazendas Públicas, de Registros Públicos e Ambiental)",2025-12-31,3,93.27,2
VALPARAÍSO DE GOIÁS,"2ª Vara (Cível, das Fazendas Públicas, de Registros Públicos e Ambiental)",2026-01-31,3,93.13,3
VALPARAÍSO DE GOIÁS,2ª Vara Criminal (crimes em geral),2025-11-30,3,99.86,1
VALPARAÍSO DE GOIÁS,2ª Vara Criminal (crimes em geral),2025-12-31,3,100.0,2
VALPARAÍSO DE GOIÁS,2ª Vara Criminal (crimes em geral),2026-01-31,3,100.0,3
VALPARAÍSO DE GOIÁS,3ª Vara de Família e Sucessões e das Fazendas Públicas,2025-11-30,3,92.06,1
VALPARAÍSO DE GOIÁS,3ª Vara de Família e Sucessões e das Fazendas Públicas,2025-12-31,3,92.09,2
VALPARAÍSO DE GOIÁS,3ª Vara de Família e Sucessões e das Fazendas Públicas,2026-01-31,3,92.13,3
VALPARAÍSO DE GOIÁS,"4ª Vara Cível, Família e Sucessões",2025-11-30,3,96.46,1
VALPARAÍSO DE GOIÁS,"4ª Vara Cível, Família e Sucessões",2025-12-31,3,96.56,2
VALPARAÍSO DE GOIÁS,"4ª Vara Cível, Família e Sucessões",2026-01-31,3,96.67,3
VALPARAÍSO DE GOIÁS,Juizado Especial Cível e Criminal,2025-11-30,3,82.6,1
VALPARAÍSO DE GOIÁS,Juizado Especial Cível e Criminal,2025-12-31,3,83.26,2
VALPARAÍSO DE GOIÁS,Juizado Especial Cível e Criminal,2026-01-31,3,83.91,3
VARJÃO,Vara Judicial,2025-11-30,3,100.0,1
VARJÃO,Vara Judicial,2025-12-31,3,100.0,2
VARJÃO,Vara Judicial,2026-01-31,3,100.0,3
VIANÓPOLIS,Vara Judicial,2025-11-30,3,100.0,1
VIANÓPOLIS,Vara Judicial,2025-12-31,3,100.0,2
VIANÓPOLIS,Vara Judicial,2026-01-31,3,100.0,3
ÁGUAS LINDAS DE GOIÁS,"1ª Vara Criminal (crimes dolosos contra a vida, Pres. Trib. Juri e execuções penais)",2025-11-30,3,80.08,1
ÁGUAS LINDAS DE GOIÁS,"1ª Vara Criminal (crimes dolosos contra a vida, Pres. Trib. Juri e execuções penais)",2025-12-31,3,80.97,2
ÁGUAS LINDAS DE GOIÁS,"1ª Vara Criminal (crimes dolosos contra a vida, Pres. Trib. Juri e execuções penais)",2026-01-31,3,81.87,3
ÁGUAS LINDAS DE GOIÁS,"1ª Vara Cível, Família e Sucessões e da Infância e da Juventude",2025-11-30,3,97.65,1
ÁGUAS LINDAS DE GOIÁS,"1ª Vara Cível, Família e Sucessões e da Infância e da Juventude",2025-12-31,3,97.96,2
ÁGUAS LINDAS DE GOIÁS,"1ª Vara Cível, Família e Sucessões e da Infância e da Juventude",2026-01-31,3,98.26,3
ÁGUAS LINDAS DE GOIÁS,"1ª Vara de Fazendas Públicas, Registros Públicos e Ambiental",2025-11-30,3,89.33,1
ÁGUAS LINDAS DE GOIÁS,"1ª Vara de Fazendas Públicas, Registros Públicos e Ambiental",2025-12-31,3,89.18,2
ÁGUAS LINDAS DE GOIÁS,"1ª Vara de Fazendas Públicas, Registros Públicos e Ambiental",2026-01-31,3,89.03,3
ÁGUAS LINDAS DE GOIÁS,2ª Vara Criminal (crimes em geral),2025-11-30,3,100.0,1
ÁGUAS LINDAS DE GOIÁS,2ª Vara Criminal (crimes em geral),2025-12-31,3,100.0,2
ÁGUAS LINDAS DE GOIÁS,2ª Vara Criminal (crimes em geral),2026-01-31,3,100.0,3
ÁGUAS LINDAS DE GOIÁS,"2ª Vara Cível, Família e Sucessões",2025-11-30,3,94.82,1
ÁGUAS LINDAS DE GOIÁS,"2ª Vara Cível, Família e Sucessões",2025-12-31,3,94.89,2
ÁGUAS LINDAS DE GOIÁS,"2ª Vara Cível, Família e Sucessões",2026-01-31,3,94.96,3
ÁGUAS LINDAS DE GOIÁS,"2ª Vara de Fazendas Públicas, Registros Públicos e Ambiental",2025-11-30,3,92.08,1
ÁGUAS LINDAS DE GOIÁS,"2ª Vara de Fazendas Públicas, Registros Públicos e Ambiental",2025-12-31,3,92.43,2
ÁGUAS LINDAS DE GOIÁS,"2ª Vara de Fazendas Públicas, Registros Públicos e Ambiental",2026-01-31,3,92.77,3
ÁGUAS LINDAS DE GOIÁS,3ª Vara Criminal (crimes em geral),2025-11-30,3,100.0,1
ÁGUAS LINDAS DE GOIÁS,3ª Vara Criminal (crimes em geral),2025-12-31,3,100.0,2
ÁGUAS LINDAS DE GOIÁS,3ª Vara Criminal (crimes em geral),2026-01-31,3,100.0,3
ÁGUAS LINDAS DE GOIÁS,Juizado Especial Cível e Criminal,2025-11-30,3,91.97,1
ÁGUAS LINDAS DE GOIÁS,Juizado Especial Cível e Criminal,2025-12-31,3,93.23,2
ÁGUAS LINDAS DE GOIÁS,Juizado Especial Cível e Criminal,2026-01-31,3,94.48,3
ÁGUAS LINDAS DE GOIÁS,Juizado de Violência Doméstica e Familiar contra a Mulher,2025-11-30,3,100.0,1
ÁGUAS LINDAS DE GOIÁS,Juizado de Violência Doméstica e Familiar contra a Mulher,2025-12-31,3,100.0,2
ÁGUAS LINDAS DE GOIÁS,Juizado de Violência Doméstica e Familiar contra a Mulher,2026-01-31,3,100.0,3
