comarca,serventia,data_futura,horizonte_meses,taxa_prevista,mes_no_horizonte
ABADIÂNIA,Vara Judicial,2025-11-30,12,90.83,1
ABADIÂNIA,Vara Judicial,2025-12-31,12,91.09,2
ABADIÂNIA,Vara Judicial,2026-01-31,12,91.34,3
ABADIÂNIA,Vara Judicial,2026-02-28,12,91.57,4
ABADIÂNIA,Vara Judicial,2026-03-31,12,91.83,5
ABADIÂNIA,Vara Judicial,2026-04-30,12,92.08,6
ABADIÂNIA,Vara Judicial,2026-05-31,12,92.34,7
ABADIÂNIA,Vara Judicial,2026-06-30,12,92.58,8
ABADIÂNIA,Vara Judicial,2026-07-31,12,92.84,9
ABADIÂNIA,Vara Judicial,2026-08-31,12,93.1,10
ABADIÂNIA,Vara Judicial,2026-09-30,12,93.34,11
ABADIÂNIA,Vara Judicial,2026-10-31,12,93.6,12
ACREÚNA,"1ª Vara Judicial (Família e Sucessões, Infância e Juventude, Cível e Juizado Especial Cível)",2025-11-30,12,96.57,1
ACREÚNA,"1ª Vara Judicial (Família e Sucessões, Infância e Juventude, Cível e Juizado Especial Cível)",2025-12-31,12,97.58,2
ACREÚNA,"1ª Vara Judicial (Família e Sucessões, Infância e Juventude, Cível e Juizado Especial Cível)",2026-01-31,12,98.59,3
ACREÚNA,"1ª Vara Judicial (Família e Sucessões, Infância e Juventude, Cível e Juizado Especial Cível)",2026-02-28,12,99.5,4
ACREÚNA,"1ª Vara Judicial (Família e Sucessões, Infância e Juventude, Cível e Juizado Especial Cível)",2026-03-31,12,100.0,5
ACREÚNA,"1ª Vara Judicial (Família e Sucessões, Infância e Juventude, Cível e Juizado Especial Cível)",2026-04-30,12,100.0,6
ACREÚNA,"1ª Vara Judicial (Família e Sucessões, Infância e Juventude, Cível e Juizado Especial Cível)",2026-05-31,12,100.0,7
ACREÚNA,"1ª Vara Judicial (Família e Sucessões, Infância e Juventude, Cível e Juizado Especial Cível)",2026-06-30,12,100.0,8
ACREÚNA,"1ª Vara Judicial (Família e Sucessões, Infância e Juventude, Cível e Juizado Especial Cível)",2026-07-31,12,100.0,9
ACREÚNA,"1ª Vara Judicial (Família e Sucessões, Infância e Juventude, Cível e Juizado Especial Cível)",2026-08-31,12,100.0,10
ACREÚNA,"1ª Vara Judicial (Família e Sucessões, Infância e Juventude, Cível e Juizado Especial Cível)",2026-09-30,12,100.0,11
ACREÚNA,"1ª Vara Judicial (Família e Sucessões, Infância e Juventude, Cível e Juizado Especial Cível)",2026-10-31,12,100.0,12
ACREÚNA,"2ª Vara Judicial (Fazendas Públicas, Criminal, Execução Penal e Juizado Criminal)",2025-11-30,12,94.42,1
ACREÚNA,"2ª Vara Judicial (Fazendas Públicas, Criminal, Execução Penal e Juizado Criminal)",2025-12-31,12,94.65,2
ACREÚNA,"2ª Vara Judicial (Fazendas Públicas, Criminal, Execução Penal e Juizado Criminal)",2026-01-31,12,94.89,3
ACREÚNA,"2ª Vara Judicial (Fazendas Públicas, Criminal, Execução Penal e Juizado Criminal)",2026-02-28,12,95.11,4
ACREÚNA,"2ª Vara Judicial (Fazendas Públicas, Criminal, Execução Penal e Juizado Criminal)",2026-03-31,12,95.34,5
ACREÚNA,"2ª Vara Judicial (Fazendas Públicas, Criminal, Execução Penal e Juizado Criminal)",2026-04-30,12,95.57,6
ACREÚNA,"2ª Vara Judicial (Fazendas Públicas, Criminal, Execução Penal e Juizado Criminal)",2026-05-31,12,95.81,7
ACREÚNA,"2ª Vara Judicial (Fazendas Públicas, Criminal, Execução Penal e Juizado Criminal)",2026-06-30,12,96.04,8
ACREÚNA,"2ª Vara Judicial (Fazendas Públicas, Criminal, Execução Penal e Juizado Criminal)",2026-07-31,12,96.27,9
ACREÚNA,"2ª Vara Judicial (Fazendas Públicas, Criminal, Execução Penal e Juizado Criminal)",2026-08-31,12,96.51,10
ACREÚNA,"2ª Vara Judicial (Fazendas Públicas, Criminal, Execução Penal e Juizado Criminal)",2026-09-30,12,96.74,11
ACREÚNA,"2ª Vara Judicial (Fazendas Públicas, Criminal, Execução Penal e Juizado Criminal)",2026-10-31,12,96.98,12
ALEXÂNIA,Vara Judicial,2025-11-30,12,97.18,1
ALEXÂNIA,Vara Judicial,2025-12-31,12,97.69,2
ALEXÂNIA,Vara Judicial,2026-01-31,12,98.21,3
ALEXÂNIA,Vara Judicial,2026-02-28,12,98.68,4
ALEXÂNIA,Vara Judicial,2026-03-31,12,99.2,5
ALEXÂNIA,Vara Judicial,2026-04-30,12,99.7,6
ALEXÂNIA,Vara Judicial,2026-05-31,12,100.0,7
ALEXÂNIA,Vara Judicial,2026-06-30,12,100.0,8
ALEXÂNIA,Vara Judicial,2026-07-31,12,100.0,9
ALEXÂNIA,Vara Judicial,2026-08-31,12,100.0,10
ALEXÂNIA,Vara Judicial,2026-09-30,12,100.0,11
ALEXÂNIA,Vara Judicial,2026-10-31,12,100.0,12
ALTO PARAÍSO DE GOIÁS,Vara Judicial,2025-11-30,12,95.86,1
ALTO PARAÍSO DE GOIÁS,Vara Judicial,2025-12-31,12,95.94,2
ALTO PARAÍSO DE GOIÁS,Vara Judicial,2026-01-31,12,96.03,3
ALTO PARAÍSO DE GOIÁS,Vara Judicial,2026-02-28,12,96.1,4
ALTO PARAÍSO DE GOIÁS,Vara Judicial,2026-03-31,12,96.19,5
ALTO PARAÍSO DE GOIÁS,Vara Judicial,2026-04-30,12,96.27,6
ALTO PARAÍSO DE GOIÁS,Vara Judicial,2026-05-31,12,96.35,7
ALTO PARAÍSO DE GOIÁS,Vara Judicial,2026-06-30,12,96.44,8
ALTO PARAÍSO DE GOIÁS,Vara Judicial,2026-07-31,12,96.52,9
ALTO PARAÍSO DE GOIÁS,Vara Judicial,2026-08-31,12,96.61,10
ALTO PARAÍSO DE GOIÁS,Vara Judicial,2026-09-30,12,96.69,11
ALTO PARAÍSO DE GOIÁS,Vara Judicial,2026-10-31,12,96.77,12
ALVORADA DO NORTE,Vara Judicial,2025-11-30,12,96.02,1
ALVORADA DO NORTE,Vara Judicial,2025-12-31,12,96.26,2
ALVORADA DO NORTE,Vara Judicial,2026-01-31,12,96.5,3
ALVORADA DO NORTE,Vara Judicial,2026-02-28,12,96.72,4
ALVORADA DO NORTE,Vara Judicial,2026-03-31,12,96.96,5
ALVORADA DO NORTE,Vara Judicial,2026-04-30,12,97.2,6
ALVORADA DO NORTE,Vara Judicial,2026-05-31,12,97.44,7
ALVORADA DO NORTE,Vara Judicial,2026-06-30,12,97.67,8
ALVORADA DO NORTE,Vara Judicial,2026-07-31,12,97.91,9
ALVORADA DO NORTE,Vara Judicial,2026-08-31,12,98.15,10
ALVORADA DO NORTE,Vara Judicial,2026-09-30,12,98.39,11
ALVORADA DO NORTE,Vara Judicial,2026-10-31,12,98.63,12
ANICUNS,"1ª Vara Judicial (Família e Sucessões, Infância e Juventude, Cível e Juizado Especial Cível)",2025-11-30,12,100.0,1
ANICUNS,"1ª Vara Judicial (Família e Sucessões, Infância e Juventude, Cível e Juizado Especial Cível)",2025-12-31,12,100.0,2
ANICUNS,"1ª Vara Judicial (Família e Sucessões, Infância e Juventude, Cível e Juizado Especial Cível)",2026-01-31,12,100.0,3
ANICUNS,"1ª Vara Judicial (Família e Sucessões, Infância e Juventude, Cível e Juizado Especial Cível)",2026-02-28,12,100.0,4
ANICUNS,"1ª Vara Judicial (Família e Sucessões, Infância e Juventude, Cível e Juizado Especial Cível)",2026-03-31,12,100.0,5
ANICUNS,"1ª Vara Judicial (Família e Sucessões, Infância e Juventude, Cível e Juizado Especial Cível)",2026-04-30,12,100.0,6
ANICUNS,"1ª Vara Judicial (Família e Sucessões, Infância e Juventude, Cível e Juizado Especial Cível)",2026-05-31,12,100.0,7
ANICUNS,"1ª Vara Judicial (Família e Sucessões, Infância e Juventude, Cível e Juizado Especial Cível)",2026-06-30,12,100.0,8
ANICUNS,"1ª Vara Judicial (Família e Sucessões, Infância e Juventude, Cível e Juizado Especial Cível)",2026-07-31,12,100.0,9
ANICUNS,"1ª Vara Judicial (Família e Sucessões, Infância e Juventude, Cível e Juizado Especial Cível)",2026-08-31,12,100.0,10
ANICUNS,"1ª Vara Judicial (Família e Sucessões, Infância e Juventude, Cível e Juizado Especial Cível)",2026-09-30,12,100.0,11
ANICUNS,"1ª Vara Judicial (Família e Sucessões, Infância e Juventude, Cível e Juizado Especial Cível)",2026-10-31,12,100.0,12
ANICUNS,"2ª Vara Judicial (Fazendas Públicas, Criminal, Execução Penal e Juizado Criminal)",2025-11-30,12,91.31,1
ANICUNS,"2ª Vara Judicial (Fazendas Públicas, Criminal, Execução Penal e Juizado Criminal)",2025-12-31,12,91.85,2
ANICUNS,"2ª Vara Judicial (Fazendas Públicas, Criminal, Execução Penal e Juizado Criminal)",2026-01-31,12,92.39,3
ANICUNS,"2ª Vara Judicial (Fazendas Públicas, Criminal, Execução Penal e Juizado Criminal)",2026-02-28,12,92.87,4
ANICUNS,"2ª Vara Judicial (Fazendas Públicas, Criminal, Execução Penal e Juizado Criminal)",2026-03-31,12,93.41,5
ANICUNS,"2ª Vara Judicial (Fazendas Públicas, Criminal, Execução Penal e Juizado Criminal)",2026-04-30,12,93.93,6
ANICUNS,"2ª Vara Judicial (Fazendas Públicas, Criminal, Execução Penal e Juizado Criminal)",2026-05-31,12,94.47,7
ANICUNS,"2ª Vara Judicial (Fazendas Públicas, Criminal, Execução Penal e Juizado Criminal)",2026-06-30,12,94.99,8
ANICUNS,"2ª Vara Judicial (Fazendas Públicas, Criminal, Execução Penal e Juizado Criminal)",2026-07-31,12,95.53,9
ANICUNS,"2ª Vara Judicial (Fazendas Públicas, Criminal, Execução Penal e Juizado Criminal)",2026-08-31,12,96.07,10
ANICUNS,"2ª Vara Judicial (Fazendas Públicas, Criminal, Execução Penal e Juizado Criminal)",2026-09-30,12,96.59,11
ANICUNS,"2ª Vara Judicial (Fazendas Públicas, Criminal, Execução Penal e Juizado Criminal)",2026-10-31,12,97.13,12
ANÁPOLIS,1ª Vara Criminal,2025-11-30,12,100.0,1
ANÁPOLIS,1ª Vara Criminal,2025-12-31,12,100.0,2
ANÁPOLIS,1ª Vara Criminal,2026-01-31,12,100.0,3
ANÁPOLIS,1ª Vara Criminal,2026-02-28,12,100.0,4
ANÁPOLIS,1ª Vara Criminal,2026-03-31,12,100.0,5
ANÁPOLIS,1ª Vara Criminal,2026-04-30,12,100.0,6
ANÁPOLIS,1ª Vara Criminal,2026-05-31,12,100.0,7
ANÁPOLIS,1ª Vara Criminal,2026-06-30,12,100.0,8
ANÁPOLIS,1ª Vara Criminal,2026-07-31,12,100.0,9
ANÁPOLIS,1ª Vara Criminal,2026-08-31,12,100.0,10
ANÁPOLIS,1ª Vara Criminal,2026-09-30,12,100.0,11
ANÁPOLIS,1ª Vara Criminal,2026-10-31,12,100.0,12
ANÁPOLIS,1ª Vara Cível,2025-11-30,12,95.38,1
ANÁPOLIS,1ª Vara Cível,2025-12-31,12,95.45,2
ANÁPOLIS,1ª Vara Cível,2026-01-31,12,95.52,3
ANÁPOLIS,1ª Vara Cível,2026-02-28,12,95.58,4
ANÁPOLIS,1ª Vara Cível,2026-03-31,12,95.65,5
ANÁPOLIS,1ª Vara Cível,2026-04-30,12,95.72,6
ANÁPOLIS,1ª Vara Cível,2026-05-31,12,95.79,7
ANÁPOLIS,1ª Vara Cível,2026-06-30,12,95.86,8
ANÁPOLIS,1ª Vara Cível,2026-07-31,12,95.93,9
ANÁPOLIS,1ª Vara Cível,2026-08-31,12,95.99,10
ANÁPOLIS,1ª Vara Cível,2026-09-30,12,96.06,11
ANÁPOLIS,1ª Vara Cível,2026-10-31,12,96.13,12
ANÁPOLIS,1ª Vara de Família e Sucessões,2025-11-30,12,91.61,1
ANÁPOLIS,1ª Vara de Família e Sucessões,2025-12-31,12,92.33,2
ANÁPOLIS,1ª Vara de Família e Sucessões,2026-01-31,12,93.04,3
ANÁPOLIS,1ª Vara de Família e Sucessões,2026-02-28,12,93.69,4
ANÁPOLIS,1ª Vara de Família e Sucessões,2026-03-31,12,94.4,5
ANÁPOLIS,1ª Vara de Família e Sucessões,2026-04-30,12,95.09,6
ANÁPOLIS,1ª Vara de Família e Sucessões,2026-05-31,12,95.81,7
ANÁPOLIS,1ª Vara de Família e Sucessões,2026-06-30,12,96.5,8
ANÁPOLIS,1ª Vara de Família e Sucessões,2026-07-31,12,97.21,9
ANÁPOLIS,1ª Vara de Família e Sucessões,2026-08-31,12,97.93,10
ANÁPOLIS,1ª Vara de Família e Sucessões,2026-09-30,12,98.62,11
ANÁPOLIS,1ª Vara de Família e Sucessões,2026-10-31,12,99.33,12
ANÁPOLIS,1º Juizado Especial Criminal,2025-11-30,12,97.05,1
ANÁPOLIS,1º Juizado Especial Criminal,2025-12-31,12,97.66,2
ANÁPOLIS,1º Juizado Especial Criminal,2026-01-31,12,98.27,3
ANÁPOLIS,1º Juizado Especial Criminal,2026-02-28,12,98.82,4
ANÁPOLIS,1º Juizado Especial Criminal,2026-03-31,12,99.43,5
ANÁPOLIS,1º Juizado Especial Criminal,2026-04-30,12,100.0,6
ANÁPOLIS,1º Juizado Especial Criminal,2026-05-31,12,100.0,7
ANÁPOLIS,1º Juizado Especial Criminal,2026-06-30,12,100.0,8
ANÁPOLIS,1º Juizado Especial Criminal,2026-07-31,12,100.0,9
ANÁPOLIS,1º Juizado Especial Criminal,2026-08-31,12,100.0,10
ANÁPOLIS,1º Juizado Especial Criminal,2026-09-30,12,100.0,11
ANÁPOLIS,1º Juizado Especial Criminal,2026-10-31,12,100.0,12
ANÁPOLIS,1º Juizado Especial Cível,2025-11-30,12,64.27,1
ANÁPOLIS,1º Juizado Especial Cível,2025-12-31,12,65.45,2
ANÁPOLIS,1º Juizado Especial Cível,2026-01-31,12,66.62,3
ANÁPOLIS,1º Juizado Especial Cível,2026-02-28,12,67.68,4
ANÁPOLIS,1º Juizado Especial Cível,2026-03-31,12,68.86,5
ANÁPOLIS,1º Juizado Especial Cível,2026-04-30,12,69.99,6
ANÁPOLIS,1º Juizado Especial Cível,2026-05-31,12,71.17,7
ANÁPOLIS,1º Juizado Especial Cível,2026-06-30,12,72.3,8
ANÁPOLIS,1º Juizado Especial Cível,2026-07-31,12,73.48,9
ANÁPOLIS,1º Juizado Especial Cível,2026-08-31,12,74.65,10
ANÁPOLIS,1º Juizado Especial Cível,2026-09-30,12,75.79,11
ANÁPOLIS,1º Juizado Especial Cível,2026-10-31,12,76.96,12
ANÁPOLIS,2ª Vara Criminal,2025-11-30,12,96.72,1
ANÁPOLIS,2ª Vara Criminal,2025-12-31,12,97.2,2
ANÁPOLIS,2ª Vara Criminal,2026-01-31,12,97.68,3
ANÁPOLIS,2ª Vara Criminal,2026-02-28,12,98.11,4
ANÁPOLIS,2ª Vara Criminal,2026-03-31,12,98.59,5
ANÁPOLIS,2ª Vara Criminal,2026-04-30,12,99.05,6
ANÁPOLIS,2ª Vara Criminal,2026-05-31,12,99.53,7
ANÁPOLIS,2ª Vara Criminal,2026-06-30,12,99.99,8
ANÁPOLIS,2ª Vara Criminal,2026-07-31,12,100.0,9
ANÁPOLIS,2ª Vara Criminal,2026-08-31,12,100.0,10
ANÁPOLIS,2ª Vara Criminal,2026-09-30,12,100.0,11
ANÁPOLIS,2ª Vara Criminal,2026-10-31,12,100.0,12
ANÁPOLIS,2ª Vara Cível,2025-11-30,12,94.28,1
ANÁPOLIS,2ª Vara Cível,2025-12-31,12,94.25,2
ANÁPOLIS,2ª Vara Cível,2026-01-31,12,94.23,3
ANÁPOLIS,2ª Vara Cível,2026-02-28,12,94.21,4
ANÁPOLIS,2ª Vara Cível,2026-03-31,12,94.19,5
ANÁPOLIS,2ª Vara Cível,2026-04-30,12,94.17,6
ANÁPOLIS,2ª Vara Cível,2026-05-31,12,94.15,7
ANÁPOLIS,2ª Vara Cível,2026-06-30,12,94.13,8
ANÁPOLIS,2ª Vara Cível,2026-07-31,12,94.11,9
ANÁPOLIS,2ª Vara Cível,2026-08-31,12,94.09,10
ANÁPOLIS,2ª Vara Cível,2026-09-30,12,94.06,11
ANÁPOLIS,2ª Vara Cível,2026-10-31,12,94.04,12
ANÁPOLIS,2ª Vara de Família e Sucessões,2025-11-30,12,98.38,1
ANÁPOLIS,2ª Vara de Família e Sucessões,2025-12-31,12,99.6,2
ANÁPOLIS,2ª Vara de Família e Sucessões,2026-01-31,12,100.0,3
ANÁPOLIS,2ª Vara de Família e Sucessões,2026-02-28,12,100.0,4
ANÁPOLIS,2ª Vara de Família e Sucessões,2026-03-31,12,100.0,5
ANÁPOLIS,2ª Vara de Família e Sucessões,2026-04-30,12,100.0,6
ANÁPOLIS,2ª Vara de Família e Sucessões,2026-05-31,12,100.0,7
ANÁPOLIS,2ª Vara de Família e Sucessões,2026-06-30,12,100.0,8
ANÁPOLIS,2ª Vara de Família e Sucessões,2026-07-31,12,100.0,9
ANÁPOLIS,2ª Vara de Família e Sucessões,2026-08-31,12,100.0,10
ANÁPOLIS,2ª Vara de Família e Sucessões,2026-09-30,12,100.0,11
ANÁPOLIS,2ª Vara de Família e Sucessões,2026-10-31,12,100.0,12
ANÁPOLIS,2º Juizado Especial Cível,2025-11-30,12,73.98,1
ANÁPOLIS,2º Juizado Especial Cível,2025-12-31,12,74.95,2
ANÁPOLIS,2º Juizado Especial Cível,2026-01-31,12,75.91,3
ANÁPOLIS,2º Juizado Especial Cível,2026-02-28,12,76.78,4
ANÁPOLIS,2º Juizado Especial Cível,2026-03-31,12,77.75,5
ANÁPOLIS,2º Juizado Especial Cível,2026-04-30,12,78.68,6
ANÁPOLIS,2º Juizado Especial Cível,2026-05-31,12,79.65,7
ANÁPOLIS,2º Juizado Especial Cível,2026-06-30,12,80.58,8
ANÁPOLIS,2º Juizado Especial Cível,2026-07-31,12,81.55,9
ANÁPOLIS,2º Juizado Especial Cível,2026-08-31,12,82.52,10
ANÁPOLIS,2º Juizado Especial Cível,2026-09-30,12,83.45,11
ANÁPOLIS,2º Juizado Especial Cível,2026-10-31,12,84.42,12
ANÁPOLIS,3ª Vara Criminal,2025-11-30,12,100.0,1
ANÁPOLIS,3ª Vara Criminal,2025-12-31,12,100.0,2
ANÁPOLIS,3ª Vara Criminal,2026-01-31,12,100.0,3
ANÁPOLIS,3ª Vara Criminal,2026-02-28,12,100.0,4
ANÁPOLIS,3ª Vara Criminal,2026-03-31,12,100.0,5
ANÁPOLIS,3ª Vara Criminal,2026-04-30,12,100.0,6
ANÁPOLIS,3ª Vara Criminal,2026-05-31,12,100.0,7
ANÁPOLIS,3ª Vara Criminal,2026-06-30,12,100.0,8
ANÁPOLIS,3ª Vara Criminal,2026-07-31,12,100.0,9
ANÁPOLIS,3ª Vara Criminal,2026-08-31,12,100.0,10
ANÁPOLIS,3ª Vara Criminal,2026-09-30,12,100.0,11
ANÁPOLIS,3ª Vara Criminal,2026-10-31,12,100.0,12
ANÁPOLIS,3ª Vara Cível,2025-11-30,12,91.81,1
ANÁPOLIS,3ª Vara Cível,2025-12-31,12,91.68,2
ANÁPOLIS,3ª Vara Cível,2026-01-31,12,91.55,3
ANÁPOLIS,3ª Vara Cível,2026-02-28,12,91.43,4
ANÁPOLIS,3ª Vara Cível,2026-03-31,12,91.3,5
ANÁPOLIS,3ª Vara Cível,2026-04-30,12,91.17,6
ANÁPOLIS,3ª Vara Cível,2026-05-31,12,91.04,7
ANÁPOLIS,3ª Vara Cível,2026-06-30,12,90.91,8
ANÁPOLIS,3ª Vara Cível,2026-07-31,12,90.78,9
ANÁPOLIS,3ª Vara Cível,2026-08-31,12,90.65,10
ANÁPOLIS,3ª Vara Cível,2026-09-30,12,90.53,11
ANÁPOLIS,3ª Vara Cível,2026-10-31,12,90.39,12
ANÁPOLIS,3ª Vara de Família e Sucessões,2025-11-30,12,95.02,1
ANÁPOLIS,3ª Vara de Família e Sucessões,2025-12-31,12,95.39,2
ANÁPOLIS,3ª Vara de Família e Sucessões,2026-01-31,12,95.75,3
ANÁPOLIS,3ª Vara de Família e Sucessões,2026-02-28,12,96.09,4
ANÁPOLIS,3ª Vara de Família e Sucessões,2026-03-31,12,96.45,5
ANÁPOLIS,3ª Vara de Família e Sucessões,2026-04-30,12,96.81,6
ANÁPOLIS,3ª Vara de Família e Sucessões,2026-05-31,12,97.17,7
ANÁPOLIS,3ª Vara de Família e Sucessões,2026-06-30,12,97.53,8
ANÁPOLIS,3ª Vara de Família e Sucessões,2026-07-31,12,97.9,9
ANÁPOLIS,3ª Vara de Família e Sucessões,2026-08-31,12,98.26,10
ANÁPOLIS,3ª Vara de Família e Sucessões,2026-09-30,12,98.62,11
ANÁPOLIS,3ª Vara de Família e Sucessões,2026-10-31,12,98.98,12
ANÁPOLIS,3º Juizado Especial Cível,2025-11-30,12,50.79,1
ANÁPOLIS,3º Juizado Especial Cível,2025-12-31,12,51.82,2
ANÁPOLIS,3º Juizado Especial Cível,2026-01-31,12,52.86,3
ANÁPOLIS,3º Juizado Especial Cível,2026-02-28,12,53.79,4
ANÁPOLIS,3º Juizado Especial Cível,2026-03-31,12,54.82,5
ANÁPOLIS,3º Juizado Especial Cível,2026-04-30,12,55.82,6
ANÁPOLIS,3º Juizado Especial Cível,2026-05-31,12,56.85,7
ANÁPOLIS,3º Juizado Especial Cível,2026-06-30,12,57.85,8
ANÁPOLIS,3º Juizado Especial Cível,2026-07-31,12,58.88,9
ANÁPOLIS,3º Juizado Especial Cível,2026-08-31,12,59.92,10
ANÁPOLIS,3º Juizado Especial Cível,2026-09-30,12,60.91,11
ANÁPOLIS,3º Juizado Especial Cível,2026-10-31,12,61.95,12
ANÁPOLIS,4ª Vara Criminal (Presidência do Tribunal do Juri e execuções penais),2025-11-30,12,3.22,1
ANÁPOLIS,4ª Vara Criminal (Presidência do Tribunal do Juri e execuções penais),2025-12-31,12,3.09,2
ANÁPOLIS,4ª Vara Criminal (Presidência do Tribunal do Juri e execuções penais),2026-01-31,12,2.96,3
ANÁPOLIS,4ª Vara Criminal (Presidência do Tribunal do Juri e execuções penais),2026-02-28,12,2.85,4
ANÁPOLIS,4ª Vara Criminal (Presidência do Tribunal do Juri e execuções penais),2026-03-31,12,2.72,5
ANÁPOLIS,4ª Vara Criminal (Presidência do Tribunal do Juri e execuções penais),2026-04-30,12,2.59,6
ANÁPOLIS,4ª Vara Criminal (Presidência do Tribunal do Juri e execuções penais),2026-05-31,12,2.46,7
ANÁPOLIS,4ª Vara Criminal (Presidência do Tribunal do Juri e execuções penais),2026-06-30,12,2.34,8
ANÁPOLIS,4ª Vara Criminal (Presidência do Tribunal do Juri e execuções penais),2026-07-31,12,2.21,9
ANÁPOLIS,4ª Vara Criminal (Presidência do Tribunal do Juri e execuções penais),2026-08-31,12,2.08,10
ANÁPOLIS,4ª Vara Criminal (Presidência do Tribunal do Juri e execuções penais),2026-09-30,12,1.96,11
ANÁPOLIS,4ª Vara Criminal (Presidência do Tribunal do Juri e execuções penais),2026-10-31,12,1.83,12
ANÁPOLIS,4ª Vara Cível,2025-11-30,12,95.45,1
ANÁPOLIS,4ª Vara Cível,2025-12-31,12,95.47,2
ANÁPOLIS,4ª Vara Cível,2026-01-31,12,95.5,3
ANÁPOLIS,4ª Vara Cível,2026-02-28,12,95.52,4
ANÁPOLIS,4ª Vara Cível,2026-03-31,12,95.54,5
ANÁPOLIS,4ª Vara Cível,2026-04-30,12,95.57,6
ANÁPOLIS,4ª Vara Cível,2026-05-31,12,95.59,7
ANÁPOLIS,4ª Vara Cível,2026-06-30,12,95.61,8
ANÁPOLIS,4ª Vara Cível,2026-07-31,12,95.64,9
ANÁPOLIS,4ª Vara Cível,2026-08-31,12,95.66,10
ANÁPOLIS,4ª Vara Cível,2026-09-30,12,95.69,11
ANÁPOLIS,4ª Vara Cível,2026-10-31,12,95.71,12
ANÁPOLIS,4º Juizado Especial Cível,2025-11-30,12,77.78,1
ANÁPOLIS,4º Juizado Especial Cível,2025-12-31,12,79.3,2
ANÁPOLIS,4º Juizado Especial Cível,2026-01-31,12,80.81,3
ANÁPOLIS,4º Juizado Especial Cível,2026-02-28,12,82.18,4
ANÁPOLIS,4º Juizado Especial Cível,2026-03-31,12,83.7,5
ANÁPOLIS,4º Juizado Especial Cível,2026-04-30,12,85.17,6
ANÁPOLIS,4º Juizado Especial Cível,2026-05-31,12,86.69,7
ANÁPOLIS,4º Juizado Especial Cível,2026-06-30,12,88.15,8
ANÁPOLIS,4º Juizado Especial Cível,2026-07-31,12,89.67,9
ANÁPOLIS,4º Juizado Especial Cível,2026-08-31,12,91.19,10
ANÁPOLIS,4º Juizado Especial Cível,2026-09-30,12,92.66,11
ANÁPOLIS,4º Juizado Especial Cível,2026-10-31,12,94.17,12
ANÁPOLIS,5ª Vara Criminal,2025-11-30,12,100.0,1
ANÁPOLIS,5ª Vara Criminal,2025-12-31,12,100.0,2
ANÁPOLIS,5ª Vara Criminal,2026-01-31,12,100.0,3
ANÁPOLIS,5ª Vara Criminal,2026-02-28,12,100.0,4
ANÁPOLIS,5ª Vara Criminal,2026-03-31,12,100.0,5
ANÁPOLIS,5ª Vara Criminal,2026-04-30,12,100.0,6
ANÁPOLIS,5ª Vara Criminal,2026-05-31,12,100.0,7
ANÁPOLIS,5ª Vara Criminal,2026-06-30,12,100.0,8
ANÁPOLIS,5ª Vara Criminal,2026-07-31,12,100.0,9
ANÁPOLIS,5ª Vara Criminal,2026-08-31,12,100.0,10
ANÁPOLIS,5ª Vara Criminal,2026-09-30,12,100.0,11
ANÁPOLIS,5ª Vara Criminal,2026-10-31,12,100.0,12
ANÁPOLIS,5ª Vara Cível,2025-11-30,12,95.97,1
ANÁPOLIS,5ª Vara Cível,2025-12-31,12,96.1,2
ANÁPOLIS,5ª Vara Cível,2026-01-31,12,96.23,3
ANÁPOLIS,5ª Vara Cível,2026-02-28,12,96.35,4
ANÁPOLIS,5ª Vara Cível,2026-03-31,12,96.48,5
ANÁPOLIS,5ª Vara Cível,2026-04-30,12,96.61,6
ANÁPOLIS,5ª Vara Cível,2026-05-31,12,96.74,7
ANÁPOLIS,5ª Vara Cível,2026-06-30,12,96.87,8
ANÁPOLIS,5ª Vara Cível,2026-07-31,12,97.0,9
ANÁPOLIS,5ª Vara Cível,2026-08-31,12,97.14,10
ANÁPOLIS,5ª Vara Cível,2026-09-30,12,97.26,11
ANÁPOLIS,5ª Vara Cível,2026-10-31,12,97.4,12
ANÁPOLIS,6ª Vara Cível,2025-11-30,12,93.29,1
ANÁPOLIS,6ª Vara Cível,2025-12-31,12,93.36,2
ANÁPOLIS,6ª Vara Cível,2026-01-31,12,93.43,3
ANÁPOLIS,6ª Vara Cível,2026-02-28,12,93.5,4
ANÁPOLIS,6ª Vara Cível,2026-03-31,12,93.57,5
ANÁPOLIS,6ª Vara Cível,2026-04-30,12,93.63,6
ANÁPOLIS,6ª Vara Cível,2026-05-31,12,93.71,7
ANÁPOLIS,6ª Vara Cível,2026-06-30,12,93.77,8
ANÁPOLIS,6ª Vara Cível,2026-07-31,12,93.84,9
ANÁPOLIS,6ª Vara Cível,2026-08-31,12,93.91,10
ANÁPOLIS,6ª Vara Cível,2026-09-30,12,93.98,11
ANÁPOLIS,6ª Vara Cível,2026-10-31,12,94.05,12
ANÁPOLIS,Juizado da Infância e da Juventude,2025-11-30,12,89.61,1
ANÁPOLIS,Juizado da Infância e da Juventude,2025-12-31,12,91.47,2
ANÁPOLIS,Juizado da Infância e da Juventude,2026-01-31,12,93.34,3
ANÁPOLIS,Juizado da Infância e da Juventude,2026-02-28,12,95.02,4
ANÁPOLIS,Juizado da Infância e da Juventude,2026-03-31,12,96.89,5
ANÁPOLIS,Juizado da Infância e da Juventude,2026-04-30,12,98.69,6
ANÁPOLIS,Juizado da Infância e da Juventude,2026-05-31,12,100.0,7
ANÁPOLIS,Juizado da Infância e da Juventude,2026-06-30,12,100.0,8
ANÁPOLIS,Juizado da Infância e da Juventude,2026-07-31,12,100.0,9
ANÁPOLIS,Juizado da Infância e da Juventude,2026-08-31,12,100.0,10
ANÁPOLIS,Juizado da Infância e da Juventude,2026-09-30,12,100.0,11
ANÁPOLIS,Juizado da Infância e da Juventude,2026-10-31,12,100.0,12
ANÁPOLIS,Juizado de Violência Doméstica e Familiar Contra a Mulher,2025-11-30,12,96.4,1
ANÁPOLIS,Juizado de Violência Doméstica e Familiar Contra a Mulher,2025-12-31,12,96.93,2
ANÁPOLIS,Juizado de Violência Doméstica e Familiar Contra a Mulher,2026-01-31,12,97.45,3
ANÁPOLIS,Juizado de Violência Doméstica e Familiar Contra a Mulher,2026-02-28,12,97.93,4
ANÁPOLIS,Juizado de Violência Doméstica e Familiar Contra a Mulher,2026-03-31,12,98.45,5
ANÁPOLIS,Juizado de Violência Doméstica e Familiar Contra a Mulher,2026-04-30,12,98.96,6
ANÁPOLIS,Juizado de Violência Doméstica e Familiar Contra a Mulher,2026-05-31,12,99.49,7
ANÁPOLIS,Juizado de Violência Doméstica e Familiar Contra a Mulher,2026-06-30,12,100.0,8
ANÁPOLIS,Juizado de Violência Doméstica e Familiar Contra a Mulher,2026-07-31,12,100.0,9
ANÁPOLIS,Juizado de Violência Doméstica e Familiar Contra a Mulher,2026-08-31,12,100.0,10
ANÁPOLIS,Juizado de Violência Doméstica e Familiar Contra a Mulher,2026-09-30,12,100.0,11
ANÁPOLIS,Juizado de Violência Doméstica e Familiar Contra a Mulher,2026-10-31,12,100.0,12
ANÁPOLIS,"Vara da Faz. Púb. Mun.,de Reg. Púb., e Amb.",2025-11-30,12,94.91,1
ANÁPOLIS,"Vara da Faz. Púb. Mun.,de Reg. Púb., e Amb.",2025-12-31,12,94.93,2
ANÁPOLIS,"Vara da Faz. Púb. Mun.,de Reg. Púb., e Amb.",2026-01-31,12,94.95,3
ANÁPOLIS,"Vara da Faz. Púb. Mun.,de Reg. Púb., e Amb.",2026-02-28,12,94.96,4
ANÁPOLIS,"Vara da Faz. Púb. Mun.,de Reg. Púb., e Amb.",2026-03-31,12,94.98,5
ANÁPOLIS,"Vara da Faz. Púb. Mun.,de Reg. Púb., e Amb.",2026-04-30,12,95.0,6
ANÁPOLIS,"Vara da Faz. Púb. Mun.,de Reg. Púb., e Amb.",2026-05-31,12,95.02,7
ANÁPOLIS,"Vara da Faz. Púb. Mun.,de Reg. Púb., e Amb.",2026-06-30,12,95.04,8
ANÁPOLIS,"Vara da Faz. Púb. Mun.,de Reg. Púb., e Amb.",2026-07-31,12,95.06,9
ANÁPOLIS,"Vara da Faz. Púb. Mun.,de Reg. Púb., e Amb.",2026-08-31,12,95.07,10
ANÁPOLIS,"Vara da Faz. Púb. Mun.,de Reg. Púb., e Amb.",2026-09-30,12,95.09,11
ANÁPOLIS,"Vara da Faz. Púb. Mun.,de Reg. Púb., e Amb.",2026-10-31,12,95.11,12
ANÁPOLIS,Vara da Fazenda Pública Estadual ,2025-11-30,12,87.74,1
ANÁPOLIS,Vara da Fazenda Pública Estadual ,2025-12-31,12,87.46,2
ANÁPOLIS,Vara da Fazenda Pública Estadual ,2026-01-31,12,87.19,3
ANÁPOLIS,Vara da Fazenda Pública Estadual ,2026-02-28,12,86.95,4
ANÁPOLIS,Vara da Fazenda Pública Estadual ,2026-03-31,12,86.68,5
ANÁPOLIS,Vara da Fazenda Pública Estadual ,2026-04-30,12,86.42,6
ANÁPOLIS,Vara da Fazenda Pública Estadual ,2026-05-31,12,86.15,7
ANÁPOLIS,Vara da Fazenda Pública Estadual ,2026-06-30,12,85.88,8
ANÁPOLIS,Vara da Fazenda Pública Estadual ,2026-07-31,12,85.61,9
ANÁPOLIS,Vara da Fazenda Pública Estadual ,2026-08-31,12,85.34,10
ANÁPOLIS,Vara da Fazenda Pública Estadual ,2026-09-30,12,85.08,11
ANÁPOLIS,Vara da Fazenda Pública Estadual ,2026-10-31,12,84.81,12
APARECIDA DE GOIÂNIA,1ª Vara Criminal,2025-11-30,12,100.0,1
APARECIDA DE GOIÂNIA,1ª Vara Criminal,2025-12-31,12,100.0,2
APARECIDA DE GOIÂNIA,1ª Vara Criminal,2026-01-31,12,100.0,3
APARECIDA DE GOIÂNIA,1ª Vara Criminal,2026-02-28,12,100.0,4
APARECIDA DE GOIÂNIA,1ª Vara Criminal,2026-03-31,12,100.0,5
APARECIDA DE GOIÂNIA,1ª Vara Criminal,2026-04-30,12,100.0,6
APARECIDA DE GOIÂNIA,1ª Vara Criminal,2026-05-31,12,100.0,7
APARECIDA DE GOIÂNIA,1ª Vara Criminal,2026-06-30,12,100.0,8
APARECIDA DE GOIÂNIA,1ª Vara Criminal,2026-07-31,12,100.0,9
APARECIDA DE GOIÂNIA,1ª Vara Criminal,2026-08-31,12,100.0,10
APARECIDA DE GOIÂNIA,1ª Vara Criminal,2026-09-30,12,100.0,11
APARECIDA DE GOIÂNIA,1ª Vara Criminal,2026-10-31,12,100.0,12
APARECIDA DE GOIÂNIA,"1ª Vara Criminal dos Crimes Dolosos contra a Vida, Tribunal do Júri e Execuções Penais (privativas de liberdade em regime aberto)",2025-11-30,12,77.25,1
APARECIDA DE GOIÂNIA,"1ª Vara Criminal dos Crimes Dolosos contra a Vida, Tribunal do Júri e Execuções Penais (privativas de liberdade em regime aberto)",2025-12-31,12,78.43,2
APARECIDA DE GOIÂNIA,"1ª Vara Criminal dos Crimes Dolosos contra a Vida, Tribunal do Júri e Execuções Penais (privativas de liberdade em regime aberto)",2026-01-31,12,79.6,3
APARECIDA DE GOIÂNIA,"1ª Vara Criminal dos Crimes Dolosos contra a Vida, Tribunal do Júri e Execuções Penais (privativas de liberdade em regime aberto)",2026-02-28,12,80.66,4
APARECIDA DE GOIÂNIA,"1ª Vara Criminal dos Crimes Dolosos contra a Vida, Tribunal do Júri e Execuções Penais (privativas de liberdade em regime aberto)",2026-03-31,12,81.83,5
APARECIDA DE GOIÂNIA,"1ª Vara Criminal dos Crimes Dolosos contra a Vida, Tribunal do Júri e Execuções Penais (privativas de liberdade em regime aberto)",2026-04-30,12,82.97,6
APARECIDA DE GOIÂNIA,"1ª Vara Criminal dos Crimes Dolosos contra a Vida, Tribunal do Júri e Execuções Penais (privativas de liberdade em regime aberto)",2026-05-31,12,84.14,7
APARECIDA DE GOIÂNIA,"1ª Vara Criminal dos Crimes Dolosos contra a Vida, Tribunal do Júri e Execuções Penais (privativas de liberdade em regime aberto)",2026-06-30,12,85.28,8
APARECIDA DE GOIÂNIA,"1ª Vara Criminal dos Crimes Dolosos contra a Vida, Tribunal do Júri e Execuções Penais (privativas de liberdade em regime aberto)",2026-07-31,12,86.45,9
APARECIDA DE GOIÂNIA,"1ª Vara Criminal dos Crimes Dolosos contra a Vida, Tribunal do Júri e Execuções Penais (privativas de liberdade em regime aberto)",2026-08-31,12,87.63,10
APARECIDA DE GOIÂNIA,"1ª Vara Criminal dos Crimes Dolosos contra a Vida, Tribunal do Júri e Execuções Penais (privativas de liberdade em regime aberto)",2026-09-30,12,88.77,11
APARECIDA DE GOIÂNIA,"1ª Vara Criminal dos Crimes Dolosos contra a Vida, Tribunal do Júri e Execuções Penais (privativas de liberdade em regime aberto)",2026-10-31,12,89.94,12
APARECIDA DE GOIÂNIA,1ª Vara Cível,2025-11-30,12,95.35,1
APARECIDA DE GOIÂNIA,1ª Vara Cível,2025-12-31,12,95.32,2
APARECIDA DE GOIÂNIA,1ª Vara Cível,2026-01-31,12,95.29,3
APARECIDA DE GOIÂNIA,1ª Vara Cível,2026-02-28,12,95.26,4
APARECIDA DE GOIÂNIA,1ª Vara Cível,2026-03-31,12,95.23,5
APARECIDA DE GOIÂNIA,1ª Vara Cível,2026-04-30,12,95.2,6
APARECIDA DE GOIÂNIA,1ª Vara Cível,2026-05-31,12,95.17,7
APARECIDA DE GOIÂNIA,1ª Vara Cível,2026-06-30,12,95.14,8
APARECIDA DE GOIÂNIA,1ª Vara Cível,2026-07-31,12,95.11,9
APARECIDA DE GOIÂNIA,1ª Vara Cível,2026-08-31,12,95.08,10
APARECIDA DE GOIÂNIA,1ª Vara Cível,2026-09-30,12,95.05,11
APARECIDA DE GOIÂNIA,1ª Vara Cível,2026-10-31,12,95.01,12
APARECIDA DE GOIÂNIA,1ª Vara de Família e Sucessões,2025-11-30,12,97.22,1
APARECIDA DE GOIÂNIA,1ª Vara de Família e Sucessões,2025-12-31,12,98.18,2
APARECIDA DE GOIÂNIA,1ª Vara de Família e Sucessões,2026-01-31,12,99.13,3
APARECIDA DE GOIÂNIA,1ª Vara de Família e Sucessões,2026-02-28,12,100.0,4
APARECIDA DE GOIÂNIA,1ª Vara de Família e Sucessões,2026-03-31,12,100.0,5
APARECIDA DE GOIÂNIA,1ª Vara de Família e Sucessões,2026-04-30,12,100.0,6
APARECIDA DE GOIÂNIA,1ª Vara de Família e Sucessões,2026-05-31,12,100.0,7
APARECIDA DE GOIÂNIA,1ª Vara de Família e Sucessões,2026-06-30,12,100.0,8
APARECIDA DE GOIÂNIA,1ª Vara de Família e Sucessões,2026-07-31,12,100.0,9
APARECIDA DE GOIÂNIA,1ª Vara de Família e Sucessões,2026-08-31,12,100.0,10
APARECIDA DE GOIÂNIA,1ª Vara de Família e Sucessões,2026-09-30,12,100.0,11
APARECIDA DE GOIÂNIA,1ª Vara de Família e Sucessões,2026-10-31,12,100.0,12
APARECIDA DE GOIÂNIA,1° Juizado de Violência Doméstica e Familiar contra a Mulher,2025-11-30,12,85.12,1
APARECIDA DE GOIÂNIA,1° Juizado de Violência Doméstica e Familiar contra a Mulher,2025-12-31,12,85.56,2
APARECIDA DE GOIÂNIA,1° Juizado de Violência Doméstica e Familiar contra a Mulher,2026-01-31,12,86.01,3
APARECIDA DE GOIÂNIA,1° Juizado de Violência Doméstica e Familiar contra a Mulher,2026-02-28,12,86.42,4
APARECIDA DE GOIÂNIA,1° Juizado de Violência Doméstica e Familiar contra a Mulher,2026-03-31,12,86.86,5
APARECIDA DE GOIÂNIA,1° Juizado de Violência Doméstica e Familiar contra a Mulher,2026-04-30,12,87.3,6
APARECIDA DE GOIÂNIA,1° Juizado de Violência Doméstica e Familiar contra a Mulher,2026-05-31,12,87.74,7
APARECIDA DE GOIÂNIA,1° Juizado de Violência Doméstica e Familiar contra a Mulher,2026-06-30,12,88.18,8
APARECIDA DE GOIÂNIA,1° Juizado de Violência Doméstica e Familiar contra a Mulher,2026-07-31,12,88.62,9
APARECIDA DE GOIÂNIA,1° Juizado de Violência Doméstica e Familiar contra a Mulher,2026-08-31,12,89.07,10
APARECIDA DE GOIÂNIA,1° Juizado de Violência Doméstica e Familiar contra a Mulher,2026-09-30,12,89.5,11
APARECIDA DE GOIÂNIA,1° Juizado de Violência Doméstica e Familiar contra a Mulher,2026-10-31,12,89.95,12
APARECIDA DE GOIÂNIA,1º Juizado Especial Criminal,2025-11-30,12,100.0,1
APARECIDA DE GOIÂNIA,1º Juizado Especial Criminal,2025-12-31,12,100.0,2
APARECIDA DE GOIÂNIA,1º Juizado Especial Criminal,2026-01-31,12,100.0,3
APARECIDA DE GOIÂNIA,1º Juizado Especial Criminal,2026-02-28,12,100.0,4
APARECIDA DE GOIÂNIA,1º Juizado Especial Criminal,2026-03-31,12,100.0,5
APARECIDA DE GOIÂNIA,1º Juizado Especial Criminal,2026-04-30,12,100.0,6
APARECIDA DE GOIÂNIA,1º Juizado Especial Criminal,2026-05-31,12,100.0,7
APARECIDA DE GOIÂNIA,1º Juizado Especial Criminal,2026-06-30,12,100.0,8
APARECIDA DE GOIÂNIA,1º Juizado Especial Criminal,2026-07-31,12,100.0,9
APARECIDA DE GOIÂNIA,1º Juizado Especial Criminal,2026-08-31,12,100.0,10
APARECIDA DE GOIÂNIA,1º Juizado Especial Criminal,2026-09-30,12,100.0,11
APARECIDA DE GOIÂNIA,1º Juizado Especial Criminal,2026-10-31,12,100.0,12
APARECIDA DE GOIÂNIA,1º Juizado Especial Cível,2025-11-30,12,78.27,1
APARECIDA DE GOIÂNIA,1º Juizado Especial Cível,2025-12-31,12,79.94,2
APARECIDA DE GOIÂNIA,1º Juizado Especial Cível,2026-01-31,12,81.61,3
APARECIDA DE GOIÂNIA,1º Juizado Especial Cível,2026-02-28,12,83.12,4
APARECIDA DE GOIÂNIA,1º Juizado Especial Cível,2026-03-31,12,84.79,5
APARECIDA DE GOIÂNIA,1º Juizado Especial Cível,2026-04-30,12,86.41,6
APARECIDA DE GOIÂNIA,1º Juizado Especial Cível,2026-05-31,12,88.08,7
APARECIDA DE GOIÂNIA,1º Juizado Especial Cível,2026-06-30,12,89.7,8
APARECIDA DE GOIÂNIA,1º Juizado Especial Cível,2026-07-31,12,91.37,9
APARECIDA DE GOIÂNIA,1º Juizado Especial Cível,2026-08-31,12,93.04,10
APARECIDA DE GOIÂNIA,1º Juizado Especial Cível,2026-09-30,12,94.66,11
APARECIDA DE GOIÂNIA,1º Juizado Especial Cível,2026-10-31,12,96.33,12
APARECIDA DE GOIÂNIA,2ª Vara Criminal,2025-11-30,12,100.0,1
APARECIDA DE GOIÂNIA,2ª Vara Criminal,2025-12-31,12,100.0,2
APARECIDA DE GOIÂNIA,2ª Vara Criminal,2026-01-31,12,100.0,3
APARECIDA DE GOIÂNIA,2ª Vara Criminal,2026-02-28,12,100.0,4
APARECIDA DE GOIÂNIA,2ª Vara Criminal,2026-03-31,12,100.0,5
APARECIDA DE GOIÂNIA,2ª Vara Criminal,2026-04-30,12,100.0,6
APARECIDA DE GOIÂNIA,2ª Vara Criminal,2026-05-31,12,100.0,7
APARECIDA DE GOIÂNIA,2ª Vara Criminal,2026-06-30,12,100.0,8
APARECIDA DE GOIÂNIA,2ª Vara Criminal,2026-07-31,12,100.0,9
APARECIDA DE GOIÂNIA,2ª Vara Criminal,2026-08-31,12,100.0,10
APARECIDA DE GOIÂNIA,2ª Vara Criminal,2026-09-30,12,100.0,11
APARECIDA DE GOIÂNIA,2ª Vara Criminal,2026-10-31,12,100.0,12
APARECIDA DE GOIÂNIA,"2ª Vara Criminal dos Crimes Dolosos contra a Vida, Tribunal do Júri e Execuções Penais (restritivas de direito, alternativas e de multa)",2025-11-30,12,100.0,1
APARECIDA DE GOIÂNIA,"2ª Vara Criminal dos Crimes Dolosos contra a Vida, Tribunal do Júri e Execuções Penais (restritivas de direito, alternativas e de multa)",2025-12-31,12,100.0,2
APARECIDA DE GOIÂNIA,"2ª Vara Criminal dos Crimes Dolosos contra a Vida, Tribunal do Júri e Execuções Penais (restritivas de direito, alternativas e de multa)",2026-01-31,12,100.0,3
APARECIDA DE GOIÂNIA,"2ª Vara Criminal dos Crimes Dolosos contra a Vida, Tribunal do Júri e Execuções Penais (restritivas de direito, alternativas e de multa)",2026-02-28,12,100.0,4
APARECIDA DE GOIÂNIA,"2ª Vara Criminal dos Crimes Dolosos contra a Vida, Tribunal do Júri e Execuções Penais (restritivas de direito, alternativas e de multa)",2026-03-31,12,100.0,5
APARECIDA DE GOIÂNIA,"2ª Vara Criminal dos Crimes Dolosos contra a Vida, Tribunal do Júri e Execuções Penais (restritivas de direito, alternativas e de multa)",2026-04-30,12,100.0,6
APARECIDA DE GOIÂNIA,"2ª Vara Criminal dos Crimes Dolosos contra a Vida, Tribunal do Júri e Execuções Penais (restritivas de direito, alternativas e de multa)",2026-05-31,12,100.0,7
APARECIDA DE GOIÂNIA,"2ª Vara Criminal dos Crimes Dolosos contra a Vida, Tribunal do Júri e Execuções Penais (restritivas de direito, alternativas e de multa)",2026-06-30,12,100.0,8
APARECIDA DE GOIÂNIA,"2ª Vara Criminal dos Crimes Dolosos contra a Vida, Tribunal do Júri e Execuções Penais (restritivas de direito, alternativas e de multa)",2026-07-31,12,100.0,9
APARECIDA DE GOIÂNIA,"2ª Vara Criminal dos Crimes Dolosos contra a Vida, Tribunal do Júri e Execuções Penais (restritivas de direito, alternativas e de multa)",2026-08-31,12,100.0,10
APARECIDA DE GOIÂNIA,"2ª Vara Criminal dos Crimes Dolosos contra a Vida, Tribunal do Júri e Execuções Penais (restritivas de direito, alternativas e de multa)",2026-09-30,12,100.0,11
APARECIDA DE GOIÂNIA,"2ª Vara Criminal dos Crimes Dolosos contra a Vida, Tribunal do Júri e Execuções Penais (restritivas de direito, alternativas e de multa)",2026-10-31,12,100.0,12
APARECIDA DE GOIÂNIA,2ª Vara Cível,2025-11-30,12,95.46,1
APARECIDA DE GOIÂNIA,2ª Vara Cível,2025-12-31,12,95.46,2
APARECIDA DE GOIÂNIA,2ª Vara Cível,2026-01-31,12,95.47,3
APARECIDA DE GOIÂNIA,2ª Vara Cível,2026-02-28,12,95.48,4
APARECIDA DE GOIÂNIA,2ª Vara Cível,2026-03-31,12,95.48,5
APARECIDA DE GOIÂNIA,2ª Vara Cível,2026-04-30,12,95.49,6
APARECIDA DE GOIÂNIA,2ª Vara Cível,2026-05-31,12,95.5,7
APARECIDA DE GOIÂNIA,2ª Vara Cível,2026-06-30,12,95.5,8
APARECIDA DE GOIÂNIA,2ª Vara Cível,2026-07-31,12,95.51,9
APARECIDA DE GOIÂNIA,2ª Vara Cível,2026-08-31,12,95.52,10
APARECIDA DE GOIÂNIA,2ª Vara Cível,2026-09-30,12,95.52,11
APARECIDA DE GOIÂNIA,2ª Vara Cível,2026-10-31,12,95.53,12
APARECIDA DE GOIÂNIA,2ª Vara de Família e Sucessões,2025-11-30,12,97.7,1
APARECIDA DE GOIÂNIA,2ª Vara de Família e Sucessões,2025-12-31,12,98.59,2
APARECIDA DE GOIÂNIA,2ª Vara de Família e Sucessões,2026-01-31,12,99.48,3
APARECIDA DE GOIÂNIA,2ª Vara de Família e Sucessões,2026-02-28,12,100.0,4
APARECIDA DE GOIÂNIA,2ª Vara de Família e Sucessões,2026-03-31,12,100.0,5
APARECIDA DE GOIÂNIA,2ª Vara de Família e Sucessões,2026-04-30,12,100.0,6
APARECIDA DE GOIÂNIA,2ª Vara de Família e Sucessões,2026-05-31,12,100.0,7
APARECIDA DE GOIÂNIA,2ª Vara de Família e Sucessões,2026-06-30,12,100.0,8
APARECIDA DE GOIÂNIA,2ª Vara de Família e Sucessões,2026-07-31,12,100.0,9
APARECIDA DE GOIÂNIA,2ª Vara de Família e Sucessões,2026-08-31,12,100.0,10
APARECIDA DE GOIÂNIA,2ª Vara de Família e Sucessões,2026-09-30,12,100.0,11
APARECIDA DE GOIÂNIA,2ª Vara de Família e Sucessões,2026-10-31,12,100.0,12
APARECIDA DE GOIÂNIA,2º Juizado Especial Cível,2025-11-30,12,77.78,1
APARECIDA DE GOIÂNIA,2º Juizado Especial Cível,2025-12-31,12,78.35,2
APARECIDA DE GOIÂNIA,2º Juizado Especial Cível,2026-01-31,12,78.92,3
APARECIDA DE GOIÂNIA,2º Juizado Especial Cível,2026-02-28,12,79.43,4
APARECIDA DE GOIÂNIA,2º Juizado Especial Cível,2026-03-31,12,80.0,5
APARECIDA DE GOIÂNIA,2º Juizado Especial Cível,2026-04-30,12,80.55,6
APARECIDA DE GOIÂNIA,2º Juizado Especial Cível,2026-05-31,12,81.12,7
APARECIDA DE GOIÂNIA,2º Juizado Especial Cível,2026-06-30,12,81.67,8
APARECIDA DE GOIÂNIA,2º Juizado Especial Cível,2026-07-31,12,82.24,9
APARECIDA DE GOIÂNIA,2º Juizado Especial Cível,2026-08-31,12,82.8,10
APARECIDA DE GOIÂNIA,2º Juizado Especial Cível,2026-09-30,12,83.35,11
APARECIDA DE GOIÂNIA,2º Juizado Especial Cível,2026-10-31,12,83.92,12
APARECIDA DE GOIÂNIA,2º Juizado de Violência Doméstica e Familiar contra a Mulher,2025-11-30,12,91.46,1
APARECIDA DE GOIÂNIA,2º Juizado de Violência Doméstica e Familiar contra a Mulher,2025-12-31,12,92.49,2
APARECIDA DE GOIÂNIA,2º Juizado de Violência Doméstica e Familiar contra a Mulher,2026-01-31,12,93.53,3
APARECIDA DE GOIÂNIA,2º Juizado de Violência Doméstica e Familiar contra a Mulher,2026-02-28,12,94.46,4
APARECIDA DE GOIÂNIA,2º Juizado de Violência Doméstica e Familiar contra a Mulher,2026-03-31,12,95.49,5
APARECIDA DE GOIÂNIA,2º Juizado de Violência Doméstica e Familiar contra a Mulher,2026-04-30,12,96.48,6
APARECIDA DE GOIÂNIA,2º Juizado de Violência Doméstica e Familiar contra a Mulher,2026-05-31,12,97.51,7
APARECIDA DE GOIÂNIA,2º Juizado de Violência Doméstica e Familiar contra a Mulher,2026-06-30,12,98.51,8
APARECIDA DE GOIÂNIA,2º Juizado de Violência Doméstica e Familiar contra a Mulher,2026-07-31,12,99.54,9
APARECIDA DE GOIÂNIA,2º Juizado de Violência Doméstica e Familiar contra a Mulher,2026-08-31,12,100.0,10
APARECIDA DE GOIÂNIA,2º Juizado de Violência Doméstica e Familiar contra a Mulher,2026-09-30,12,100.0,11
APARECIDA DE GOIÂNIA,2º Juizado de Violência Doméstica e Familiar contra a Mulher,2026-10-31,12,100.0,12
APARECIDA DE GOIÂNIA,3ª Vara Criminal,2025-11-30,12,100.0,1
APARECIDA DE GOIÂNIA,3ª Vara Criminal,2025-12-31,12,100.0,2
APARECIDA DE GOIÂNIA,3ª Vara Criminal,2026-01-31,12,100.0,3
APARECIDA DE GOIÂNIA,3ª Vara Criminal,2026-02-28,12,100.0,4
APARECIDA DE GOIÂNIA,3ª Vara Criminal,2026-03-31,12,100.0,5
APARECIDA DE GOIÂNIA,3ª Vara Criminal,2026-04-30,12,100.0,6
APARECIDA DE GOIÂNIA,3ª Vara Criminal,2026-05-31,12,100.0,7
APARECIDA DE GOIÂNIA,3ª Vara Criminal,2026-06-30,12,100.0,8
APARECIDA DE GOIÂNIA,3ª Vara Criminal,2026-07-31,12,100.0,9
APARECIDA DE GOIÂNIA,3ª Vara Criminal,2026-08-31,12,100.0,10
APARECIDA DE GOIÂNIA,3ª Vara Criminal,2026-09-30,12,100.0,11
APARECIDA DE GOIÂNIA,3ª Vara Criminal,2026-10-31,12,100.0,12
APARECIDA DE GOIÂNIA,3ª Vara Cível,2025-11-30,12,95.13,1
APARECIDA DE GOIÂNIA,3ª Vara Cível,2025-12-31,12,95.08,2
APARECIDA DE GOIÂNIA,3ª Vara Cível,2026-01-31,12,95.04,3
APARECIDA DE GOIÂNIA,3ª Vara Cível,2026-02-28,12,94.99,4
APARECIDA DE GOIÂNIA,3ª Vara Cível,2026-03-31,12,94.95,5
APARECIDA DE GOIÂNIA,3ª Vara Cível,2026-04-30,12,94.9,6
APARECIDA DE GOIÂNIA,3ª Vara Cível,2026-05-31,12,94.85,7
APARECIDA DE GOIÂNIA,3ª Vara Cível,2026-06-30,12,94.81,8
APARECIDA DE GOIÂNIA,3ª Vara Cível,2026-07-31,12,94.76,9
APARECIDA DE GOIÂNIA,3ª Vara Cível,2026-08-31,12,94.71,10
APARECIDA DE GOIÂNIA,3ª Vara Cível,2026-09-30,12,94.67,11
APARECIDA DE GOIÂNIA,3ª Vara Cível,2026-10-31,12,94.62,12
APARECIDA DE GOIÂNIA,3ª Vara de Família e Sucessões,2025-11-30,12,93.58,1
APARECIDA DE GOIÂNIA,3ª Vara de Família e Sucessões,2025-12-31,12,94.19,2
APARECIDA DE GOIÂNIA,3ª Vara de Família e Sucessões,2026-01-31,12,94.8,3
APARECIDA DE GOIÂNIA,3ª Vara de Família e Sucessões,2026-02-28,12,95.35,4
APARECIDA DE GOIÂNIA,3ª Vara de Família e Sucessões,2026-03-31,12,95.96,5
APARECIDA DE GOIÂNIA,3ª Vara de Família e Sucessões,2026-04-30,12,96.55,6
APARECIDA DE GOIÂNIA,3ª Vara de Família e Sucessões,2026-05-31,12,97.16,7
APARECIDA DE GOIÂNIA,3ª Vara de Família e Sucessões,2026-06-30,12,97.75,8
APARECIDA DE GOIÂNIA,3ª Vara de Família e Sucessões,2026-07-31,12,98.36,9
APARECIDA DE GOIÂNIA,3ª Vara de Família e Sucessões,2026-08-31,12,98.97,10
APARECIDA DE GOIÂNIA,3ª Vara de Família e Sucessões,2026-09-30,12,99.56,11
APARECIDA DE GOIÂNIA,3ª Vara de Família e Sucessões,2026-10-31,12,100.0,12
APARECIDA DE GOIÂNIA,3º Juizado Especial Cível,2025-11-30,12,83.88,1
APARECIDA DE GOIÂNIA,3º Juizado Especial Cível,2025-12-31,12,84.4,2
APARECIDA DE GOIÂNIA,3º Juizado Especial Cível,2026-01-31,12,84.91,3
APARECIDA DE GOIÂNIA,3º Juizado Especial Cível,2026-02-28,12,85.38,4
APARECIDA DE GOIÂNIA,3º Juizado Especial Cível,2026-03-31,12,85.89,5
APARECIDA DE GOIÂNIA,3º Juizado Especial Cível,2026-04-30,12,86.39,6
APARECIDA DE GOIÂNIA,3º Juizado Especial Cível,2026-05-31,12,86.91,7
APARECIDA DE GOIÂNIA,3º Juizado Especial Cível,2026-06-30,12,87.41,8
APARECIDA DE GOIÂNIA,3º Juizado Especial Cível,2026-07-31,12,87.92,9
APARECIDA DE GOIÂNIA,3º Juizado Especial Cível,2026-08-31,12,88.44,10
APARECIDA DE GOIÂNIA,3º Juizado Especial Cível,2026-09-30,12,88.93,11
APARECIDA DE GOIÂNIA,3º Juizado Especial Cível,2026-10-31,12,89.45,12
APARECIDA DE GOIÂNIA,4ª Vara Criminal,2025-11-30,12,100.0,1
APARECIDA DE GOIÂNIA,4ª Vara Criminal,2025-12-31,12,100.0,2
APARECIDA DE GOIÂNIA,4ª Vara Criminal,2026-01-31,12,100.0,3
APARECIDA DE GOIÂNIA,4ª Vara Criminal,2026-02-28,12,100.0,4
APARECIDA DE GOIÂNIA,4ª Vara Criminal,2026-03-31,12,100.0,5
APARECIDA DE GOIÂNIA,4ª Vara Criminal,2026-04-30,12,100.0,6
APARECIDA DE GOIÂNIA,4ª Vara Criminal,2026-05-31,12,100.0,7
APARECIDA DE GOIÂNIA,4ª Vara Criminal,2026-06-30,12,100.0,8
APARECIDA DE GOIÂNIA,4ª Vara Criminal,2026-07-31,12,100.0,9
APARECIDA DE GOIÂNIA,4ª Vara Criminal,2026-08-31,12,100.0,10
APARECIDA DE GOIÂNIA,4ª Vara Criminal,2026-09-30,12,100.0,11
APARECIDA DE GOIÂNIA,4ª Vara Criminal,2026-10-31,12,100.0,12
APARECIDA DE GOIÂNIA,4ª Vara Cível,2025-11-30,12,96.47,1
APARECIDA DE GOIÂNIA,4ª Vara Cível,2025-12-31,12,96.46,2
APARECIDA DE GOIÂNIA,4ª Vara Cível,2026-01-31,12,96.44,3
APARECIDA DE GOIÂNIA,4ª Vara Cível,2026-02-28,12,96.43,4
APARECIDA DE GOIÂNIA,4ª Vara Cível,2026-03-31,12,96.42,5
APARECIDA DE GOIÂNIA,4ª Vara Cível,2026-04-30,12,96.4,6
APARECIDA DE GOIÂNIA,4ª Vara Cível,2026-05-31,12,96.39,7
APARECIDA DE GOIÂNIA,4ª Vara Cível,2026-06-30,12,96.37,8
APARECIDA DE GOIÂNIA,4ª Vara Cível,2026-07-31,12,96.36,9
APARECIDA DE GOIÂNIA,4ª Vara Cível,2026-08-31,12,96.35,10
APARECIDA DE GOIÂNIA,4ª Vara Cível,2026-09-30,12,96.33,11
APARECIDA DE GOIÂNIA,4ª Vara Cível,2026-10-31,12,96.32,12
APARECIDA DE GOIÂNIA,5ª Vara Cível,2025-11-30,12,95.69,1
APARECIDA DE GOIÂNIA,5ª Vara Cível,2025-12-31,12,95.67,2
APARECIDA DE GOIÂNIA,5ª Vara Cível,2026-01-31,12,95.66,3
APARECIDA DE GOIÂNIA,5ª Vara Cível,2026-02-28,12,95.65,4
APARECIDA DE GOIÂNIA,5ª Vara Cível,2026-03-31,12,95.63,5
APARECIDA DE GOIÂNIA,5ª Vara Cível,2026-04-30,12,95.62,6
APARECIDA DE GOIÂNIA,5ª Vara Cível,2026-05-31,12,95.61,7
APARECIDA DE GOIÂNIA,5ª Vara Cível,2026-06-30,12,95.6,8
APARECIDA DE GOIÂNIA,5ª Vara Cível,2026-07-31,12,95.58,9
APARECIDA DE GOIÂNIA,5ª Vara Cível,2026-08-31,12,95.57,10
APARECIDA DE GOIÂNIA,5ª Vara Cível,2026-09-30,12,95.56,11
APARECIDA DE GOIÂNIA,5ª Vara Cível,2026-10-31,12,95.54,12
APARECIDA DE GOIÂNIA,6ª Vara Cível,2025-11-30,12,95.46,1
APARECIDA DE GOIÂNIA,6ª Vara Cível,2025-12-31,12,95.43,2
APARECIDA DE GOIÂNIA,6ª Vara Cível,2026-01-31,12,95.39,3
APARECIDA DE GOIÂNIA,6ª Vara Cível,2026-02-28,12,95.36,4
APARECIDA DE GOIÂNIA,6ª Vara Cível,2026-03-31,12,95.32,5
APARECIDA DE GOIÂNIA,6ª Vara Cível,2026-04-30,12,95.28,6
APARECIDA DE GOIÂNIA,6ª Vara Cível,2026-05-31,12,95.25,7
APARECIDA DE GOIÂNIA,6ª Vara Cível,2026-06-30,12,95.21,8
APARECIDA DE GOIÂNIA,6ª Vara Cível,2026-07-31,12,95.17,9
APARECIDA DE GOIÂNIA,6ª Vara Cível,2026-08-31,12,95.14,10
APARECIDA DE GOIÂNIA,6ª Vara Cível,2026-09-30,12,95.1,11
APARECIDA DE GOIÂNIA,6ª Vara Cível,2026-10-31,12,95.07,12
APARECIDA DE GOIÂNIA,Juizado da Infância e da Juventude,2025-11-30,12,93.79,1
APARECIDA DE GOIÂNIA,Juizado da Infância e da Juventude,2025-12-31,12,95.88,2
APARECIDA DE GOIÂNIA,Juizado da Infância e da Juventude,2026-01-31,12,97.97,3
APARECIDA DE GOIÂNIA,Juizado da Infância e da Juventude,2026-02-28,12,99.86,4
APARECIDA DE GOIÂNIA,Juizado da Infância e da Juventude,2026-03-31,12,100.0,5
APARECIDA DE GOIÂNIA,Juizado da Infância e da Juventude,2026-04-30,12,100.0,6
APARECIDA DE GOIÂNIA,Juizado da Infância e da Juventude,2026-05-31,12,100.0,7
APARECIDA DE GOIÂNIA,Juizado da Infância e da Juventude,2026-06-30,12,100.0,8
APARECIDA DE GOIÂNIA,Juizado da Infância e da Juventude,2026-07-31,12,100.0,9
APARECIDA DE GOIÂNIA,Juizado da Infância e da Juventude,2026-08-31,12,100.0,10
APARECIDA DE GOIÂNIA,Juizado da Infância e da Juventude,2026-09-30,12,100.0,11
APARECIDA DE GOIÂNIA,Juizado da Infância e da Juventude,2026-10-31,12,100.0,12
APARECIDA DE GOIÂNIA,"Vara da Fazenda Púb. Municipal, de Reg. Púb. e Ambiental",2025-11-30,12,98.71,1
APARECIDA DE GOIÂNIA,"Vara da Fazenda Púb. Municipal, de Reg. Púb. e Ambiental",2025-12-31,12,98.79,2
APARECIDA DE GOIÂNIA,"Vara da Fazenda Púb. Municipal, de Reg. Púb. e Ambiental",2026-01-31,12,98.87,3
APARECIDA DE GOIÂNIA,"Vara da Fazenda Púb. Municipal, de Reg. Púb. e Ambiental",2026-02-28,12,98.94,4
APARECIDA DE GOIÂNIA,"Vara da Fazenda Púb. Municipal, de Reg. Púb. e Ambiental",2026-03-31,12,99.02,5
APARECIDA DE GOIÂNIA,"Vara da Fazenda Púb. Municipal, de Reg. Púb. e Ambiental",2026-04-30,12,99.1,6
APARECIDA DE GOIÂNIA,"Vara da Fazenda Púb. Municipal, de Reg. Púb. e Ambiental",2026-05-31,12,99.18,7
APARECIDA DE GOIÂNIA,"Vara da Fazenda Púb. Municipal, de Reg. Púb. e Ambiental",2026-06-30,12,99.26,8
APARECIDA DE GOIÂNIA,"Vara da Fazenda Púb. Municipal, de Reg. Púb. e Ambiental",2026-07-31,12,99.34,9
APARECIDA DE GOIÂNIA,"Vara da Fazenda Púb. Municipal, de Reg. Púb. e Ambiental",2026-08-31,12,99.42,10
APARECIDA DE GOIÂNIA,"Vara da Fazenda Púb. Municipal, de Reg. Púb. e Ambiental",2026-09-30,12,99.49,11
APARECIDA DE GOIÂNIA,"Vara da Fazenda Púb. Municipal, de Reg. Púb. e Ambiental",2026-10-31,12,99.58,12
APARECIDA DE GOIÂNIA,Vara da Fazenda Pública Estadual,2025-11-30,12,86.97,1
APARECIDA DE GOIÂNIA,Vara da Fazenda Pública Estadual,2025-12-31,12,86.64,2
APARECIDA DE GOIÂNIA,Vara da Fazenda Pública Estadual,2026-01-31,12,86.32,3
APARECIDA DE GOIÂNIA,Vara da Fazenda Pública Estadual,2026-02-28,12,86.03,4
APARECIDA DE GOIÂNIA,Vara da Fazenda Pública Estadual,2026-03-31,12,85.7,5
APARECIDA DE GOIÂNIA,Vara da Fazenda Pública Estadual,2026-04-30,12,85.39,6
APARECIDA DE GOIÂNIA,Vara da Fazenda Pública Estadual,2026-05-31,12,85.07,7
APARECIDA DE GOIÂNIA,Vara da Fazenda Pública Estadual,2026-06-30,12,84.75,8
APARECIDA DE GOIÂNIA,Vara da Fazenda Pública Estadual,2026-07-31,12,84.43,9
APARECIDA DE GOIÂNIA,Vara da Fazenda Pública Estadual,2026-08-31,12,84.11,10
APARECIDA DE GOIÂNIA,Vara da Fazenda Pública Estadual,2026-09-30,12,83.79,11
APARECIDA DE GOIÂNIA,Vara da Fazenda Pública Estadual,2026-10-31,12,83.47,12
ARAGARÇAS,"1ª Vara Judicial (Família e Sucessões, Infância e Juventude, Cível e Juizado Especial Cível)",2025-11-30,12,91.89,1
ARAGARÇAS,"1ª Vara Judicial (Família e Sucessões, Infância e Juventude, Cível e Juizado Especial Cível)",2025-12-31,12,92.01,2
ARAGARÇAS,"1ª Vara Judicial (Família e Sucessões, Infância e Juventude, Cível e Juizado Especial Cível)",2026-01-31,12,92.13,3
ARAGARÇAS,"1ª Vara Judicial (Família e Sucessões, Infância e Juventude, Cível e Juizado Especial Cível)",2026-02-28,12,92.24,4
ARAGARÇAS,"1ª Vara Judicial (Família e Sucessões, Infância e Juventude, Cível e Juizado Especial Cível)",2026-03-31,12,92.36,5
ARAGARÇAS,"1ª Vara Judicial (Família e Sucessões, Infância e Juventude, Cível e Juizado Especial Cível)",2026-04-30,12,92.48,6
ARAGARÇAS,"1ª Vara Judicial (Família e Sucessões, Infância e Juventude, Cível e Juizado Especial Cível)",2026-05-31,12,92.6,7
ARAGARÇAS,"1ª Vara Judicial (Família e Sucessões, Infância e Juventude, Cível e Juizado Especial Cível)",2026-06-30,12,92.71,8
ARAGARÇAS,"1ª Vara Judicial (Família e Sucessões, Infância e Juventude, Cível e Juizado Especial Cível)",2026-07-31,12,92.83,9
ARAGARÇAS,"1ª Vara Judicial (Família e Sucessões, Infância e Juventude, Cível e Juizado Especial Cível)",2026-08-31,12,92.95,10
ARAGARÇAS,"1ª Vara Judicial (Família e Sucessões, Infância e Juventude, Cível e Juizado Especial Cível)",2026-09-30,12,93.07,11
ARAGARÇAS,"1ª Vara Judicial (Família e Sucessões, Infância e Juventude, Cível e Juizado Especial Cível)",2026-10-31,12,93.19,12
ARAGARÇAS,"2ª Vara Judicial (Fazendas Públicas, Criminal, Execução Penal e Juizado Criminal)",2025-11-30,12,95.54,1
ARAGARÇAS,"2ª Vara Judicial (Fazendas Públicas, Criminal, Execução Penal e Juizado Criminal)",2025-12-31,12,95.71,2
ARAGARÇAS,"2ª Vara Judicial (Fazendas Públicas, Criminal, Execução Penal e Juizado Criminal)",2026-01-31,12,95.88,3
ARAGARÇAS,"2ª Vara Judicial (Fazendas Públicas, Criminal, Execução Penal e Juizado Criminal)",2026-02-28,12,96.04,4
ARAGARÇAS,"2ª Vara Judicial (Fazendas Públicas, Criminal, Execução Penal e Juizado Criminal)",2026-03-31,12,96.21,5
ARAGARÇAS,"2ª Vara Judicial (Fazendas Públicas, Criminal, Execução Penal e Juizado Criminal)",2026-04-30,12,96.38,6
ARAGARÇAS,"2ª Vara Judicial (Fazendas Públicas, Criminal, Execução Penal e Juizado Criminal)",2026-05-31,12,96.55,7
ARAGARÇAS,"2ª Vara Judicial (Fazendas Públicas, Criminal, Execução Penal e Juizado Criminal)",2026-06-30,12,96.72,8
ARAGARÇAS,"2ª Vara Judicial (Fazendas Públicas, Criminal, Execução Penal e Juizado Criminal)",2026-07-31,12,96.89,9
ARAGARÇAS,"2ª Vara Judicial (Fazendas Públicas, Criminal, Execução Penal e Juizado Criminal)",2026-08-31,12,97.06,10
ARAGARÇAS,"2ª Vara Judicial (Fazendas Públicas, Criminal, Execução Penal e Juizado Criminal)",2026-09-30,12,97.23,11
ARAGARÇAS,"2ª Vara Judicial (Fazendas Públicas, Criminal, Execução Penal e Juizado Criminal)",2026-10-31,12,97.4,12
ARAÇU,Vara Judicial,2025-11-30,12,94.43,1
ARAÇU,Vara Judicial,2025-12-31,12,94.7,2
ARAÇU,Vara Judicial,2026-01-31,12,94.97,3
ARAÇU,Vara Judicial,2026-02-28,12,95.22,4
ARAÇU,Vara Judicial,2026-03-31,12,95.5,5
ARAÇU,Vara Judicial,2026-04-30,12,95.76,6
ARAÇU,Vara Judicial,2026-05-31,12,96.03,7
ARAÇU,Vara Judicial,2026-06-30,12,96.3,8
ARAÇU,Vara Judicial,2026-07-31,12,96.57,9
ARAÇU,Vara Judicial,2026-08-31,12,96.85,10
ARAÇU,Vara Judicial,2026-09-30,12,97.11,11
ARAÇU,Vara Judicial,2026-10-31,12,97.39,12
ARUANÃ,Vara Judicial,2025-11-30,12,93.61,1
ARUANÃ,Vara Judicial,2025-12-31,12,93.88,2
ARUANÃ,Vara Judicial,2026-01-31,12,94.15,3
ARUANÃ,Vara Judicial,2026-02-28,12,94.39,4
ARUANÃ,Vara Judicial,2026-03-31,12,94.66,5
ARUANÃ,Vara Judicial,2026-04-30,12,94.93,6
ARUANÃ,Vara Judicial,2026-05-31,12,95.2,7
ARUANÃ,Vara Judicial,2026-06-30,12,95.46,8
ARUANÃ,Vara Judicial,2026-07-31,12,95.73,9
ARUANÃ,Vara Judicial,2026-08-31,12,96.0,10
ARUANÃ,Vara Judicial,2026-09-30,12,96.26,11
ARUANÃ,Vara Judicial,2026-10-31,12,96.54,12
AURILÂNDIA,Vara Judicial,2025-11-30,12,93.03,1
AURILÂNDIA,Vara Judicial,2025-12-31,12,93.14,2
AURILÂNDIA,Vara Judicial,2026-01-31,12,93.26,3
AURILÂNDIA,Vara Judicial,2026-02-28,12,93.36,4
AURILÂNDIA,Vara Judicial,2026-03-31,12,93.48,5
AURILÂNDIA,Vara Judicial,2026-04-30,12,93.59,6
AURILÂNDIA,Vara Judicial,2026-05-31,12,93.71,7
AURILÂNDIA,Vara Judicial,2026-06-30,12,93.82,8
AURILÂNDIA,Vara Judicial,2026-07-31,12,93.94,9
AURILÂNDIA,Vara Judicial,2026-08-31,12,94.06,10
AURILÂNDIA,Vara Judicial,2026-09-30,12,94.17,11
AURILÂNDIA,Vara Judicial,2026-10-31,12,94.29,12
BARRO ALTO,Vara Judicial,2025-11-30,12,97.28,1
BARRO ALTO,Vara Judicial,2025-12-31,12,97.43,2
BARRO ALTO,Vara Judicial,2026-01-31,12,97.58,3
BARRO ALTO,Vara Judicial,2026-02-28,12,97.71,4
BARRO ALTO,Vara Judicial,2026-03-31,12,97.86,5
BARRO ALTO,Vara Judicial,2026-04-30,12,98.0,6
BARRO ALTO,Vara Judicial,2026-05-31,12,98.14,7
BARRO ALTO,Vara Judicial,2026-06-30,12,98.29,8
BARRO ALTO,Vara Judicial,2026-07-31,12,98.43,9
BARRO ALTO,Vara Judicial,2026-08-31,12,98.58,10
BARRO ALTO,Vara Judicial,2026-09-30,12,98.72,11
BARRO ALTO,Vara Judicial,2026-10-31,12,98.87,12
BELA VISTA DE GOIÁS,Vara Judicial,2025-11-30,12,96.36,1
BELA VISTA DE GOIÁS,Vara Judicial,2025-12-31,12,96.72,2
BELA VISTA DE GOIÁS,Vara Judicial,2026-01-31,12,97.07,3
BELA VISTA DE GOIÁS,Vara Judicial,2026-02-28,12,97.39,4
BELA VISTA DE GOIÁS,Vara Judicial,2026-03-31,12,97.75,5
BELA VISTA DE GOIÁS,Vara Judicial,2026-04-30,12,98.09,6
BELA VISTA DE GOIÁS,Vara Judicial,2026-05-31,12,98.45,7
BELA VISTA DE GOIÁS,Vara Judicial,2026-06-30,12,98.79,8
BELA VISTA DE GOIÁS,Vara Judicial,2026-07-31,12,99.14,9
BELA VISTA DE GOIÁS,Vara Judicial,2026-08-31,12,99.5,10
BELA VISTA DE GOIÁS,Vara Judicial,2026-09-30,12,99.84,11
BELA VISTA DE GOIÁS,Vara Judicial,2026-10-31,12,100.0,12
BOM JESUS DE GOIÁS,"1ª Vara Judicial (Família e Sucessões, Infância e Juventude, Cível e Juizado Especial Cível)",2025-11-30,12,96.7,1
BOM JESUS DE GOIÁS,"1ª Vara Judicial (Família e Sucessões, Infância e Juventude, Cível e Juizado Especial Cível)",2025-12-31,12,97.55,2
BOM JESUS DE GOIÁS,"1ª Vara Judicial (Família e Sucessões, Infância e Juventude, Cível e Juizado Especial Cível)",2026-01-31,12,98.4,3
BOM JESUS DE GOIÁS,"1ª Vara Judicial (Família e Sucessões, Infância e Juventude, Cível e Juizado Especial Cível)",2026-02-28,12,99.16,4
BOM JESUS DE GOIÁS,"1ª Vara Judicial (Família e Sucessões, Infância e Juventude, Cível e Juizado Especial Cível)",2026-03-31,12,100.0,5
BOM JESUS DE GOIÁS,"1ª Vara Judicial (Família e Sucessões, Infância e Juventude, Cível e Juizado Especial Cível)",2026-04-30,12,100.0,6
BOM JESUS DE GOIÁS,"1ª Vara Judicial (Família e Sucessões, Infância e Juventude, Cível e Juizado Especial Cível)",2026-05-31,12,100.0,7
BOM JESUS DE GOIÁS,"1ª Vara Judicial (Família e Sucessões, Infância e Juventude, Cível e Juizado Especial Cível)",2026-06-30,12,100.0,8
BOM JESUS DE GOIÁS,"1ª Vara Judicial (Família e Sucessões, Infância e Juventude, Cível e Juizado Especial Cível)",2026-07-31,12,100.0,9
BOM JESUS DE GOIÁS,"1ª Vara Judicial (Família e Sucessões, Infância e Juventude, Cível e Juizado Especial Cível)",2026-08-31,12,100.0,10
BOM JESUS DE GOIÁS,"1ª Vara Judicial (Família e Sucessões, Infância e Juventude, Cível e Juizado Especial Cível)",2026-09-30,12,100.0,11
BOM JESUS DE GOIÁS,"1ª Vara Judicial (Família e Sucessões, Infância e Juventude, Cível e Juizado Especial Cível)",2026-10-31,12,100.0,12
BOM JESUS DE GOIÁS,"2ª Vara Judicial (Fazendas Públicas, Criminal, Execução Penal e Juizado Criminal)",2025-11-30,12,100.0,1
BOM JESUS DE GOIÁS,"2ª Vara Judicial (Fazendas Públicas, Criminal, Execução Penal e Juizado Criminal)",2025-12-31,12,100.0,2
BOM JESUS DE GOIÁS,"2ª Vara Judicial (Fazendas Públicas, Criminal, Execução Penal e Juizado Criminal)",2026-01-31,12,100.0,3
BOM JESUS DE GOIÁS,"2ª Vara Judicial (Fazendas Públicas, Criminal, Execução Penal e Juizado Criminal)",2026-02-28,12,100.0,4
BOM JESUS DE GOIÁS,"2ª Vara Judicial (Fazendas Públicas, Criminal, Execução Penal e Juizado Criminal)",2026-03-31,12,100.0,5
BOM JESUS DE GOIÁS,"2ª Vara Judicial (Fazendas Públicas, Criminal, Execução Penal e Juizado Criminal)",2026-04-30,12,100.0,6
BOM JESUS DE GOIÁS,"2ª Vara Judicial (Fazendas Públicas, Criminal, Execução Penal e Juizado Criminal)",2026-05-31,12,100.0,7
BOM JESUS DE GOIÁS,"2ª Vara Judicial (Fazendas Públicas, Criminal, Execução Penal e Juizado Criminal)",2026-06-30,12,100.0,8
BOM JESUS DE GOIÁS,"2ª Vara Judicial (Fazendas Públicas, Criminal, Execução Penal e Juizado Criminal)",2026-07-31,12,100.0,9
BOM JESUS DE GOIÁS,"2ª Vara Judicial (Fazendas Públicas, Criminal, Execução Penal e Juizado Criminal)",2026-08-31,12,100.0,10
BOM JESUS DE GOIÁS,"2ª Vara Judicial (Fazendas Públicas, Criminal, Execução Penal e Juizado Criminal)",2026-09-30,12,100.0,11
BOM JESUS DE GOIÁS,"2ª Vara Judicial (Fazendas Públicas, Criminal, Execução Penal e Juizado Criminal)",2026-10-31,12,100.0,12
BURITI ALEGRE,Vara Judicial,2025-11-30,12,94.99,1
BURITI ALEGRE,Vara Judicial,2025-12-31,12,95.4,2
BURITI ALEGRE,Vara Judicial,2026-01-31,12,95.8,3
BURITI ALEGRE,Vara Judicial,2026-02-28,12,96.17,4
BURITI ALEGRE,Vara Judicial,2026-03-31,12,96.57,5
BURITI ALEGRE,Vara Judicial,2026-04-30,12,96.96,6
BURITI ALEGRE,Vara Judicial,2026-05-31,12,97.36,7
BURITI ALEGRE,Vara Judicial,2026-06-30,12,97.76,8
BURITI ALEGRE,Vara Judicial,2026-07-31,12,98.16,9
BURITI ALEGRE,Vara Judicial,2026-08-31,12,98.56,10
BURITI ALEGRE,Vara Judicial,2026-09-30,12,98.96,11
BURITI ALEGRE,Vara Judicial,2026-10-31,12,99.36,12
CACHOEIRA ALTA,Vara Judicial,2025-11-30,12,89.42,1
CACHOEIRA ALTA,Vara Judicial,2025-12-31,12,89.92,2
CACHOEIRA ALTA,Vara Judicial,2026-01-31,12,90.42,3
CACHOEIRA ALTA,Vara Judicial,2026-02-28,12,90.87,4
CACHOEIRA ALTA,Vara Judicial,2026-03-31,12,91.38,5
CACHOEIRA ALTA,Vara Judicial,2026-04-30,12,91.86,6
CACHOEIRA ALTA,Vara Judicial,2026-05-31,12,92.36,7
CACHOEIRA ALTA,Vara Judicial,2026-06-30,12,92.85,8
CACHOEIRA ALTA,Vara Judicial,2026-07-31,12,93.35,9
CACHOEIRA ALTA,Vara Judicial,2026-08-31,12,93.85,10
CACHOEIRA ALTA,Vara Judicial,2026-09-30,12,94.34,11
CACHOEIRA ALTA,Vara Judicial,2026-10-31,12,94.84,12
CAIAPÔNIA,"1ª Vara Judicial (Família e Sucessões, Infância e Juventude, Cível e Juizado Especial Cível)",2025-11-30,12,89.49,1
CAIAPÔNIA,"1ª Vara Judicial (Família e Sucessões, Infância e Juventude, Cível e Juizado Especial Cível)",2025-12-31,12,89.73,2
CAIAPÔNIA,"1ª Vara Judicial (Família e Sucessões, Infância e Juventude, Cível e Juizado Especial Cível)",2026-01-31,12,89.98,3
CAIAPÔNIA,"1ª Vara Judicial (Família e Sucessões, Infância e Juventude, Cível e Juizado Especial Cível)",2026-02-28,12,90.2,4
CAIAPÔNIA,"1ª Vara Judicial (Família e Sucessões, Infância e Juventude, Cível e Juizado Especial Cível)",2026-03-31,12,90.45,5
CAIAPÔNIA,"1ª Vara Judicial (Família e Sucessões, Infância e Juventude, Cível e Juizado Especial Cível)",2026-04-30,12,90.68,6
CAIAPÔNIA,"1ª Vara Judicial (Família e Sucessões, Infância e Juventude, Cível e Juizado Especial Cível)",2026-05-31,12,90.93,7
CAIAPÔNIA,"1ª Vara Judicial (Família e Sucessões, Infância e Juventude, Cível e Juizado Especial Cível)",2026-06-30,12,91.16,8
CAIAPÔNIA,"1ª Vara Judicial (Família e Sucessões, Infância e Juventude, Cível e Juizado Especial Cível)",2026-07-31,12,91.41,9
CAIAPÔNIA,"1ª Vara Judicial (Família e Sucessões, Infância e Juventude, Cível e Juizado Especial Cível)",2026-08-31,12,91.65,10
CAIAPÔNIA,"1ª Vara Judicial (Família e Sucessões, Infância e Juventude, Cível e Juizado Especial Cível)",2026-09-30,12,91.89,11
CAIAPÔNIA,"1ª Vara Judicial (Família e Sucessões, Infância e Juventude, Cível e Juizado Especial Cível)",2026-10-31,12,92.13,12
CAIAPÔNIA,"2ª Vara Judicial (Fazendas Públicas, Criminal, Execução Penal e Juizado Criminal)",2025-11-30,12,98.09,1
CAIAPÔNIA,"2ª Vara Judicial (Fazendas Públicas, Criminal, Execução Penal e Juizado Criminal)",2025-12-31,12,98.37,2
CAIAPÔNIA,"2ª Vara Judicial (Fazendas Públicas, Criminal, Execução Penal e Juizado Criminal)",2026-01-31,12,98.64,3
CAIAPÔNIA,"2ª Vara Judicial (Fazendas Públicas, Criminal, Execução Penal e Juizado Criminal)",2026-02-28,12,98.89,4
CAIAPÔNIA,"2ª Vara Judicial (Fazendas Públicas, Criminal, Execução Penal e Juizado Criminal)",2026-03-31,12,99.17,5
CAIAPÔNIA,"2ª Vara Judicial (Fazendas Públicas, Criminal, Execução Penal e Juizado Criminal)",2026-04-30,12,99.44,6
CAIAPÔNIA,"2ª Vara Judicial (Fazendas Públicas, Criminal, Execução Penal e Juizado Criminal)",2026-05-31,12,99.71,7
CAIAPÔNIA,"2ª Vara Judicial (Fazendas Públicas, Criminal, Execução Penal e Juizado Criminal)",2026-06-30,12,99.98,8
CAIAPÔNIA,"2ª Vara Judicial (Fazendas Públicas, Criminal, Execução Penal e Juizado Criminal)",2026-07-31,12,100.0,9
CAIAPÔNIA,"2ª Vara Judicial (Fazendas Públicas, Criminal, Execução Penal e Juizado Criminal)",2026-08-31,12,100.0,10
CAIAPÔNIA,"2ª Vara Judicial (Fazendas Públicas, Criminal, Execução Penal e Juizado Criminal)",2026-09-30,12,100.0,11
CAIAPÔNIA,"2ª Vara Judicial (Fazendas Públicas, Criminal, Execução Penal e Juizado Criminal)",2026-10-31,12,100.0,12
CALDAS NOVAS,1ª Vara (Cível e da Inf. e da Juv.),2025-11-30,12,94.4,1
CALDAS NOVAS,1ª Vara (Cível e da Inf. e da Juv.),2025-12-31,12,94.43,2
CALDAS NOVAS,1ª Vara (Cível e da Inf. e da Juv.),2026-01-31,12,94.47,3
CALDAS NOVAS,1ª Vara (Cível e da Inf. e da Juv.),2026-02-28,12,94.5,4
CALDAS NOVAS,1ª Vara (Cível e da Inf. e da Juv.),2026-03-31,12,94.54,5
CALDAS NOVAS,1ª Vara (Cível e da Inf. e da Juv.),2026-04-30,12,94.57,6
CALDAS NOVAS,1ª Vara (Cível e da Inf. e da Juv.),2026-05-31,12,94.61,7
CALDAS NOVAS,1ª Vara (Cível e da Inf. e da Juv.),2026-06-30,12,94.65,8
CALDAS NOVAS,1ª Vara (Cível e da Inf. e da Juv.),2026-07-31,12,94.68,9
CALDAS NOVAS,1ª Vara (Cível e da Inf. e da Juv.),2026-08-31,12,94.72,10
CALDAS NOVAS,1ª Vara (Cível e da Inf. e da Juv.),2026-09-30,12,94.76,11
CALDAS NOVAS,1ª Vara (Cível e da Inf. e da Juv.),2026-10-31,12,94.79,12
CALDAS NOVAS,"1ª Vara Criminal (crimes dolosos contra a vida, Pres. Trib Juri e Execução Penal)",2025-11-30,12,47.37,1
CALDAS NOVAS,"1ª Vara Criminal (crimes dolosos contra a vida, Pres. Trib Juri e Execução Penal)",2025-12-31,12,48.32,2
CALDAS NOVAS,"1ª Vara Criminal (crimes dolosos contra a vida, Pres. Trib Juri e Execução Penal)",2026-01-31,12,49.28,3
CALDAS NOVAS,"1ª Vara Criminal (crimes dolosos contra a vida, Pres. Trib Juri e Execução Penal)",2026-02-28,12,50.14,4
CALDAS NOVAS,"1ª Vara Criminal (crimes dolosos contra a vida, Pres. Trib Juri e Execução Penal)",2026-03-31,12,51.09,5
CALDAS NOVAS,"1ª Vara Criminal (crimes dolosos contra a vida, Pres. Trib Juri e Execução Penal)",2026-04-30,12,52.01,6
CALDAS NOVAS,"1ª Vara Criminal (crimes dolosos contra a vida, Pres. Trib Juri e Execução Penal)",2026-05-31,12,52.97,7
CALDAS NOVAS,"1ª Vara Criminal (crimes dolosos contra a vida, Pres. Trib Juri e Execução Penal)",2026-06-30,12,53.89,8
CALDAS NOVAS,"1ª Vara Criminal (crimes dolosos contra a vida, Pres. Trib Juri e Execução Penal)",2026-07-31,12,54.85,9
CALDAS NOVAS,"1ª Vara Criminal (crimes dolosos contra a vida, Pres. Trib Juri e Execução Penal)",2026-08-31,12,55.8,10
CALDAS NOVAS,"1ª Vara Criminal (crimes dolosos contra a vida, Pres. Trib Juri e Execução Penal)",2026-09-30,12,56.72,11
CALDAS NOVAS,"1ª Vara Criminal (crimes dolosos contra a vida, Pres. Trib Juri e Execução Penal)",2026-10-31,12,57.68,12
CALDAS NOVAS,1º Juizado Especial Cível e Criminal,2025-11-30,12,89.62,1
CALDAS NOVAS,1º Juizado Especial Cível e Criminal,2025-12-31,12,89.68,2
CALDAS NOVAS,1º Juizado Especial Cível e Criminal,2026-01-31,12,89.74,3
CALDAS NOVAS,1º Juizado Especial Cível e Criminal,2026-02-28,12,89.79,4
CALDAS NOVAS,1º Juizado Especial Cível e Criminal,2026-03-31,12,89.85,5
CALDAS NOVAS,1º Juizado Especial Cível e Criminal,2026-04-30,12,89.9,6
CALDAS NOVAS,1º Juizado Especial Cível e Criminal,2026-05-31,12,89.96,7
CALDAS NOVAS,1º Juizado Especial Cível e Criminal,2026-06-30,12,90.01,8
CALDAS NOVAS,1º Juizado Especial Cível e Criminal,2026-07-31,12,90.07,9
CALDAS NOVAS,1º Juizado Especial Cível e Criminal,2026-08-31,12,90.13,10
CALDAS NOVAS,1º Juizado Especial Cível e Criminal,2026-09-30,12,90.18,11
CALDAS NOVAS,1º Juizado Especial Cível e Criminal,2026-10-31,12,90.24,12
CALDAS NOVAS,"2ª Vara (Cível, Faz Públicas Estadual e Residual e Registros Públicos)",2025-11-30,12,91.53,1
CALDAS NOVAS,"2ª Vara (Cível, Faz Públicas Estadual e Residual e Registros Públicos)",2025-12-31,12,91.48,2
CALDAS NOVAS,"2ª Vara (Cível, Faz Públicas Estadual e Residual e Registros Públicos)",2026-01-31,12,91.43,3
CALDAS NOVAS,"2ª Vara (Cível, Faz Públicas Estadual e Residual e Registros Públicos)",2026-02-28,12,91.38,4
CALDAS NOVAS,"2ª Vara (Cível, Faz Públicas Estadual e Residual e Registros Públicos)",2026-03-31,12,91.33,5
CALDAS NOVAS,"2ª Vara (Cível, Faz Públicas Estadual e Residual e Registros Públicos)",2026-04-30,12,91.29,6
CALDAS NOVAS,"2ª Vara (Cível, Faz Públicas Estadual e Residual e Registros Públicos)",2026-05-31,12,91.24,7
CALDAS NOVAS,"2ª Vara (Cível, Faz Públicas Estadual e Residual e Registros Públicos)",2026-06-30,12,91.19,8
CALDAS NOVAS,"2ª Vara (Cível, Faz Públicas Estadual e Residual e Registros Públicos)",2026-07-31,12,91.14,9
CALDAS NOVAS,"2ª Vara (Cível, Faz Públicas Estadual e Residual e Registros Públicos)",2026-08-31,12,91.09,10
CALDAS NOVAS,"2ª Vara (Cível, Faz Públicas Estadual e Residual e Registros Públicos)",2026-09-30,12,91.04,11
CALDAS NOVAS,"2ª Vara (Cível, Faz Públicas Estadual e Residual e Registros Públicos)",2026-10-31,12,90.99,12
CALDAS NOVAS,2ª Vara Criminal (crimes em geral),2025-11-30,12,100.0,1
CALDAS NOVAS,2ª Vara Criminal (crimes em geral),2025-12-31,12,100.0,2
CALDAS NOVAS,2ª Vara Criminal (crimes em geral),2026-01-31,12,100.0,3
CALDAS NOVAS,2ª Vara Criminal (crimes em geral),2026-02-28,12,100.0,4
CALDAS NOVAS,2ª Vara Criminal (crimes em geral),2026-03-31,12,100.0,5
CALDAS NOVAS,2ª Vara Criminal (crimes em geral),2026-04-30,12,100.0,6
CALDAS NOVAS,2ª Vara Criminal (crimes em geral),2026-05-31,12,100.0,7
CALDAS NOVAS,2ª Vara Criminal (crimes em geral),2026-06-30,12,100.0,8
CALDAS NOVAS,2ª Vara Criminal (crimes em geral),2026-07-31,12,100.0,9
CALDAS NOVAS,2ª Vara Criminal (crimes em geral),2026-08-31,12,100.0,10
CALDAS NOVAS,2ª Vara Criminal (crimes em geral),2026-09-30,12,100.0,11
CALDAS NOVAS,2ª Vara Criminal (crimes em geral),2026-10-31,12,100.0,12
CALDAS NOVAS,2º Juizado Especial Cível e Criminal,2025-11-30,12,89.92,1
CALDAS NOVAS,2º Juizado Especial Cível e Criminal,2025-12-31,12,89.98,2
CALDAS NOVAS,2º Juizado Especial Cível e Criminal,2026-01-31,12,90.04,3
CALDAS NOVAS,2º Juizado Especial Cível e Criminal,2026-02-28,12,90.09,4
CALDAS NOVAS,2º Juizado Especial Cível e Criminal,2026-03-31,12,90.15,5
CALDAS NOVAS,2º Juizado Especial Cível e Criminal,2026-04-30,12,90.21,6
CALDAS NOVAS,2º Juizado Especial Cível e Criminal,2026-05-31,12,90.27,7
CALDAS NOVAS,2º Juizado Especial Cível e Criminal,2026-06-30,12,90.33,8
CALDAS NOVAS,2º Juizado Especial Cível e Criminal,2026-07-31,12,90.39,9
CALDAS NOVAS,2º Juizado Especial Cível e Criminal,2026-08-31,12,90.46,10
CALDAS NOVAS,2º Juizado Especial Cível e Criminal,2026-09-30,12,90.51,11
CALDAS NOVAS,2º Juizado Especial Cível e Criminal,2026-10-31,12,90.58,12
CALDAS NOVAS,"3ª Vara (Cível, Fazenda Pública Municipal e Ambiental)",2025-11-30,12,92.11,1
CALDAS NOVAS,"3ª Vara (Cível, Fazenda Pública Municipal e Ambiental)",2025-12-31,12,92.05,2
CALDAS NOVAS,"3ª Vara (Cível, Fazenda Pública Municipal e Ambiental)",2026-01-31,12,92.0,3
CALDAS NOVAS,"3ª Vara (Cível, Fazenda Pública Municipal e Ambiental)",2026-02-28,12,91.95,4
CALDAS NOVAS,"3ª Vara (Cível, Fazenda Pública Municipal e Ambiental)",2026-03-31,12,91.89,5
CALDAS NOVAS,"3ª Vara (Cível, Fazenda Pública Municipal e Ambiental)",2026-04-30,12,91.83,6
CALDAS NOVAS,"3ª Vara (Cível, Fazenda Pública Municipal e Ambiental)",2026-05-31,12,91.77,7
CALDAS NOVAS,"3ª Vara (Cível, Fazenda Pública Municipal e Ambiental)",2026-06-30,12,91.72,8
CALDAS NOVAS,"3ª Vara (Cível, Fazenda Pública Municipal e Ambiental)",2026-07-31,12,91.66,9
CALDAS NOVAS,"3ª Vara (Cível, Fazenda Pública Municipal e Ambiental)",2026-08-31,12,91.6,10
CALDAS NOVAS,"3ª Vara (Cível, Fazenda Pública Municipal e Ambiental)",2026-09-30,12,91.55,11
CALDAS NOVAS,"3ª Vara (Cível, Fazenda Pública Municipal e Ambiental)",2026-10-31,12,91.49,12
CALDAS NOVAS,3ª Vara Criminal (crimes em geral),2025-11-30,12,100.0,1
CALDAS NOVAS,3ª Vara Criminal (crimes em geral),2025-12-31,12,100.0,2
CALDAS NOVAS,3ª Vara Criminal (crimes em geral),2026-01-31,12,100.0,3
CALDAS NOVAS,3ª Vara Criminal (crimes em geral),2026-02-28,12,100.0,4
CALDAS NOVAS,3ª Vara Criminal (crimes em geral),2026-03-31,12,100.0,5
CALDAS NOVAS,3ª Vara Criminal (crimes em geral),2026-04-30,12,100.0,6
CALDAS NOVAS,3ª Vara Criminal (crimes em geral),2026-05-31,12,100.0,7
CALDAS NOVAS,3ª Vara Criminal (crimes em geral),2026-06-30,12,100.0,8
CALDAS NOVAS,3ª Vara Criminal (crimes em geral),2026-07-31,12,100.0,9
CALDAS NOVAS,3ª Vara Criminal (crimes em geral),2026-08-31,12,100.0,10
CALDAS NOVAS,3ª Vara Criminal (crimes em geral),2026-09-30,12,100.0,11
CALDAS NOVAS,3ª Vara Criminal (crimes em geral),2026-10-31,12,100.0,12
CALDAS NOVAS,Vara de Família e Sucessões,2025-11-30,12,95.22,1
CALDAS NOVAS,Vara de Família e Sucessões,2025-12-31,12,95.42,2
CALDAS NOVAS,Vara de Família e Sucessões,2026-01-31,12,95.62,3
CALDAS NOVAS,Vara de Família e Sucessões,2026-02-28,12,95.8,4
CALDAS NOVAS,Vara de Família e Sucessões,2026-03-31,12,96.0,5
CALDAS NOVAS,Vara de Família e Sucessões,2026-04-30,12,96.2,6
CALDAS NOVAS,Vara de Família e Sucessões,2026-05-31,12,96.4,7
CALDAS NOVAS,Vara de Família e Sucessões,2026-06-30,12,96.59,8
CALDAS NOVAS,Vara de Família e Sucessões,2026-07-31,12,96.79,9
CALDAS NOVAS,Vara de Família e Sucessões,2026-08-31,12,97.0,10
CALDAS NOVAS,Vara de Família e Sucessões,2026-09-30,12,97.19,11
CALDAS NOVAS,Vara de Família e Sucessões,2026-10-31,12,97.39,12
CAMPINORTE,Vara Judicial,2025-11-30,12,95.41,1
CAMPINORTE,Vara Judicial,2025-12-31,12,95.74,2
CAMPINORTE,Vara Judicial,2026-01-31,12,96.07,3
CAMPINORTE,Vara Judicial,2026-02-28,12,96.37,4
CAMPINORTE,Vara Judicial,2026-03-31,12,96.71,5
CAMPINORTE,Vara Judicial,2026-04-30,12,97.03,6
CAMPINORTE,Vara Judicial,2026-05-31,12,97.36,7
CAMPINORTE,Vara Judicial,2026-06-30,12,97.68,8
CAMPINORTE,Vara Judicial,2026-07-31,12,98.01,9
CAMPINORTE,Vara Judicial,2026-08-31,12,98.35,10
CAMPINORTE,Vara Judicial,2026-09-30,12,98.67,11
CAMPINORTE,Vara Judicial,2026-10-31,12,99.0,12
CAMPOS BELOS,"1ª Vara Judicial (Família e Sucessões, Infância e Juventude, Cível e Juizado Especial Cível)",2025-11-30,12,95.08,1
CAMPOS BELOS,"1ª Vara Judicial (Família e Sucessões, Infância e Juventude, Cível e Juizado Especial Cível)",2025-12-31,12,95.48,2
CAMPOS BELOS,"1ª Vara Judicial (Família e Sucessões, Infância e Juventude, Cível e Juizado Especial Cível)",2026-01-31,12,95.89,3
CAMPOS BELOS,"1ª Vara Judicial (Família e Sucessões, Infância e Juventude, Cível e Juizado Especial Cível)",2026-02-28,12,96.25,4
CAMPOS BELOS,"1ª Vara Judicial (Família e Sucessões, Infância e Juventude, Cível e Juizado Especial Cível)",2026-03-31,12,96.65,5
CAMPOS BELOS,"1ª Vara Judicial (Família e Sucessões, Infância e Juventude, Cível e Juizado Especial Cível)",2026-04-30,12,97.04,6
CAMPOS BELOS,"1ª Vara Judicial (Família e Sucessões, Infância e Juventude, Cível e Juizado Especial Cível)",2026-05-31,12,97.45,7
CAMPOS BELOS,"1ª Vara Judicial (Família e Sucessões, Infância e Juventude, Cível e Juizado Especial Cível)",2026-06-30,12,97.84,8
CAMPOS BELOS,"1ª Vara Judicial (Família e Sucessões, Infância e Juventude, Cível e Juizado Especial Cível)",2026-07-31,12,98.24,9
CAMPOS BELOS,"1ª Vara Judicial (Família e Sucessões, Infância e Juventude, Cível e Juizado Especial Cível)",2026-08-31,12,98.65,10
CAMPOS BELOS,"1ª Vara Judicial (Família e Sucessões, Infância e Juventude, Cível e Juizado Especial Cível)",2026-09-30,12,99.04,11
CAMPOS BELOS,"1ª Vara Judicial (Família e Sucessões, Infância e Juventude, Cível e Juizado Especial Cível)",2026-10-31,12,99.44,12
CAMPOS BELOS,"2ª Vara Judicial (Fazendas Públicas, Criminal, Execução Penal e Juizado Criminal)",2025-11-30,12,95.1,1
CAMPOS BELOS,"2ª Vara Judicial (Fazendas Públicas, Criminal, Execução Penal e Juizado Criminal)",2025-12-31,12,95.21,2
CAMPOS BELOS,"2ª Vara Judicial (Fazendas Públicas, Criminal, Execução Penal e Juizado Criminal)",2026-01-31,12,95.31,3
CAMPOS BELOS,"2ª Vara Judicial (Fazendas Públicas, Criminal, Execução Penal e Juizado Criminal)",2026-02-28,12,95.41,4
CAMPOS BELOS,"2ª Vara Judicial (Fazendas Públicas, Criminal, Execução Penal e Juizado Criminal)",2026-03-31,12,95.52,5
CAMPOS BELOS,"2ª Vara Judicial (Fazendas Públicas, Criminal, Execução Penal e Juizado Criminal)",2026-04-30,12,95.62,6
CAMPOS BELOS,"2ª Vara Judicial (Fazendas Públicas, Criminal, Execução Penal e Juizado Criminal)",2026-05-31,12,95.73,7
CAMPOS BELOS,"2ª Vara Judicial (Fazendas Públicas, Criminal, Execução Penal e Juizado Criminal)",2026-06-30,12,95.83,8
CAMPOS BELOS,"2ª Vara Judicial (Fazendas Públicas, Criminal, Execução Penal e Juizado Criminal)",2026-07-31,12,95.94,9
CAMPOS BELOS,"2ª Vara Judicial (Fazendas Públicas, Criminal, Execução Penal e Juizado Criminal)",2026-08-31,12,96.05,10
CAMPOS BELOS,"2ª Vara Judicial (Fazendas Públicas, Criminal, Execução Penal e Juizado Criminal)",2026-09-30,12,96.15,11
CAMPOS BELOS,"2ª Vara Judicial (Fazendas Públicas, Criminal, Execução Penal e Juizado Criminal)",2026-10-31,12,96.26,12
CATALÃO,1ª Vara Criminal (crimes em geral e execuções penais),2025-11-30,12,83.73,1
CATALÃO,1ª Vara Criminal (crimes em geral e execuções penais),2025-12-31,12,84.45,2
CATALÃO,1ª Vara Criminal (crimes em geral e execuções penais),2026-01-31,12,85.18,3
CATALÃO,1ª Vara Criminal (crimes em geral e execuções penais),2026-02-28,12,85.83,4
CATALÃO,1ª Vara Criminal (crimes em geral e execuções penais),2026-03-31,12,86.55,5
CATALÃO,1ª Vara Criminal (crimes em geral e execuções penais),2026-04-30,12,87.25,6
CATALÃO,1ª Vara Criminal (crimes em geral e execuções penais),2026-05-31,12,87.98,7
CATALÃO,1ª Vara Criminal (crimes em geral e execuções penais),2026-06-30,12,88.68,8
CATALÃO,1ª Vara Criminal (crimes em geral e execuções penais),2026-07-31,12,89.4,9
CATALÃO,1ª Vara Criminal (crimes em geral e execuções penais),2026-08-31,12,90.13,10
CATALÃO,1ª Vara Criminal (crimes em geral e execuções penais),2026-09-30,12,90.83,11
CATALÃO,1ª Vara Criminal (crimes em geral e execuções penais),2026-10-31,12,91.55,12
CATALÃO,1ª Vara Cível,2025-11-30,12,95.5,1
CATALÃO,1ª Vara Cível,2025-12-31,12,95.49,2
CATALÃO,1ª Vara Cível,2026-01-31,12,95.49,3
CATALÃO,1ª Vara Cível,2026-02-28,12,95.48,4
CATALÃO,1ª Vara Cível,2026-03-31,12,95.47,5
CATALÃO,1ª Vara Cível,2026-04-30,12,95.46,6
CATALÃO,1ª Vara Cível,2026-05-31,12,95.45,7
CATALÃO,1ª Vara Cível,2026-06-30,12,95.44,8
CATALÃO,1ª Vara Cível,2026-07-31,12,95.43,9
CATALÃO,1ª Vara Cível,2026-08-31,12,95.42,10
CATALÃO,1ª Vara Cível,2026-09-30,12,95.41,11
CATALÃO,1ª Vara Cível,2026-10-31,12,95.4,12
CATALÃO,1ª Vara de Família e Sucessões,2025-11-30,12,93.18,1
CATALÃO,1ª Vara de Família e Sucessões,2025-12-31,12,94.14,2
CATALÃO,1ª Vara de Família e Sucessões,2026-01-31,12,95.11,3
CATALÃO,1ª Vara de Família e Sucessões,2026-02-28,12,95.98,4
CATALÃO,1ª Vara de Família e Sucessões,2026-03-31,12,96.94,5
CATALÃO,1ª Vara de Família e Sucessões,2026-04-30,12,97.87,6
CATALÃO,1ª Vara de Família e Sucessões,2026-05-31,12,98.84,7
CATALÃO,1ª Vara de Família e Sucessões,2026-06-30,12,99.77,8
CATALÃO,1ª Vara de Família e Sucessões,2026-07-31,12,100.0,9
CATALÃO,1ª Vara de Família e Sucessões,2026-08-31,12,100.0,10
CATALÃO,1ª Vara de Família e Sucessões,2026-09-30,12,100.0,11
CATALÃO,1ª Vara de Família e Sucessões,2026-10-31,12,100.0,12
CATALÃO,1º Juizado Especial Cível e Criminal,2025-11-30,12,71.39,1
CATALÃO,1º Juizado Especial Cível e Criminal,2025-12-31,12,72.75,2
CATALÃO,1º Juizado Especial Cível e Criminal,2026-01-31,12,74.11,3
CATALÃO,1º Juizado Especial Cível e Criminal,2026-02-28,12,75.35,4
CATALÃO,1º Juizado Especial Cível e Criminal,2026-03-31,12,76.71,5
CATALÃO,1º Juizado Especial Cível e Criminal,2026-04-30,12,78.03,6
CATALÃO,1º Juizado Especial Cível e Criminal,2026-05-31,12,79.4,7
CATALÃO,1º Juizado Especial Cível e Criminal,2026-06-30,12,80.72,8
CATALÃO,1º Juizado Especial Cível e Criminal,2026-07-31,12,82.08,9
CATALÃO,1º Juizado Especial Cível e Criminal,2026-08-31,12,83.45,10
CATALÃO,1º Juizado Especial Cível e Criminal,2026-09-30,12,84.77,11
CATALÃO,1º Juizado Especial Cível e Criminal,2026-10-31,12,86.13,12
CATALÃO,"2ª Vara Criminal (Crimes em geral, Crimes dolosos contra a vida e Presidência do Tribunal do Júri e Crimes envolvendo Violência Doméstica)",2025-11-30,12,96.32,1
CATALÃO,"2ª Vara Criminal (Crimes em geral, Crimes dolosos contra a vida e Presidência do Tribunal do Júri e Crimes envolvendo Violência Doméstica)",2025-12-31,12,97.12,2
CATALÃO,"2ª Vara Criminal (Crimes em geral, Crimes dolosos contra a vida e Presidência do Tribunal do Júri e Crimes envolvendo Violência Doméstica)",2026-01-31,12,97.93,3
CATALÃO,"2ª Vara Criminal (Crimes em geral, Crimes dolosos contra a vida e Presidência do Tribunal do Júri e Crimes envolvendo Violência Doméstica)",2026-02-28,12,98.65,4
CATALÃO,"2ª Vara Criminal (Crimes em geral, Crimes dolosos contra a vida e Presidência do Tribunal do Júri e Crimes envolvendo Violência Doméstica)",2026-03-31,12,99.46,5
CATALÃO,"2ª Vara Criminal (Crimes em geral, Crimes dolosos contra a vida e Presidência do Tribunal do Júri e Crimes envolvendo Violência Doméstica)",2026-04-30,12,100.0,6
CATALÃO,"2ª Vara Criminal (Crimes em geral, Crimes dolosos contra a vida e Presidência do Tribunal do Júri e Crimes envolvendo Violência Doméstica)",2026-05-31,12,100.0,7
CATALÃO,"2ª Vara Criminal (Crimes em geral, Crimes dolosos contra a vida e Presidência do Tribunal do Júri e Crimes envolvendo Violência Doméstica)",2026-06-30,12,100.0,8
CATALÃO,"2ª Vara Criminal (Crimes em geral, Crimes dolosos contra a vida e Presidência do Tribunal do Júri e Crimes envolvendo Violência Doméstica)",2026-07-31,12,100.0,9
CATALÃO,"2ª Vara Criminal (Crimes em geral, Crimes dolosos contra a vida e Presidência do Tribunal do Júri e Crimes envolvendo Violência Doméstica)",2026-08-31,12,100.0,10
CATALÃO,"2ª Vara Criminal (Crimes em geral, Crimes dolosos contra a vida e Presidência do Tribunal do Júri e Crimes envolvendo Violência Doméstica)",2026-09-30,12,100.0,11
CATALÃO,"2ª Vara Criminal (Crimes em geral, Crimes dolosos contra a vida e Presidência do Tribunal do Júri e Crimes envolvendo Violência Doméstica)",2026-10-31,12,100.0,12
CATALÃO,2ª Vara Cível,2025-11-30,12,95.88,1
CATALÃO,2ª Vara Cível,2025-12-31,12,95.88,2
CATALÃO,2ª Vara Cível,2026-01-31,12,95.89,3
CATALÃO,2ª Vara Cível,2026-02-28,12,95.89,4
CATALÃO,2ª Vara Cível,2026-03-31,12,95.89,5
CATALÃO,2ª Vara Cível,2026-04-30,12,95.9,6
CATALÃO,2ª Vara Cível,2026-05-31,12,95.9,7
CATALÃO,2ª Vara Cível,2026-06-30,12,95.91,8
CATALÃO,2ª Vara Cível,2026-07-31,12,95.91,9
CATALÃO,2ª Vara Cível,2026-08-31,12,95.92,10
CATALÃO,2ª Vara Cível,2026-09-30,12,95.92,11
CATALÃO,2ª Vara Cível,2026-10-31,12,95.92,12
CATALÃO,2ª Vara de Família e da Infância e da Juventude,2025-11-30,12,93.73,1
CATALÃO,2ª Vara de Família e da Infância e da Juventude,2025-12-31,12,95.17,2
CATALÃO,2ª Vara de Família e da Infância e da Juventude,2026-01-31,12,96.6,3
CATALÃO,2ª Vara de Família e da Infância e da Juventude,2026-02-28,12,97.9,4
CATALÃO,2ª Vara de Família e da Infância e da Juventude,2026-03-31,12,99.34,5
CATALÃO,2ª Vara de Família e da Infância e da Juventude,2026-04-30,12,100.0,6
CATALÃO,2ª Vara de Família e da Infância e da Juventude,2026-05-31,12,100.0,7
CATALÃO,2ª Vara de Família e da Infância e da Juventude,2026-06-30,12,100.0,8
CATALÃO,2ª Vara de Família e da Infância e da Juventude,2026-07-31,12,100.0,9
CATALÃO,2ª Vara de Família e da Infância e da Juventude,2026-08-31,12,100.0,10
CATALÃO,2ª Vara de Família e da Infância e da Juventude,2026-09-30,12,100.0,11
CATALÃO,2ª Vara de Família e da Infância e da Juventude,2026-10-31,12,100.0,12
CATALÃO,2º Juizado Especial Cível e Criminal,2025-11-30,12,73.73,1
CATALÃO,2º Juizado Especial Cível e Criminal,2025-12-31,12,75.37,2
CATALÃO,2º Juizado Especial Cível e Criminal,2026-01-31,12,77.0,3
CATALÃO,2º Juizado Especial Cível e Criminal,2026-02-28,12,78.47,4
CATALÃO,2º Juizado Especial Cível e Criminal,2026-03-31,12,80.11,5
CATALÃO,2º Juizado Especial Cível e Criminal,2026-04-30,12,81.69,6
CATALÃO,2º Juizado Especial Cível e Criminal,2026-05-31,12,83.32,7
CATALÃO,2º Juizado Especial Cível e Criminal,2026-06-30,12,84.9,8
CATALÃO,2º Juizado Especial Cível e Criminal,2026-07-31,12,86.53,9
CATALÃO,2º Juizado Especial Cível e Criminal,2026-08-31,12,88.17,10
CATALÃO,2º Juizado Especial Cível e Criminal,2026-09-30,12,89.75,11
CATALÃO,2º Juizado Especial Cível e Criminal,2026-10-31,12,91.38,12
CATALÃO,Vara de Fazendas Públicas e Registros Públicos,2025-11-30,12,90.2,1
CATALÃO,Vara de Fazendas Públicas e Registros Públicos,2025-12-31,12,90.31,2
CATALÃO,Vara de Fazendas Públicas e Registros Públicos,2026-01-31,12,90.41,3
CATALÃO,Vara de Fazendas Públicas e Registros Públicos,2026-02-28,12,90.5,4
CATALÃO,Vara de Fazendas Públicas e Registros Públicos,2026-03-31,12,90.61,5
CATALÃO,Vara de Fazendas Públicas e Registros Públicos,2026-04-30,12,90.71,6
CATALÃO,Vara de Fazendas Públicas e Registros Públicos,2026-05-31,12,90.81,7
CATALÃO,Vara de Fazendas Públicas e Registros Públicos,2026-06-30,12,90.92,8
CATALÃO,Vara de Fazendas Públicas e Registros Públicos,2026-07-31,12,91.02,9
CATALÃO,Vara de Fazendas Públicas e Registros Públicos,2026-08-31,12,91.12,10
CATALÃO,Vara de Fazendas Públicas e Registros Públicos,2026-09-30,12,91.22,11
CATALÃO,Vara de Fazendas Públicas e Registros Públicos,2026-10-31,12,91.33,12
CAVALCANTE,Vara Judicial,2025-11-30,12,89.61,1
CAVALCANTE,Vara Judicial,2025-12-31,12,89.56,2
CAVALCANTE,Vara Judicial,2026-01-31,12,89.51,3
CAVALCANTE,Vara Judicial,2026-02-28,12,89.46,4
CAVALCANTE,Vara Judicial,2026-03-31,12,89.41,5
CAVALCANTE,Vara Judicial,2026-04-30,12,89.36,6
CAVALCANTE,Vara Judicial,2026-05-31,12,89.31,7
CAVALCANTE,Vara Judicial,2026-06-30,12,89.26,8
CAVALCANTE,Vara Judicial,2026-07-31,12,89.21,9
CAVALCANTE,Vara Judicial,2026-08-31,12,89.16,10
CAVALCANTE,Vara Judicial,2026-09-30,12,89.11,11
CAVALCANTE,Vara Judicial,2026-10-31,12,89.05,12
CAÇU,Vara Judicial,2025-11-30,12,95.53,1
CAÇU,Vara Judicial,2025-12-31,12,95.85,2
CAÇU,Vara Judicial,2026-01-31,12,96.17,3
CAÇU,Vara Judicial,2026-02-28,12,96.45,4
CAÇU,Vara Judicial,2026-03-31,12,96.77,5
CAÇU,Vara Judicial,2026-04-30,12,97.08,6
CAÇU,Vara Judicial,2026-05-31,12,97.4,7
CAÇU,Vara Judicial,2026-06-30,12,97.71,8
CAÇU,Vara Judicial,2026-07-31,12,98.03,9
CAÇU,Vara Judicial,2026-08-31,12,98.35,10
CAÇU,Vara Judicial,2026-09-30,12,98.65,11
CAÇU,Vara Judicial,2026-10-31,12,98.97,12
CERES,"1ª Vara (Cív., Criminal - crime em geral e exec. penais - e da Inf. e da Juv.)",2025-11-30,12,97.19,1
CERES,"1ª Vara (Cív., Criminal - crime em geral e exec. penais - e da Inf. e da Juv.)",2025-12-31,12,97.47,2
CERES,"1ª Vara (Cív., Criminal - crime em geral e exec. penais - e da Inf. e da Juv.)",2026-01-31,12,97.76,3
CERES,"1ª Vara (Cív., Criminal - crime em geral e exec. penais - e da Inf. e da Juv.)",2026-02-28,12,98.01,4
CERES,"1ª Vara (Cív., Criminal - crime em geral e exec. penais - e da Inf. e da Juv.)",2026-03-31,12,98.29,5
CERES,"1ª Vara (Cív., Criminal - crime em geral e exec. penais - e da Inf. e da Juv.)",2026-04-30,12,98.56,6
CERES,"1ª Vara (Cív., Criminal - crime em geral e exec. penais - e da Inf. e da Juv.)",2026-05-31,12,98.84,7
CERES,"1ª Vara (Cív., Criminal - crime em geral e exec. penais - e da Inf. e da Juv.)",2026-06-30,12,99.11,8
CERES,"1ª Vara (Cív., Criminal - crime em geral e exec. penais - e da Inf. e da Juv.)",2026-07-31,12,99.39,9
CERES,"1ª Vara (Cív., Criminal - crime em geral e exec. penais - e da Inf. e da Juv.)",2026-08-31,12,99.67,10
CERES,"1ª Vara (Cív., Criminal - crime em geral e exec. penais - e da Inf. e da Juv.)",2026-09-30,12,99.94,11
CERES,"1ª Vara (Cív., Criminal - crime em geral e exec. penais - e da Inf. e da Juv.)",2026-10-31,12,100.0,12
CERES,"2ªVara (Cív, Criminal - crime em geral, crimes dolosos contra a vida e Pres. do Trib. do Juri das Faz. Púb. e de Reg. Púb.)",2025-11-30,12,90.86,1
CERES,"2ªVara (Cív, Criminal - crime em geral, crimes dolosos contra a vida e Pres. do Trib. do Juri das Faz. Púb. e de Reg. Púb.)",2025-12-31,12,90.95,2
CERES,"2ªVara (Cív, Criminal - crime em geral, crimes dolosos contra a vida e Pres. do Trib. do Juri das Faz. Púb. e de Reg. Púb.)",2026-01-31,12,91.04,3
CERES,"2ªVara (Cív, Criminal - crime em geral, crimes dolosos contra a vida e Pres. do Trib. do Juri das Faz. Púb. e de Reg. Púb.)",2026-02-28,12,91.12,4
CERES,"2ªVara (Cív, Criminal - crime em geral, crimes dolosos contra a vida e Pres. do Trib. do Juri das Faz. Púb. e de Reg. Púb.)",2026-03-31,12,91.21,5
CERES,"2ªVara (Cív, Criminal - crime em geral, crimes dolosos contra a vida e Pres. do Trib. do Juri das Faz. Púb. e de Reg. Púb.)",2026-04-30,12,91.3,6
CERES,"2ªVara (Cív, Criminal - crime em geral, crimes dolosos contra a vida e Pres. do Trib. do Juri das Faz. Púb. e de Reg. Púb.)",2026-05-31,12,91.39,7
CERES,"2ªVara (Cív, Criminal - crime em geral, crimes dolosos contra a vida e Pres. do Trib. do Juri das Faz. Púb. e de Reg. Púb.)",2026-06-30,12,91.48,8
CERES,"2ªVara (Cív, Criminal - crime em geral, crimes dolosos contra a vida e Pres. do Trib. do Juri das Faz. Púb. e de Reg. Púb.)",2026-07-31,12,91.57,9
CERES,"2ªVara (Cív, Criminal - crime em geral, crimes dolosos contra a vida e Pres. do Trib. do Juri das Faz. Púb. e de Reg. Púb.)",2026-08-31,12,91.66,10
CERES,"2ªVara (Cív, Criminal - crime em geral, crimes dolosos contra a vida e Pres. do Trib. do Juri das Faz. Púb. e de Reg. Púb.)",2026-09-30,12,91.74,11
CERES,"2ªVara (Cív, Criminal - crime em geral, crimes dolosos contra a vida e Pres. do Trib. do Juri das Faz. Púb. e de Reg. Púb.)",2026-10-31,12,91.83,12
CERES,Juizado Especial Cível e Criminal,2025-11-30,12,85.83,1
CERES,Juizado Especial Cível e Criminal,2025-12-31,12,86.67,2
CERES,Juizado Especial Cível e Criminal,2026-01-31,12,87.51,3
CERES,Juizado Especial Cível e Criminal,2026-02-28,12,88.27,4
CERES,Juizado Especial Cível e Criminal,2026-03-31,12,89.11,5
CERES,Juizado Especial Cível e Criminal,2026-04-30,12,89.92,6
CERES,Juizado Especial Cível e Criminal,2026-05-31,12,90.76,7
CERES,Juizado Especial Cível e Criminal,2026-06-30,12,91.57,8
CERES,Juizado Especial Cível e Criminal,2026-07-31,12,92.41,9
CERES,Juizado Especial Cível e Criminal,2026-08-31,12,93.25,10
CERES,Juizado Especial Cível e Criminal,2026-09-30,12,94.06,11
CERES,Juizado Especial Cível e Criminal,2026-10-31,12,94.9,12
CIDADE OCIDENTAL,"1ª Vara (Cível, de Família, Sucessões e da Infância e da Juventude)",2025-11-30,12,99.63,1
CIDADE OCIDENTAL,"1ª Vara (Cível, de Família, Sucessões e da Infância e da Juventude)",2025-12-31,12,100.0,2
CIDADE OCIDENTAL,"1ª Vara (Cível, de Família, Sucessões e da Infância e da Juventude)",2026-01-31,12,100.0,3
CIDADE OCIDENTAL,"1ª Vara (Cível, de Família, Sucessões e da Infância e da Juventude)",2026-02-28,12,100.0,4
CIDADE OCIDENTAL,"1ª Vara (Cível, de Família, Sucessões e da Infância e da Juventude)",2026-03-31,12,100.0,5
CIDADE OCIDENTAL,"1ª Vara (Cível, de Família, Sucessões e da Infância e da Juventude)",2026-04-30,12,100.0,6
CIDADE OCIDENTAL,"1ª Vara (Cível, de Família, Sucessões e da Infância e da Juventude)",2026-05-31,12,100.0,7
CIDADE OCIDENTAL,"1ª Vara (Cível, de Família, Sucessões e da Infância e da Juventude)",2026-06-30,12,100.0,8
CIDADE OCIDENTAL,"1ª Vara (Cível, de Família, Sucessões e da Infância e da Juventude)",2026-07-31,12,100.0,9
CIDADE OCIDENTAL,"1ª Vara (Cível, de Família, Sucessões e da Infância e da Juventude)",2026-08-31,12,100.0,10
CIDADE OCIDENTAL,"1ª Vara (Cível, de Família, Sucessões e da Infância e da Juventude)",2026-09-30,12,100.0,11
CIDADE OCIDENTAL,"1ª Vara (Cível, de Família, Sucessões e da Infância e da Juventude)",2026-10-31,12,100.0,12
CIDADE OCIDENTAL,"2ª Vara (Cível, das Fazendas Públicas, de Registros Públicos e Ambiental)",2025-11-30,12,90.17,1
CIDADE OCIDENTAL,"2ª Vara (Cível, das Fazendas Públicas, de Registros Públicos e Ambiental)",2025-12-31,12,90.13,2
CIDADE OCIDENTAL,"2ª Vara (Cível, das Fazendas Públicas, de Registros Públicos e Ambiental)",2026-01-31,12,90.08,3
CIDADE OCIDENTAL,"2ª Vara (Cível, das Fazendas Públicas, de Registros Públicos e Ambiental)",2026-02-28,12,90.04,4
CIDADE OCIDENTAL,"2ª Vara (Cível, das Fazendas Públicas, de Registros Públicos e Ambiental)",2026-03-31,12,89.99,5
CIDADE OCIDENTAL,"2ª Vara (Cível, das Fazendas Públicas, de Registros Públicos e Ambiental)",2026-04-30,12,89.94,6
CIDADE OCIDENTAL,"2ª Vara (Cível, das Fazendas Públicas, de Registros Públicos e Ambiental)",2026-05-31,12,89.89,7
CIDADE OCIDENTAL,"2ª Vara (Cível, das Fazendas Públicas, de Registros Públicos e Ambiental)",2026-06-30,12,89.85,8
CIDADE OCIDENTAL,"2ª Vara (Cível, das Fazendas Públicas, de Registros Públicos e Ambiental)",2026-07-31,12,89.8,9
CIDADE OCIDENTAL,"2ª Vara (Cível, das Fazendas Públicas, de Registros Públicos e Ambiental)",2026-08-31,12,89.75,10
CIDADE OCIDENTAL,"2ª Vara (Cível, das Fazendas Públicas, de Registros Públicos e Ambiental)",2026-09-30,12,89.71,11
CIDADE OCIDENTAL,"2ª Vara (Cível, das Fazendas Públicas, de Registros Públicos e Ambiental)",2026-10-31,12,89.66,12
CIDADE OCIDENTAL,Juizado Especial Cível e Criminal,2025-11-30,12,97.31,1
CIDADE OCIDENTAL,Juizado Especial Cível e Criminal,2025-12-31,12,99.01,2
CIDADE OCIDENTAL,Juizado Especial Cível e Criminal,2026-01-31,12,100.0,3
CIDADE OCIDENTAL,Juizado Especial Cível e Criminal,2026-02-28,12,100.0,4
CIDADE OCIDENTAL,Juizado Especial Cível e Criminal,2026-03-31,12,100.0,5
CIDADE OCIDENTAL,Juizado Especial Cível e Criminal,2026-04-30,12,100.0,6
CIDADE OCIDENTAL,Juizado Especial Cível e Criminal,2026-05-31,12,100.0,7
CIDADE OCIDENTAL,Juizado Especial Cível e Criminal,2026-06-30,12,100.0,8
CIDADE OCIDENTAL,Juizado Especial Cível e Criminal,2026-07-31,12,100.0,9
CIDADE OCIDENTAL,Juizado Especial Cível e Criminal,2026-08-31,12,100.0,10
CIDADE OCIDENTAL,Juizado Especial Cível e Criminal,2026-09-30,12,100.0,11
CIDADE OCIDENTAL,Juizado Especial Cível e Criminal,2026-10-31,12,100.0,12
CIDADE OCIDENTAL,Vara Criminal,2025-11-30,12,100.0,1
CIDADE OCIDENTAL,Vara Criminal,2025-12-31,12,100.0,2
CIDADE OCIDENTAL,Vara Criminal,2026-01-31,12,100.0,3
CIDADE OCIDENTAL,Vara Criminal,2026-02-28,12,100.0,4
CIDADE OCIDENTAL,Vara Criminal,2026-03-31,12,100.0,5
CIDADE OCIDENTAL,Vara Criminal,2026-04-30,12,100.0,6
CIDADE OCIDENTAL,Vara Criminal,2026-05-31,12,100.0,7
CIDADE OCIDENTAL,Vara Criminal,2026-06-30,12,100.0,8
CIDADE OCIDENTAL,Vara Criminal,2026-07-31,12,100.0,9
CIDADE OCIDENTAL,Vara Criminal,2026-08-31,12,100.0,10
CIDADE OCIDENTAL,Vara Criminal,2026-09-30,12,100.0,11
CIDADE OCIDENTAL,Vara Criminal,2026-10-31,12,100.0,12
COCALZINHO DE GOIÁS,Vara Judicial,2025-11-30,12,93.5,1
COCALZINHO DE GOIÁS,Vara Judicial,2025-12-31,12,93.66,2
COCALZINHO DE GOIÁS,Vara Judicial,2026-01-31,12,93.81,3
COCALZINHO DE GOIÁS,Vara Judicial,2026-02-28,12,93.95,4
COCALZINHO DE GOIÁS,Vara Judicial,2026-03-31,12,94.1,5
COCALZINHO DE GOIÁS,Vara Judicial,2026-04-30,12,94.25,6
COCALZINHO DE GOIÁS,Vara Judicial,2026-05-31,12,94.4,7
COCALZINHO DE GOIÁS,Vara Judicial,2026-06-30,12,94.55,8
COCALZINHO DE GOIÁS,Vara Judicial,2026-07-31,12,94.7,9
COCALZINHO DE GOIÁS,Vara Judicial,2026-08-31,12,94.85,10
COCALZINHO DE GOIÁS,Vara Judicial,2026-09-30,12,95.0,11
COCALZINHO DE GOIÁS,Vara Judicial,2026-10-31,12,95.16,12
CORUMBAÍBA,Vara Judicial,2025-11-30,12,88.16,1
CORUMBAÍBA,Vara Judicial,2025-12-31,12,88.1,2
CORUMBAÍBA,Vara Judicial,2026-01-31,12,88.04,3
CORUMBAÍBA,Vara Judicial,2026-02-28,12,87.98,4
CORUMBAÍBA,Vara Judicial,2026-03-31,12,87.92,5
CORUMBAÍBA,Vara Judicial,2026-04-30,12,87.85,6
CORUMBAÍBA,Vara Judicial,2026-05-31,12,87.79,7
CORUMBAÍBA,Vara Judicial,2026-06-30,12,87.73,8
CORUMBAÍBA,Vara Judicial,2026-07-31,12,87.67,9
CORUMBAÍBA,Vara Judicial,2026-08-31,12,87.6,10
CORUMBAÍBA,Vara Judicial,2026-09-30,12,87.54,11
CORUMBAÍBA,Vara Judicial,2026-10-31,12,87.48,12
CORUMBÁ DE GOIÁS,Vara Judicial,2025-11-30,12,92.51,1
CORUMBÁ DE GOIÁS,Vara Judicial,2025-12-31,12,93.42,2
CORUMBÁ DE GOIÁS,Vara Judicial,2026-01-31,12,94.33,3
CORUMBÁ DE GOIÁS,Vara Judicial,2026-02-28,12,95.15,4
CORUMBÁ DE GOIÁS,Vara Judicial,2026-03-31,12,96.06,5
CORUMBÁ DE GOIÁS,Vara Judicial,2026-04-30,12,96.94,6
CORUMBÁ DE GOIÁS,Vara Judicial,2026-05-31,12,97.85,7
CORUMBÁ DE GOIÁS,Vara Judicial,2026-06-30,12,98.73,8
CORUMBÁ DE GOIÁS,Vara Judicial,2026-07-31,12,99.64,9
CORUMBÁ DE GOIÁS,Vara Judicial,2026-08-31,12,100.0,10
CORUMBÁ DE GOIÁS,Vara Judicial,2026-09-30,12,100.0,11
CORUMBÁ DE GOIÁS,Vara Judicial,2026-10-31,12,100.0,12
CRISTALINA,"1ª Vara (Cível, de Família, Sucessões e da Infância e da Juventude)",2025-11-30,12,98.44,1
CRISTALINA,"1ª Vara (Cível, de Família, Sucessões e da Infância e da Juventude)",2025-12-31,12,98.75,2
CRISTALINA,"1ª Vara (Cível, de Família, Sucessões e da Infância e da Juventude)",2026-01-31,12,99.06,3
CRISTALINA,"1ª Vara (Cível, de Família, Sucessões e da Infância e da Juventude)",2026-02-28,12,99.34,4
CRISTALINA,"1ª Vara (Cível, de Família, Sucessões e da Infância e da Juventude)",2026-03-31,12,99.65,5
CRISTALINA,"1ª Vara (Cível, de Família, Sucessões e da Infância e da Juventude)",2026-04-30,12,99.96,6
CRISTALINA,"1ª Vara (Cível, de Família, Sucessões e da Infância e da Juventude)",2026-05-31,12,100.0,7
CRISTALINA,"1ª Vara (Cível, de Família, Sucessões e da Infância e da Juventude)",2026-06-30,12,100.0,8
CRISTALINA,"1ª Vara (Cível, de Família, Sucessões e da Infância e da Juventude)",2026-07-31,12,100.0,9
CRISTALINA,"1ª Vara (Cível, de Família, Sucessões e da Infância e da Juventude)",2026-08-31,12,100.0,10
CRISTALINA,"1ª Vara (Cível, de Família, Sucessões e da Infância e da Juventude)",2026-09-30,12,100.0,11
CRISTALINA,"1ª Vara (Cível, de Família, Sucessões e da Infância e da Juventude)",2026-10-31,12,100.0,12
CRISTALINA,"2ª Vara (Cível, das Fazendas Públicas, de Registros Públicos e Ambiental)",2025-11-30,12,94.7,1
CRISTALINA,"2ª Vara (Cível, das Fazendas Públicas, de Registros Públicos e Ambiental)",2025-12-31,12,94.83,2
CRISTALINA,"2ª Vara (Cível, das Fazendas Públicas, de Registros Públicos e Ambiental)",2026-01-31,12,94.97,3
CRISTALINA,"2ª Vara (Cível, das Fazendas Públicas, de Registros Públicos e Ambiental)",2026-02-28,12,95.09,4
CRISTALINA,"2ª Vara (Cível, das Fazendas Públicas, de Registros Públicos e Ambiental)",2026-03-31,12,95.22,5
CRISTALINA,"2ª Vara (Cível, das Fazendas Públicas, de Registros Públicos e Ambiental)",2026-04-30,12,95.35,6
CRISTALINA,"2ª Vara (Cível, das Fazendas Públicas, de Registros Públicos e Ambiental)",2026-05-31,12,95.48,7
CRISTALINA,"2ª Vara (Cível, das Fazendas Públicas, de Registros Públicos e Ambiental)",2026-06-30,12,95.61,8
CRISTALINA,"2ª Vara (Cível, das Fazendas Públicas, de Registros Públicos e Ambiental)",2026-07-31,12,95.74,9
CRISTALINA,"2ª Vara (Cível, das Fazendas Públicas, de Registros Públicos e Ambiental)",2026-08-31,12,95.87,10
CRISTALINA,"2ª Vara (Cível, das Fazendas Públicas, de Registros Públicos e Ambiental)",2026-09-30,12,96.0,11
CRISTALINA,"2ª Vara (Cível, das Fazendas Públicas, de Registros Públicos e Ambiental)",2026-10-31,12,96.13,12
CRISTALINA,Vara Criminal,2025-11-30,12,98.01,1
CRISTALINA,Vara Criminal,2025-12-31,12,98.54,2
CRISTALINA,Vara Criminal,2026-01-31,12,99.07,3
CRISTALINA,Vara Criminal,2026-02-28,12,99.55,4
CRISTALINA,Vara Criminal,2026-03-31,12,100.0,5
CRISTALINA,Vara Criminal,2026-04-30,12,100.0,6
CRISTALINA,Vara Criminal,2026-05-31,12,100.0,7
CRISTALINA,Vara Criminal,2026-06-30,12,100.0,8
CRISTALINA,Vara Criminal,2026-07-31,12,100.0,9
CRISTALINA,Vara Criminal,2026-08-31,12,100.0,10
CRISTALINA,Vara Criminal,2026-09-30,12,100.0,11
CRISTALINA,Vara Criminal,2026-10-31,12,100.0,12
CRIXÁS,Vara Judicial,2025-11-30,12,96.4,1
CRIXÁS,Vara Judicial,2025-12-31,12,96.65,2
CRIXÁS,Vara Judicial,2026-01-31,12,96.9,3
CRIXÁS,Vara Judicial,2026-02-28,12,97.13,4
CRIXÁS,Vara Judicial,2026-03-31,12,97.38,5
CRIXÁS,Vara Judicial,2026-04-30,12,97.63,6
CRIXÁS,Vara Judicial,2026-05-31,12,97.88,7
CRIXÁS,Vara Judicial,2026-06-30,12,98.12,8
CRIXÁS,Vara Judicial,2026-07-31,12,98.37,9
CRIXÁS,Vara Judicial,2026-08-31,12,98.63,10
CRIXÁS,Vara Judicial,2026-09-30,12,98.87,11
CRIXÁS,Vara Judicial,2026-10-31,12,99.12,12
EDÉIA,Vara Judicial,2025-11-30,12,96.07,1
EDÉIA,Vara Judicial,2025-12-31,12,96.21,2
EDÉIA,Vara Judicial,2026-01-31,12,96.34,3
EDÉIA,Vara Judicial,2026-02-28,12,96.46,4
EDÉIA,Vara Judicial,2026-03-31,12,96.59,5
EDÉIA,Vara Judicial,2026-04-30,12,96.71,6
EDÉIA,Vara Judicial,2026-05-31,12,96.84,7
EDÉIA,Vara Judicial,2026-06-30,12,96.97,8
EDÉIA,Vara Judicial,2026-07-31,12,97.1,9
EDÉIA,Vara Judicial,2026-08-31,12,97.23,10
EDÉIA,Vara Judicial,2026-09-30,12,97.36,11
EDÉIA,Vara Judicial,2026-10-31,12,97.49,12
ESTRELA DO NORTE,Vara Judicial,2025-11-30,12,93.45,1
ESTRELA DO NORTE,Vara Judicial,2025-12-31,12,93.66,2
ESTRELA DO NORTE,Vara Judicial,2026-01-31,12,93.86,3
ESTRELA DO NORTE,Vara Judicial,2026-02-28,12,94.05,4
ESTRELA DO NORTE,Vara Judicial,2026-03-31,12,94.26,5
ESTRELA DO NORTE,Vara Judicial,2026-04-30,12,94.47,6
ESTRELA DO NORTE,Vara Judicial,2026-05-31,12,94.67,7
ESTRELA DO NORTE,Vara Judicial,2026-06-30,12,94.88,8
ESTRELA DO NORTE,Vara Judicial,2026-07-31,12,95.09,9
ESTRELA DO NORTE,Vara Judicial,2026-08-31,12,95.3,10
ESTRELA DO NORTE,Vara Judicial,2026-09-30,12,95.5,11
ESTRELA DO NORTE,Vara Judicial,2026-10-31,12,95.71,12
FAZENDA NOVA,Vara Judicial,2025-11-30,12,99.33,1
FAZENDA NOVA,Vara Judicial,2025-12-31,12,100.0,2
FAZENDA NOVA,Vara Judicial,2026-01-31,12,100.0,3
FAZENDA NOVA,Vara Judicial,2026-02-28,12,100.0,4
FAZENDA NOVA,Vara Judicial,2026-03-31,12,100.0,5
FAZENDA NOVA,Vara Judicial,2026-04-30,12,100.0,6
FAZENDA NOVA,Vara Judicial,2026-05-31,12,100.0,7
FAZENDA NOVA,Vara Judicial,2026-06-30,12,100.0,8
FAZENDA NOVA,Vara Judicial,2026-07-31,12,100.0,9
FAZENDA NOVA,Vara Judicial,2026-08-31,12,100.0,10
FAZENDA NOVA,Vara Judicial,2026-09-30,12,100.0,11
FAZENDA NOVA,Vara Judicial,2026-10-31,12,100.0,12
FIRMINÓPOLIS,Vara Judicial,2025-11-30,12,95.14,1
FIRMINÓPOLIS,Vara Judicial,2025-12-31,12,95.23,2
FIRMINÓPOLIS,Vara Judicial,2026-01-31,12,95.33,3
FIRMINÓPOLIS,Vara Judicial,2026-02-28,12,95.42,4
FIRMINÓPOLIS,Vara Judicial,2026-03-31,12,95.51,5
FIRMINÓPOLIS,Vara Judicial,2026-04-30,12,95.61,6
FIRMINÓPOLIS,Vara Judicial,2026-05-31,12,95.7,7
FIRMINÓPOLIS,Vara Judicial,2026-06-30,12,95.79,8
FIRMINÓPOLIS,Vara Judicial,2026-07-31,12,95.89,9
FIRMINÓPOLIS,Vara Judicial,2026-08-31,12,95.99,10
FIRMINÓPOLIS,Vara Judicial,2026-09-30,12,96.08,11
FIRMINÓPOLIS,Vara Judicial,2026-10-31,12,96.18,12
FLORES DE GOIÁS,Vara Judicial,2025-11-30,12,96.89,1
FLORES DE GOIÁS,Vara Judicial,2025-12-31,12,97.17,2
FLORES DE GOIÁS,Vara Judicial,2026-01-31,12,97.44,3
FLORES DE GOIÁS,Vara Judicial,2026-02-28,12,97.69,4
FLORES DE GOIÁS,Vara Judicial,2026-03-31,12,97.97,5
FLORES DE GOIÁS,Vara Judicial,2026-04-30,12,98.23,6
FLORES DE GOIÁS,Vara Judicial,2026-05-31,12,98.51,7
FLORES DE GOIÁS,Vara Judicial,2026-06-30,12,98.77,8
FLORES DE GOIÁS,Vara Judicial,2026-07-31,12,99.05,9
FLORES DE GOIÁS,Vara Judicial,2026-08-31,12,99.32,10
FLORES DE GOIÁS,Vara Judicial,2026-09-30,12,99.59,11
FLORES DE GOIÁS,Vara Judicial,2026-10-31,12,99.86,12
FORMOSA,1ª Vara (Cível e da Inf. e da Juv.),2025-11-30,12,100.0,1
FORMOSA,1ª Vara (Cível e da Inf. e da Juv.),2025-12-31,12,100.0,2
FORMOSA,1ª Vara (Cível e da Inf. e da Juv.),2026-01-31,12,100.0,3
FORMOSA,1ª Vara (Cível e da Inf. e da Juv.),2026-02-28,12,100.0,4
FORMOSA,1ª Vara (Cível e da Inf. e da Juv.),2026-03-31,12,100.0,5
FORMOSA,1ª Vara (Cível e da Inf. e da Juv.),2026-04-30,12,100.0,6
FORMOSA,1ª Vara (Cível e da Inf. e da Juv.),2026-05-31,12,100.0,7
FORMOSA,1ª Vara (Cível e da Inf. e da Juv.),2026-06-30,12,100.0,8
FORMOSA,1ª Vara (Cível e da Inf. e da Juv.),2026-07-31,12,100.0,9
FORMOSA,1ª Vara (Cível e da Inf. e da Juv.),2026-08-31,12,100.0,10
FORMOSA,1ª Vara (Cível e da Inf. e da Juv.),2026-09-30,12,100.0,11
FORMOSA,1ª Vara (Cível e da Inf. e da Juv.),2026-10-31,12,100.0,12
FORMOSA,"1ª Vara Criminal (crimes dolosos contra a vida, Pres. Trib. Juri e execuções penais)",2025-11-30,12,66.11,1
FORMOSA,"1ª Vara Criminal (crimes dolosos contra a vida, Pres. Trib. Juri e execuções penais)",2025-12-31,12,66.57,2
FORMOSA,"1ª Vara Criminal (crimes dolosos contra a vida, Pres. Trib. Juri e execuções penais)",2026-01-31,12,67.03,3
FORMOSA,"1ª Vara Criminal (crimes dolosos contra a vida, Pres. Trib. Juri e execuções penais)",2026-02-28,12,67.45,4
FORMOSA,"1ª Vara Criminal (crimes dolosos contra a vida, Pres. Trib. Juri e execuções penais)",2026-03-31,12,67.9,5
FORMOSA,"1ª Vara Criminal (crimes dolosos contra a vida, Pres. Trib. Juri e execuções penais)",2026-04-30,12,68.35,6
FORMOSA,"1ª Vara Criminal (crimes dolosos contra a vida, Pres. Trib. Juri e execuções penais)",2026-05-31,12,68.81,7
FORMOSA,"1ª Vara Criminal (crimes dolosos contra a vida, Pres. Trib. Juri e execuções penais)",2026-06-30,12,69.25,8
FORMOSA,"1ª Vara Criminal (crimes dolosos contra a vida, Pres. Trib. Juri e execuções penais)",2026-07-31,12,69.71,9
FORMOSA,"1ª Vara Criminal (crimes dolosos contra a vida, Pres. Trib. Juri e execuções penais)",2026-08-31,12,70.17,10
FORMOSA,"1ª Vara Criminal (crimes dolosos contra a vida, Pres. Trib. Juri e execuções penais)",2026-09-30,12,70.61,11
FORMOSA,"1ª Vara Criminal (crimes dolosos contra a vida, Pres. Trib. Juri e execuções penais)",2026-10-31,12,71.07,12
FORMOSA,2ª Vara Criminal (crimes em geral e Violência Doméstica e Familiar contra a Mulher),2025-11-30,12,95.07,1
FORMOSA,2ª Vara Criminal (crimes em geral e Violência Doméstica e Familiar contra a Mulher),2025-12-31,12,95.48,2
FORMOSA,2ª Vara Criminal (crimes em geral e Violência Doméstica e Familiar contra a Mulher),2026-01-31,12,95.9,3
FORMOSA,2ª Vara Criminal (crimes em geral e Violência Doméstica e Familiar contra a Mulher),2026-02-28,12,96.28,4
FORMOSA,2ª Vara Criminal (crimes em geral e Violência Doméstica e Familiar contra a Mulher),2026-03-31,12,96.7,5
FORMOSA,2ª Vara Criminal (crimes em geral e Violência Doméstica e Familiar contra a Mulher),2026-04-30,12,97.1,6
FORMOSA,2ª Vara Criminal (crimes em geral e Violência Doméstica e Familiar contra a Mulher),2026-05-31,12,97.52,7
FORMOSA,2ª Vara Criminal (crimes em geral e Violência Doméstica e Familiar contra a Mulher),2026-06-30,12,97.92,8
FORMOSA,2ª Vara Criminal (crimes em geral e Violência Doméstica e Familiar contra a Mulher),2026-07-31,12,98.34,9
FORMOSA,2ª Vara Criminal (crimes em geral e Violência Doméstica e Familiar contra a Mulher),2026-08-31,12,98.76,10
FORMOSA,2ª Vara Criminal (crimes em geral e Violência Doméstica e Familiar contra a Mulher),2026-09-30,12,99.16,11
FORMOSA,2ª Vara Criminal (crimes em geral e Violência Doméstica e Familiar contra a Mulher),2026-10-31,12,99.58,12
FORMOSA,2ª Vara Cível e Família e Sucessões,2025-11-30,12,98.46,1
FORMOSA,2ª Vara Cível e Família e Sucessões,2025-12-31,12,98.95,2
FORMOSA,2ª Vara Cível e Família e Sucessões,2026-01-31,12,99.45,3
FORMOSA,2ª Vara Cível e Família e Sucessões,2026-02-28,12,99.89,4
FORMOSA,2ª Vara Cível e Família e Sucessões,2026-03-31,12,100.0,5
FORMOSA,2ª Vara Cível e Família e Sucessões,2026-04-30,12,100.0,6
FORMOSA,2ª Vara Cível e Família e Sucessões,2026-05-31,12,100.0,7
FORMOSA,2ª Vara Cível e Família e Sucessões,2026-06-30,12,100.0,8
FORMOSA,2ª Vara Cível e Família e Sucessões,2026-07-31,12,100.0,9
FORMOSA,2ª Vara Cível e Família e Sucessões,2026-08-31,12,100.0,10
FORMOSA,2ª Vara Cível e Família e Sucessões,2026-09-30,12,100.0,11
FORMOSA,2ª Vara Cível e Família e Sucessões,2026-10-31,12,100.0,12
FORMOSA,3ª Vara Criminal (crimes em geral e Violência Doméstica e Familiar contra a Mulher),2025-11-30,12,97.43,1
FORMOSA,3ª Vara Criminal (crimes em geral e Violência Doméstica e Familiar contra a Mulher),2025-12-31,12,98.02,2
FORMOSA,3ª Vara Criminal (crimes em geral e Violência Doméstica e Familiar contra a Mulher),2026-01-31,12,98.61,3
FORMOSA,3ª Vara Criminal (crimes em geral e Violência Doméstica e Familiar contra a Mulher),2026-02-28,12,99.15,4
FORMOSA,3ª Vara Criminal (crimes em geral e Violência Doméstica e Familiar contra a Mulher),2026-03-31,12,99.74,5
FORMOSA,3ª Vara Criminal (crimes em geral e Violência Doméstica e Familiar contra a Mulher),2026-04-30,12,100.0,6
FORMOSA,3ª Vara Criminal (crimes em geral e Violência Doméstica e Familiar contra a Mulher),2026-05-31,12,100.0,7
FORMOSA,3ª Vara Criminal (crimes em geral e Violência Doméstica e Familiar contra a Mulher),2026-06-30,12,100.0,8
FORMOSA,3ª Vara Criminal (crimes em geral e Violência Doméstica e Familiar contra a Mulher),2026-07-31,12,100.0,9
FORMOSA,3ª Vara Criminal (crimes em geral e Violência Doméstica e Familiar contra a Mulher),2026-08-31,12,100.0,10
FORMOSA,3ª Vara Criminal (crimes em geral e Violência Doméstica e Familiar contra a Mulher),2026-09-30,12,100.0,11
FORMOSA,3ª Vara Criminal (crimes em geral e Violência Doméstica e Familiar contra a Mulher),2026-10-31,12,100.0,12
FORMOSA,3ª Vara Cível e Família e Sucessões,2025-11-30,12,93.48,1
FORMOSA,3ª Vara Cível e Família e Sucessões,2025-12-31,12,93.7,2
FORMOSA,3ª Vara Cível e Família e Sucessões,2026-01-31,12,93.93,3
FORMOSA,3ª Vara Cível e Família e Sucessões,2026-02-28,12,94.13,4
FORMOSA,3ª Vara Cível e Família e Sucessões,2026-03-31,12,94.36,5
FORMOSA,3ª Vara Cível e Família e Sucessões,2026-04-30,12,94.57,6
FORMOSA,3ª Vara Cível e Família e Sucessões,2026-05-31,12,94.8,7
FORMOSA,3ª Vara Cível e Família e Sucessões,2026-06-30,12,95.02,8
FORMOSA,3ª Vara Cível e Família e Sucessões,2026-07-31,12,95.24,9
FORMOSA,3ª Vara Cível e Família e Sucessões,2026-08-31,12,95.47,10
FORMOSA,3ª Vara Cível e Família e Sucessões,2026-09-30,12,95.68,11
FORMOSA,3ª Vara Cível e Família e Sucessões,2026-10-31,12,95.91,12
FORMOSA,Juizado Especial Cível e Criminal,2025-11-30,12,85.53,1
FORMOSA,Juizado Especial Cível e Criminal,2025-12-31,12,86.98,2
FORMOSA,Juizado Especial Cível e Criminal,2026-01-31,12,88.42,3
FORMOSA,Juizado Especial Cível e Criminal,2026-02-28,12,89.73,4
FORMOSA,Juizado Especial Cível e Criminal,2026-03-31,12,91.18,5
FORMOSA,Juizado Especial Cível e Criminal,2026-04-30,12,92.58,6
FORMOSA,Juizado Especial Cível e Criminal,2026-05-31,12,94.03,7
FORMOSA,Juizado Especial Cível e Criminal,2026-06-30,12,95.43,8
FORMOSA,Juizado Especial Cível e Criminal,2026-07-31,12,96.87,9
FORMOSA,Juizado Especial Cível e Criminal,2026-08-31,12,98.32,10
FORMOSA,Juizado Especial Cível e Criminal,2026-09-30,12,99.72,11
FORMOSA,Juizado Especial Cível e Criminal,2026-10-31,12,100.0,12
FORMOSA,"Vara de Fazendas Públicas, Registros Públicos e Ambiental",2025-11-30,12,96.04,1
FORMOSA,"Vara de Fazendas Públicas, Registros Públicos e Ambiental",2025-12-31,12,96.01,2
FORMOSA,"Vara de Fazendas Públicas, Registros Públicos e Ambiental",2026-01-31,12,95.98,3
FORMOSA,"Vara de Fazendas Públicas, Registros Públicos e Ambiental",2026-02-28,12,95.95,4
FORMOSA,"Vara de Fazendas Públicas, Registros Públicos e Ambiental",2026-03-31,12,95.92,5
FORMOSA,"Vara de Fazendas Públicas, Registros Públicos e Ambiental",2026-04-30,12,95.9,6
FORMOSA,"Vara de Fazendas Públicas, Registros Públicos e Ambiental",2026-05-31,12,95.87,7
FORMOSA,"Vara de Fazendas Públicas, Registros Públicos e Ambiental",2026-06-30,12,95.84,8
FORMOSA,"Vara de Fazendas Públicas, Registros Públicos e Ambiental",2026-07-31,12,95.81,9
FORMOSA,"Vara de Fazendas Públicas, Registros Públicos e Ambiental",2026-08-31,12,95.78,10
FORMOSA,"Vara de Fazendas Públicas, Registros Públicos e Ambiental",2026-09-30,12,95.75,11
FORMOSA,"Vara de Fazendas Públicas, Registros Públicos e Ambiental",2026-10-31,12,95.73,12
FORMOSO,Vara Judicial,2025-11-30,12,90.9,1
FORMOSO,Vara Judicial,2025-12-31,12,91.15,2
FORMOSO,Vara Judicial,2026-01-31,12,91.41,3
FORMOSO,Vara Judicial,2026-02-28,12,91.64,4
FORMOSO,Vara Judicial,2026-03-31,12,91.89,5
FORMOSO,Vara Judicial,2026-04-30,12,92.14,6
FORMOSO,Vara Judicial,2026-05-31,12,92.4,7
FORMOSO,Vara Judicial,2026-06-30,12,92.64,8
FORMOSO,Vara Judicial,2026-07-31,12,92.9,9
FORMOSO,Vara Judicial,2026-08-31,12,93.16,10
FORMOSO,Vara Judicial,2026-09-30,12,93.4,11
FORMOSO,Vara Judicial,2026-10-31,12,93.66,12
GOIANDIRA,Vara Judicial,2025-11-30,12,100.0,1
GOIANDIRA,Vara Judicial,2025-12-31,12,100.0,2
GOIANDIRA,Vara Judicial,2026-01-31,12,100.0,3
GOIANDIRA,Vara Judicial,2026-02-28,12,100.0,4
GOIANDIRA,Vara Judicial,2026-03-31,12,100.0,5
GOIANDIRA,Vara Judicial,2026-04-30,12,100.0,6
GOIANDIRA,Vara Judicial,2026-05-31,12,100.0,7
GOIANDIRA,Vara Judicial,2026-06-30,12,100.0,8
GOIANDIRA,Vara Judicial,2026-07-31,12,100.0,9
GOIANDIRA,Vara Judicial,2026-08-31,12,100.0,10
GOIANDIRA,Vara Judicial,2026-09-30,12,100.0,11
GOIANDIRA,Vara Judicial,2026-10-31,12,100.0,12
GOIANIRA,Juizado Especial Cível e Criminal,2025-11-30,12,77.9,1
GOIANIRA,Juizado Especial Cível e Criminal,2025-12-31,12,78.83,2
GOIANIRA,Juizado Especial Cível e Criminal,2026-01-31,12,79.76,3
GOIANIRA,Juizado Especial Cível e Criminal,2026-02-28,12,80.59,4
GOIANIRA,Juizado Especial Cível e Criminal,2026-03-31,12,81.52,5
GOIANIRA,Juizado Especial Cível e Criminal,2026-04-30,12,82.41,6
GOIANIRA,Juizado Especial Cível e Criminal,2026-05-31,12,83.34,7
GOIANIRA,Juizado Especial Cível e Criminal,2026-06-30,12,84.24,8
GOIANIRA,Juizado Especial Cível e Criminal,2026-07-31,12,85.16,9
GOIANIRA,Juizado Especial Cível e Criminal,2026-08-31,12,86.09,10
GOIANIRA,Juizado Especial Cível e Criminal,2026-09-30,12,86.99,11
GOIANIRA,Juizado Especial Cível e Criminal,2026-10-31,12,87.91,12
GOIANIRA,Vara Criminal,2025-11-30,12,100.0,1
GOIANIRA,Vara Criminal,2025-12-31,12,100.0,2
GOIANIRA,Vara Criminal,2026-01-31,12,100.0,3
GOIANIRA,Vara Criminal,2026-02-28,12,100.0,4
GOIANIRA,Vara Criminal,2026-03-31,12,100.0,5
GOIANIRA,Vara Criminal,2026-04-30,12,100.0,6
GOIANIRA,Vara Criminal,2026-05-31,12,100.0,7
GOIANIRA,Vara Criminal,2026-06-30,12,100.0,8
GOIANIRA,Vara Criminal,2026-07-31,12,100.0,9
GOIANIRA,Vara Criminal,2026-08-31,12,100.0,10
GOIANIRA,Vara Criminal,2026-09-30,12,100.0,11
GOIANIRA,Vara Criminal,2026-10-31,12,100.0,12
GOIANIRA,Vara Cível,2025-11-30,12,91.93,1
GOIANIRA,Vara Cível,2025-12-31,12,91.89,2
GOIANIRA,Vara Cível,2026-01-31,12,91.85,3
GOIANIRA,Vara Cível,2026-02-28,12,91.81,4
GOIANIRA,Vara Cível,2026-03-31,12,91.77,5
GOIANIRA,Vara Cível,2026-04-30,12,91.73,6
GOIANIRA,Vara Cível,2026-05-31,12,91.69,7
GOIANIRA,Vara Cível,2026-06-30,12,91.65,8
GOIANIRA,Vara Cível,2026-07-31,12,91.61,9
GOIANIRA,Vara Cível,2026-08-31,12,91.57,10
GOIANIRA,Vara Cível,2026-09-30,12,91.53,11
GOIANIRA,Vara Cível,2026-10-31,12,91.49,12
GOIANIRA,"Vara Família e Sucessões, da Infância e da Juventude, Fazendas Públicas e de Registros Públicos",2025-11-30,12,88.6,1
GOIANIRA,"Vara Família e Sucessões, da Infância e da Juventude, Fazendas Públicas e de Registros Públicos",2025-12-31,12,88.97,2
GOIANIRA,"Vara Família e Sucessões, da Infância e da Juventude, Fazendas Públicas e de Registros Públicos",2026-01-31,12,89.34,3
GOIANIRA,"Vara Família e Sucessões, da Infância e da Juventude, Fazendas Públicas e de Registros Públicos",2026-02-28,12,89.67,4
GOIANIRA,"Vara Família e Sucessões, da Infância e da Juventude, Fazendas Públicas e de Registros Públicos",2026-03-31,12,90.04,5
GOIANIRA,"Vara Família e Sucessões, da Infância e da Juventude, Fazendas Públicas e de Registros Públicos",2026-04-30,12,90.39,6
GOIANIRA,"Vara Família e Sucessões, da Infância e da Juventude, Fazendas Públicas e de Registros Públicos",2026-05-31,12,90.76,7
GOIANIRA,"Vara Família e Sucessões, da Infância e da Juventude, Fazendas Públicas e de Registros Públicos",2026-06-30,12,91.12,8
GOIANIRA,"Vara Família e Sucessões, da Infância e da Juventude, Fazendas Públicas e de Registros Públicos",2026-07-31,12,91.48,9
GOIANIRA,"Vara Família e Sucessões, da Infância e da Juventude, Fazendas Públicas e de Registros Públicos",2026-08-31,12,91.85,10
GOIANIRA,"Vara Família e Sucessões, da Infância e da Juventude, Fazendas Públicas e de Registros Públicos",2026-09-30,12,92.21,11
GOIANIRA,"Vara Família e Sucessões, da Infância e da Juventude, Fazendas Públicas e de Registros Públicos",2026-10-31,12,92.58,12
GOIANÁPOLIS,Vara Judicial,2025-11-30,12,96.89,1
GOIANÁPOLIS,Vara Judicial,2025-12-31,12,97.1,2
GOIANÁPOLIS,Vara Judicial,2026-01-31,12,97.3,3
GOIANÁPOLIS,Vara Judicial,2026-02-28,12,97.49,4
GOIANÁPOLIS,Vara Judicial,2026-03-31,12,97.7,5
GOIANÁPOLIS,Vara Judicial,2026-04-30,12,97.89,6
GOIANÁPOLIS,Vara Judicial,2026-05-31,12,98.1,7
GOIANÁPOLIS,Vara Judicial,2026-06-30,12,98.3,8
GOIANÁPOLIS,Vara Judicial,2026-07-31,12,98.5,9
GOIANÁPOLIS,Vara Judicial,2026-08-31,12,98.71,10
GOIANÁPOLIS,Vara Judicial,2026-09-30,12,98.91,11
GOIANÁPOLIS,Vara Judicial,2026-10-31,12,99.11,12
GOIANÉSIA,"1ª Vara (Cível, de Família, Sucessões e da Infância e da Juventude)",2025-11-30,12,93.11,1
GOIANÉSIA,"1ª Vara (Cível, de Família, Sucessões e da Infância e da Juventude)",2025-12-31,12,93.34,2
GOIANÉSIA,"1ª Vara (Cível, de Família, Sucessões e da Infância e da Juventude)",2026-01-31,12,93.57,3
GOIANÉSIA,"1ª Vara (Cível, de Família, Sucessões e da Infância e da Juventude)",2026-02-28,12,93.78,4
GOIANÉSIA,"1ª Vara (Cível, de Família, Sucessões e da Infância e da Juventude)",2026-03-31,12,94.01,5
GOIANÉSIA,"1ª Vara (Cível, de Família, Sucessões e da Infância e da Juventude)",2026-04-30,12,94.23,6
GOIANÉSIA,"1ª Vara (Cível, de Família, Sucessões e da Infância e da Juventude)",2026-05-31,12,94.46,7
GOIANÉSIA,"1ª Vara (Cível, de Família, Sucessões e da Infância e da Juventude)",2026-06-30,12,94.69,8
GOIANÉSIA,"1ª Vara (Cível, de Família, Sucessões e da Infância e da Juventude)",2026-07-31,12,94.92,9
GOIANÉSIA,"1ª Vara (Cível, de Família, Sucessões e da Infância e da Juventude)",2026-08-31,12,95.15,10
GOIANÉSIA,"1ª Vara (Cível, de Família, Sucessões e da Infância e da Juventude)",2026-09-30,12,95.37,11
GOIANÉSIA,"1ª Vara (Cível, de Família, Sucessões e da Infância e da Juventude)",2026-10-31,12,95.6,12
GOIANÉSIA,1ª Vara Criminal (crimes em geral e execuções penais),2025-11-30,12,95.97,1
GOIANÉSIA,1ª Vara Criminal (crimes em geral e execuções penais),2025-12-31,12,96.43,2
GOIANÉSIA,1ª Vara Criminal (crimes em geral e execuções penais),2026-01-31,12,96.9,3
GOIANÉSIA,1ª Vara Criminal (crimes em geral e execuções penais),2026-02-28,12,97.32,4
GOIANÉSIA,1ª Vara Criminal (crimes em geral e execuções penais),2026-03-31,12,97.78,5
GOIANÉSIA,1ª Vara Criminal (crimes em geral e execuções penais),2026-04-30,12,98.24,6
GOIANÉSIA,1ª Vara Criminal (crimes em geral e execuções penais),2026-05-31,12,98.7,7
GOIANÉSIA,1ª Vara Criminal (crimes em geral e execuções penais),2026-06-30,12,99.15,8
GOIANÉSIA,1ª Vara Criminal (crimes em geral e execuções penais),2026-07-31,12,99.62,9
GOIANÉSIA,1ª Vara Criminal (crimes em geral e execuções penais),2026-08-31,12,100.0,10
GOIANÉSIA,1ª Vara Criminal (crimes em geral e execuções penais),2026-09-30,12,100.0,11
GOIANÉSIA,1ª Vara Criminal (crimes em geral e execuções penais),2026-10-31,12,100.0,12
GOIANÉSIA,"2ª Vara Criminal (Crimes em geral, Crimes dolosos contra a vida e Presidência do Tribunal do Júri e Crimes envolvendo Violência Doméstica)",2025-11-30,12,91.26,1
GOIANÉSIA,"2ª Vara Criminal (Crimes em geral, Crimes dolosos contra a vida e Presidência do Tribunal do Júri e Crimes envolvendo Violência Doméstica)",2025-12-31,12,92.07,2
GOIANÉSIA,"2ª Vara Criminal (Crimes em geral, Crimes dolosos contra a vida e Presidência do Tribunal do Júri e Crimes envolvendo Violência Doméstica)",2026-01-31,12,92.89,3
GOIANÉSIA,"2ª Vara Criminal (Crimes em geral, Crimes dolosos contra a vida e Presidência do Tribunal do Júri e Crimes envolvendo Violência Doméstica)",2026-02-28,12,93.62,4
GOIANÉSIA,"2ª Vara Criminal (Crimes em geral, Crimes dolosos contra a vida e Presidência do Tribunal do Júri e Crimes envolvendo Violência Doméstica)",2026-03-31,12,94.43,5
GOIANÉSIA,"2ª Vara Criminal (Crimes em geral, Crimes dolosos contra a vida e Presidência do Tribunal do Júri e Crimes envolvendo Violência Doméstica)",2026-04-30,12,95.22,6
GOIANÉSIA,"2ª Vara Criminal (Crimes em geral, Crimes dolosos contra a vida e Presidência do Tribunal do Júri e Crimes envolvendo Violência Doméstica)",2026-05-31,12,96.03,7
GOIANÉSIA,"2ª Vara Criminal (Crimes em geral, Crimes dolosos contra a vida e Presidência do Tribunal do Júri e Crimes envolvendo Violência Doméstica)",2026-06-30,12,96.82,8
GOIANÉSIA,"2ª Vara Criminal (Crimes em geral, Crimes dolosos contra a vida e Presidência do Tribunal do Júri e Crimes envolvendo Violência Doméstica)",2026-07-31,12,97.63,9
GOIANÉSIA,"2ª Vara Criminal (Crimes em geral, Crimes dolosos contra a vida e Presidência do Tribunal do Júri e Crimes envolvendo Violência Doméstica)",2026-08-31,12,98.44,10
GOIANÉSIA,"2ª Vara Criminal (Crimes em geral, Crimes dolosos contra a vida e Presidência do Tribunal do Júri e Crimes envolvendo Violência Doméstica)",2026-09-30,12,99.23,11
GOIANÉSIA,"2ª Vara Criminal (Crimes em geral, Crimes dolosos contra a vida e Presidência do Tribunal do Júri e Crimes envolvendo Violência Doméstica)",2026-10-31,12,100.0,12
GOIANÉSIA,"2ª Vara Cível, Ambiental e Família e Sucessões",2025-11-30,12,93.91,1
GOIANÉSIA,"2ª Vara Cível, Ambiental e Família e Sucessões",2025-12-31,12,94.22,2
GOIANÉSIA,"2ª Vara Cível, Ambiental e Família e Sucessões",2026-01-31,12,94.54,3
GOIANÉSIA,"2ª Vara Cível, Ambiental e Família e Sucessões",2026-02-28,12,94.82,4
GOIANÉSIA,"2ª Vara Cível, Ambiental e Família e Sucessões",2026-03-31,12,95.14,5
GOIANÉSIA,"2ª Vara Cível, Ambiental e Família e Sucessões",2026-04-30,12,95.44,6
GOIANÉSIA,"2ª Vara Cível, Ambiental e Família e Sucessões",2026-05-31,12,95.76,7
GOIANÉSIA,"2ª Vara Cível, Ambiental e Família e Sucessões",2026-06-30,12,96.06,8
GOIANÉSIA,"2ª Vara Cível, Ambiental e Família e Sucessões",2026-07-31,12,96.37,9
GOIANÉSIA,"2ª Vara Cível, Ambiental e Família e Sucessões",2026-08-31,12,96.69,10
GOIANÉSIA,"2ª Vara Cível, Ambiental e Família e Sucessões",2026-09-30,12,96.99,11
GOIANÉSIA,"2ª Vara Cível, Ambiental e Família e Sucessões",2026-10-31,12,97.31,12
GOIANÉSIA,Juizado Especial Cível e Criminal,2025-11-30,12,99.76,1
GOIANÉSIA,Juizado Especial Cível e Criminal,2025-12-31,12,100.0,2
GOIANÉSIA,Juizado Especial Cível e Criminal,2026-01-31,12,100.0,3
GOIANÉSIA,Juizado Especial Cível e Criminal,2026-02-28,12,100.0,4
GOIANÉSIA,Juizado Especial Cível e Criminal,2026-03-31,12,100.0,5
GOIANÉSIA,Juizado Especial Cível e Criminal,2026-04-30,12,100.0,6
GOIANÉSIA,Juizado Especial Cível e Criminal,2026-05-31,12,100.0,7
GOIANÉSIA,Juizado Especial Cível e Criminal,2026-06-30,12,100.0,8
GOIANÉSIA,Juizado Especial Cível e Criminal,2026-07-31,12,100.0,9
GOIANÉSIA,Juizado Especial Cível e Criminal,2026-08-31,12,100.0,10
GOIANÉSIA,Juizado Especial Cível e Criminal,2026-09-30,12,100.0,11
GOIANÉSIA,Juizado Especial Cível e Criminal,2026-10-31,12,100.0,12
GOIANÉSIA,Vara das Fazendas Públicas e Registros Públicos,2025-11-30,12,96.58,1
GOIANÉSIA,Vara das Fazendas Públicas e Registros Públicos,2025-12-31,12,96.84,2
GOIANÉSIA,Vara das Fazendas Públicas e Registros Públicos,2026-01-31,12,97.1,3
GOIANÉSIA,Vara das Fazendas Públicas e Registros Públicos,2026-02-28,12,97.34,4
GOIANÉSIA,Vara das Fazendas Públicas e Registros Públicos,2026-03-31,12,97.6,5
GOIANÉSIA,Vara das Fazendas Públicas e Registros Públicos,2026-04-30,12,97.85,6
GOIANÉSIA,Vara das Fazendas Públicas e Registros Públicos,2026-05-31,12,98.11,7
GOIANÉSIA,Vara das Fazendas Públicas e Registros Públicos,2026-06-30,12,98.36,8
GOIANÉSIA,Vara das Fazendas Públicas e Registros Públicos,2026-07-31,12,98.62,9
GOIANÉSIA,Vara das Fazendas Públicas e Registros Públicos,2026-08-31,12,98.88,10
GOIANÉSIA,Vara das Fazendas Públicas e Registros Públicos,2026-09-30,12,99.14,11
GOIANÉSIA,Vara das Fazendas Públicas e Registros Públicos,2026-10-31,12,99.4,12
GOIATUBA,"1ª Vara (Cível, Criminal - crime em geral e exec. penais - e da Inf. e da Juv.)",2025-11-30,12,97.26,1
GOIATUBA,"1ª Vara (Cível, Criminal - crime em geral e exec. penais - e da Inf. e da Juv.)",2025-12-31,12,97.77,2
GOIATUBA,"1ª Vara (Cível, Criminal - crime em geral e exec. penais - e da Inf. e da Juv.)",2026-01-31,12,98.28,3
GOIATUBA,"1ª Vara (Cível, Criminal - crime em geral e exec. penais - e da Inf. e da Juv.)",2026-02-28,12,98.75,4
GOIATUBA,"1ª Vara (Cível, Criminal - crime em geral e exec. penais - e da Inf. e da Juv.)",2026-03-31,12,99.26,5
GOIATUBA,"1ª Vara (Cível, Criminal - crime em geral e exec. penais - e da Inf. e da Juv.)",2026-04-30,12,99.76,6
GOIATUBA,"1ª Vara (Cível, Criminal - crime em geral e exec. penais - e da Inf. e da Juv.)",2026-05-31,12,100.0,7
GOIATUBA,"1ª Vara (Cível, Criminal - crime em geral e exec. penais - e da Inf. e da Juv.)",2026-06-30,12,100.0,8
GOIATUBA,"1ª Vara (Cível, Criminal - crime em geral e exec. penais - e da Inf. e da Juv.)",2026-07-31,12,100.0,9
GOIATUBA,"1ª Vara (Cível, Criminal - crime em geral e exec. penais - e da Inf. e da Juv.)",2026-08-31,12,100.0,10
GOIATUBA,"1ª Vara (Cível, Criminal - crime em geral e exec. penais - e da Inf. e da Juv.)",2026-09-30,12,100.0,11
GOIATUBA,"1ª Vara (Cível, Criminal - crime em geral e exec. penais - e da Inf. e da Juv.)",2026-10-31,12,100.0,12
GOIATUBA,"2ª Vara (Cív, Criminal crime em geral, crimes dolosos contra a vida e Pres. do Trib. do Juri, das Faz.Púb.e de Reg.Pub)",2025-11-30,12,97.16,1
GOIATUBA,"2ª Vara (Cív, Criminal crime em geral, crimes dolosos contra a vida e Pres. do Trib. do Juri, das Faz.Púb.e de Reg.Pub)",2025-12-31,12,97.62,2
GOIATUBA,"2ª Vara (Cív, Criminal crime em geral, crimes dolosos contra a vida e Pres. do Trib. do Juri, das Faz.Púb.e de Reg.Pub)",2026-01-31,12,98.08,3
GOIATUBA,"2ª Vara (Cív, Criminal crime em geral, crimes dolosos contra a vida e Pres. do Trib. do Juri, das Faz.Púb.e de Reg.Pub)",2026-02-28,12,98.49,4
GOIATUBA,"2ª Vara (Cív, Criminal crime em geral, crimes dolosos contra a vida e Pres. do Trib. do Juri, das Faz.Púb.e de Reg.Pub)",2026-03-31,12,98.95,5
GOIATUBA,"2ª Vara (Cív, Criminal crime em geral, crimes dolosos contra a vida e Pres. do Trib. do Juri, das Faz.Púb.e de Reg.Pub)",2026-04-30,12,99.4,6
GOIATUBA,"2ª Vara (Cív, Criminal crime em geral, crimes dolosos contra a vida e Pres. do Trib. do Juri, das Faz.Púb.e de Reg.Pub)",2026-05-31,12,99.86,7
GOIATUBA,"2ª Vara (Cív, Criminal crime em geral, crimes dolosos contra a vida e Pres. do Trib. do Juri, das Faz.Púb.e de Reg.Pub)",2026-06-30,12,100.0,8
GOIATUBA,"2ª Vara (Cív, Criminal crime em geral, crimes dolosos contra a vida e Pres. do Trib. do Juri, das Faz.Púb.e de Reg.Pub)",2026-07-31,12,100.0,9
GOIATUBA,"2ª Vara (Cív, Criminal crime em geral, crimes dolosos contra a vida e Pres. do Trib. do Juri, das Faz.Púb.e de Reg.Pub)",2026-08-31,12,100.0,10
GOIATUBA,"2ª Vara (Cív, Criminal crime em geral, crimes dolosos contra a vida e Pres. do Trib. do Juri, das Faz.Púb.e de Reg.Pub)",2026-09-30,12,100.0,11
GOIATUBA,"2ª Vara (Cív, Criminal crime em geral, crimes dolosos contra a vida e Pres. do Trib. do Juri, das Faz.Púb.e de Reg.Pub)",2026-10-31,12,100.0,12
GOIATUBA,Juizado Especial Cível e Criminal,2025-11-30,12,80.27,1
GOIATUBA,Juizado Especial Cível e Criminal,2025-12-31,12,80.56,2
GOIATUBA,Juizado Especial Cível e Criminal,2026-01-31,12,80.86,3
GOIATUBA,Juizado Especial Cível e Criminal,2026-02-28,12,81.13,4
GOIATUBA,Juizado Especial Cível e Criminal,2026-03-31,12,81.43,5
GOIATUBA,Juizado Especial Cível e Criminal,2026-04-30,12,81.72,6
GOIATUBA,Juizado Especial Cível e Criminal,2026-05-31,12,82.02,7
GOIATUBA,Juizado Especial Cível e Criminal,2026-06-30,12,82.31,8
GOIATUBA,Juizado Especial Cível e Criminal,2026-07-31,12,82.6,9
GOIATUBA,Juizado Especial Cível e Criminal,2026-08-31,12,82.9,10
GOIATUBA,Juizado Especial Cível e Criminal,2026-09-30,12,83.19,11
GOIATUBA,Juizado Especial Cível e Criminal,2026-10-31,12,83.49,12
GOIÁS,"Vara Criminal (crime em geral, crimes dolosos contra a vida e Pres. do Trib. do Júri, Execução Penal e Juizado Especial Criminal)",2025-11-30,12,94.18,1
GOIÁS,"Vara Criminal (crime em geral, crimes dolosos contra a vida e Pres. do Trib. do Júri, Execução Penal e Juizado Especial Criminal)",2025-12-31,12,94.39,2
GOIÁS,"Vara Criminal (crime em geral, crimes dolosos contra a vida e Pres. do Trib. do Júri, Execução Penal e Juizado Especial Criminal)",2026-01-31,12,94.6,3
GOIÁS,"Vara Criminal (crime em geral, crimes dolosos contra a vida e Pres. do Trib. do Júri, Execução Penal e Juizado Especial Criminal)",2026-02-28,12,94.79,4
GOIÁS,"Vara Criminal (crime em geral, crimes dolosos contra a vida e Pres. do Trib. do Júri, Execução Penal e Juizado Especial Criminal)",2026-03-31,12,95.0,5
GOIÁS,"Vara Criminal (crime em geral, crimes dolosos contra a vida e Pres. do Trib. do Júri, Execução Penal e Juizado Especial Criminal)",2026-04-30,12,95.21,6
GOIÁS,"Vara Criminal (crime em geral, crimes dolosos contra a vida e Pres. do Trib. do Júri, Execução Penal e Juizado Especial Criminal)",2026-05-31,12,95.42,7
GOIÁS,"Vara Criminal (crime em geral, crimes dolosos contra a vida e Pres. do Trib. do Júri, Execução Penal e Juizado Especial Criminal)",2026-06-30,12,95.62,8
GOIÁS,"Vara Criminal (crime em geral, crimes dolosos contra a vida e Pres. do Trib. do Júri, Execução Penal e Juizado Especial Criminal)",2026-07-31,12,95.83,9
GOIÁS,"Vara Criminal (crime em geral, crimes dolosos contra a vida e Pres. do Trib. do Júri, Execução Penal e Juizado Especial Criminal)",2026-08-31,12,96.04,10
GOIÁS,"Vara Criminal (crime em geral, crimes dolosos contra a vida e Pres. do Trib. do Júri, Execução Penal e Juizado Especial Criminal)",2026-09-30,12,96.25,11
GOIÁS,"Vara Criminal (crime em geral, crimes dolosos contra a vida e Pres. do Trib. do Júri, Execução Penal e Juizado Especial Criminal)",2026-10-31,12,96.46,12
GOIÁS,"Vara Cível, Infância e Juventude e Juizado Especial Cível",2025-11-30,12,93.43,1
GOIÁS,"Vara Cível, Infância e Juventude e Juizado Especial Cível",2025-12-31,12,93.7,2
GOIÁS,"Vara Cível, Infância e Juventude e Juizado Especial Cível",2026-01-31,12,93.96,3
GOIÁS,"Vara Cível, Infância e Juventude e Juizado Especial Cível",2026-02-28,12,94.2,4
GOIÁS,"Vara Cível, Infância e Juventude e Juizado Especial Cível",2026-03-31,12,94.47,5
GOIÁS,"Vara Cível, Infância e Juventude e Juizado Especial Cível",2026-04-30,12,94.73,6
GOIÁS,"Vara Cível, Infância e Juventude e Juizado Especial Cível",2026-05-31,12,95.0,7
GOIÁS,"Vara Cível, Infância e Juventude e Juizado Especial Cível",2026-06-30,12,95.26,8
GOIÁS,"Vara Cível, Infância e Juventude e Juizado Especial Cível",2026-07-31,12,95.52,9
GOIÁS,"Vara Cível, Infância e Juventude e Juizado Especial Cível",2026-08-31,12,95.79,10
GOIÁS,"Vara Cível, Infância e Juventude e Juizado Especial Cível",2026-09-30,12,96.05,11
GOIÁS,"Vara Cível, Infância e Juventude e Juizado Especial Cível",2026-10-31,12,96.32,12
GOIÁS,Vara das Fazendas Públicas e Registro Público e de Família e Sucessões,2025-11-30,12,85.72,1
GOIÁS,Vara das Fazendas Públicas e Registro Público e de Família e Sucessões,2025-12-31,12,86.11,2
GOIÁS,Vara das Fazendas Públicas e Registro Público e de Família e Sucessões,2026-01-31,12,86.49,3
GOIÁS,Vara das Fazendas Públicas e Registro Público e de Família e Sucessões,2026-02-28,12,86.84,4
GOIÁS,Vara das Fazendas Públicas e Registro Público e de Família e Sucessões,2026-03-31,12,87.22,5
GOIÁS,Vara das Fazendas Públicas e Registro Público e de Família e Sucessões,2026-04-30,12,87.59,6
GOIÁS,Vara das Fazendas Públicas e Registro Público e de Família e Sucessões,2026-05-31,12,87.98,7
GOIÁS,Vara das Fazendas Públicas e Registro Público e de Família e Sucessões,2026-06-30,12,88.35,8
GOIÁS,Vara das Fazendas Públicas e Registro Público e de Família e Sucessões,2026-07-31,12,88.73,9
GOIÁS,Vara das Fazendas Públicas e Registro Público e de Família e Sucessões,2026-08-31,12,89.11,10
GOIÁS,Vara das Fazendas Públicas e Registro Público e de Família e Sucessões,2026-09-30,12,89.49,11
GOIÁS,Vara das Fazendas Públicas e Registro Público e de Família e Sucessões,2026-10-31,12,89.87,12
GOIÂNIA,10ª Vara Cível,2025-11-30,12,93.11,1
GOIÂNIA,10ª Vara Cível,2025-12-31,12,93.22,2
GOIÂNIA,10ª Vara Cível,2026-01-31,12,93.34,3
GOIÂNIA,10ª Vara Cível,2026-02-28,12,93.44,4
GOIÂNIA,10ª Vara Cível,2026-03-31,12,93.56,5
GOIÂNIA,10ª Vara Cível,2026-04-30,12,93.67,6
GOIÂNIA,10ª Vara Cível,2026-05-31,12,93.78,7
GOIÂNIA,10ª Vara Cível,2026-06-30,12,93.89,8
GOIÂNIA,10ª Vara Cível,2026-07-31,12,94.01,9
GOIÂNIA,10ª Vara Cível,2026-08-31,12,94.13,10
GOIÂNIA,10ª Vara Cível,2026-09-30,12,94.24,11
GOIÂNIA,10ª Vara Cível,2026-10-31,12,94.35,12
GOIÂNIA,10º Juizado Especial Cível,2025-11-30,12,87.61,1
GOIÂNIA,10º Juizado Especial Cível,2025-12-31,12,89.45,2
GOIÂNIA,10º Juizado Especial Cível,2026-01-31,12,91.29,3
GOIÂNIA,10º Juizado Especial Cível,2026-02-28,12,92.95,4
GOIÂNIA,10º Juizado Especial Cível,2026-03-31,12,94.79,5
GOIÂNIA,10º Juizado Especial Cível,2026-04-30,12,96.57,6
GOIÂNIA,10º Juizado Especial Cível,2026-05-31,12,98.41,7
GOIÂNIA,10º Juizado Especial Cível,2026-06-30,12,100.0,8
GOIÂNIA,10º Juizado Especial Cível,2026-07-31,12,100.0,9
GOIÂNIA,10º Juizado Especial Cível,2026-08-31,12,100.0,10
GOIÂNIA,10º Juizado Especial Cível,2026-09-30,12,100.0,11
GOIÂNIA,10º Juizado Especial Cível,2026-10-31,12,100.0,12
GOIÂNIA,11ª Vara Cível,2025-11-30,12,88.01,1
GOIÂNIA,11ª Vara Cível,2025-12-31,12,87.95,2
GOIÂNIA,11ª Vara Cível,2026-01-31,12,87.89,3
GOIÂNIA,11ª Vara Cível,2026-02-28,12,87.83,4
GOIÂNIA,11ª Vara Cível,2026-03-31,12,87.77,5
GOIÂNIA,11ª Vara Cível,2026-04-30,12,87.71,6
GOIÂNIA,11ª Vara Cível,2026-05-31,12,87.64,7
GOIÂNIA,11ª Vara Cível,2026-06-30,12,87.58,8
GOIÂNIA,11ª Vara Cível,2026-07-31,12,87.52,9
GOIÂNIA,11ª Vara Cível,2026-08-31,12,87.46,10
GOIÂNIA,11ª Vara Cível,2026-09-30,12,87.39,11
GOIÂNIA,11ª Vara Cível,2026-10-31,12,87.33,12
GOIÂNIA,11º Juizado Especial Cível,2025-11-30,12,77.57,1
GOIÂNIA,11º Juizado Especial Cível,2025-12-31,12,79.4,2
GOIÂNIA,11º Juizado Especial Cível,2026-01-31,12,81.24,3
GOIÂNIA,11º Juizado Especial Cível,2026-02-28,12,82.9,4
GOIÂNIA,11º Juizado Especial Cível,2026-03-31,12,84.74,5
GOIÂNIA,11º Juizado Especial Cível,2026-04-30,12,86.52,6
GOIÂNIA,11º Juizado Especial Cível,2026-05-31,12,88.36,7
GOIÂNIA,11º Juizado Especial Cível,2026-06-30,12,90.14,8
GOIÂNIA,11º Juizado Especial Cível,2026-07-31,12,91.98,9
GOIÂNIA,11º Juizado Especial Cível,2026-08-31,12,93.82,10
GOIÂNIA,11º Juizado Especial Cível,2026-09-30,12,95.6,11
GOIÂNIA,11º Juizado Especial Cível,2026-10-31,12,97.44,12
GOIÂNIA,12ª Vara Cível,2025-11-30,12,92.98,1
GOIÂNIA,12ª Vara Cível,2025-12-31,12,93.02,2
GOIÂNIA,12ª Vara Cível,2026-01-31,12,93.05,3
GOIÂNIA,12ª Vara Cível,2026-02-28,12,93.08,4
GOIÂNIA,12ª Vara Cível,2026-03-31,12,93.12,5
GOIÂNIA,12ª Vara Cível,2026-04-30,12,93.15,6
GOIÂNIA,12ª Vara Cível,2026-05-31,12,93.19,7
GOIÂNIA,12ª Vara Cível,2026-06-30,12,93.22,8
GOIÂNIA,12ª Vara Cível,2026-07-31,12,93.26,9
GOIÂNIA,12ª Vara Cível,2026-08-31,12,93.29,10
GOIÂNIA,12ª Vara Cível,2026-09-30,12,93.33,11
GOIÂNIA,12ª Vara Cível,2026-10-31,12,93.36,12
GOIÂNIA,13ª Vara Cível e Ambiental,2025-11-30,12,92.78,1
GOIÂNIA,13ª Vara Cível e Ambiental,2025-12-31,12,92.83,2
GOIÂNIA,13ª Vara Cível e Ambiental,2026-01-31,12,92.88,3
GOIÂNIA,13ª Vara Cível e Ambiental,2026-02-28,12,92.93,4
GOIÂNIA,13ª Vara Cível e Ambiental,2026-03-31,12,92.98,5
GOIÂNIA,13ª Vara Cível e Ambiental,2026-04-30,12,93.03,6
GOIÂNIA,13ª Vara Cível e Ambiental,2026-05-31,12,93.08,7
GOIÂNIA,13ª Vara Cível e Ambiental,2026-06-30,12,93.13,8
GOIÂNIA,13ª Vara Cível e Ambiental,2026-07-31,12,93.19,9
GOIÂNIA,13ª Vara Cível e Ambiental,2026-08-31,12,93.24,10
GOIÂNIA,13ª Vara Cível e Ambiental,2026-09-30,12,93.29,11
GOIÂNIA,13ª Vara Cível e Ambiental,2026-10-31,12,93.34,12
GOIÂNIA,14ª Vara Cível e Ambiental,2025-11-30,12,90.59,1
GOIÂNIA,14ª Vara Cível e Ambiental,2025-12-31,12,90.47,2
GOIÂNIA,14ª Vara Cível e Ambiental,2026-01-31,12,90.36,3
GOIÂNIA,14ª Vara Cível e Ambiental,2026-02-28,12,90.26,4
GOIÂNIA,14ª Vara Cível e Ambiental,2026-03-31,12,90.14,5
GOIÂNIA,14ª Vara Cível e Ambiental,2026-04-30,12,90.03,6
GOIÂNIA,14ª Vara Cível e Ambiental,2026-05-31,12,89.91,7
GOIÂNIA,14ª Vara Cível e Ambiental,2026-06-30,12,89.8,8
GOIÂNIA,14ª Vara Cível e Ambiental,2026-07-31,12,89.69,9
GOIÂNIA,14ª Vara Cível e Ambiental,2026-08-31,12,89.57,10
GOIÂNIA,14ª Vara Cível e Ambiental,2026-09-30,12,89.46,11
GOIÂNIA,14ª Vara Cível e Ambiental,2026-10-31,12,89.34,12
GOIÂNIA,15ª Vara Cível e Ambiental,2025-11-30,12,95.06,1
GOIÂNIA,15ª Vara Cível e Ambiental,2025-12-31,12,95.23,2
GOIÂNIA,15ª Vara Cível e Ambiental,2026-01-31,12,95.41,3
GOIÂNIA,15ª Vara Cível e Ambiental,2026-02-28,12,95.57,4
GOIÂNIA,15ª Vara Cível e Ambiental,2026-03-31,12,95.75,5
GOIÂNIA,15ª Vara Cível e Ambiental,2026-04-30,12,95.93,6
GOIÂNIA,15ª Vara Cível e Ambiental,2026-05-31,12,96.1,7
GOIÂNIA,15ª Vara Cível e Ambiental,2026-06-30,12,96.28,8
GOIÂNIA,15ª Vara Cível e Ambiental,2026-07-31,12,96.46,9
GOIÂNIA,15ª Vara Cível e Ambiental,2026-08-31,12,96.63,10
GOIÂNIA,15ª Vara Cível e Ambiental,2026-09-30,12,96.81,11
GOIÂNIA,15ª Vara Cível e Ambiental,2026-10-31,12,96.99,12
GOIÂNIA,16ª Vara Cível e Ambiental,2025-11-30,12,94.85,1
GOIÂNIA,16ª Vara Cível e Ambiental,2025-12-31,12,95.08,2
GOIÂNIA,16ª Vara Cível e Ambiental,2026-01-31,12,95.31,3
GOIÂNIA,16ª Vara Cível e Ambiental,2026-02-28,12,95.51,4
GOIÂNIA,16ª Vara Cível e Ambiental,2026-03-31,12,95.74,5
GOIÂNIA,16ª Vara Cível e Ambiental,2026-04-30,12,95.96,6
GOIÂNIA,16ª Vara Cível e Ambiental,2026-05-31,12,96.19,7
GOIÂNIA,16ª Vara Cível e Ambiental,2026-06-30,12,96.41,8
GOIÂNIA,16ª Vara Cível e Ambiental,2026-07-31,12,96.64,9
GOIÂNIA,16ª Vara Cível e Ambiental,2026-08-31,12,96.86,10
GOIÂNIA,16ª Vara Cível e Ambiental,2026-09-30,12,97.08,11
GOIÂNIA,16ª Vara Cível e Ambiental,2026-10-31,12,97.31,12
GOIÂNIA,17ª Vara Cível e Ambiental,2025-11-30,12,92.82,1
GOIÂNIA,17ª Vara Cível e Ambiental,2025-12-31,12,92.98,2
GOIÂNIA,17ª Vara Cível e Ambiental,2026-01-31,12,93.14,3
GOIÂNIA,17ª Vara Cível e Ambiental,2026-02-28,12,93.29,4
GOIÂNIA,17ª Vara Cível e Ambiental,2026-03-31,12,93.45,5
GOIÂNIA,17ª Vara Cível e Ambiental,2026-04-30,12,93.61,6
GOIÂNIA,17ª Vara Cível e Ambiental,2026-05-31,12,93.78,7
GOIÂNIA,17ª Vara Cível e Ambiental,2026-06-30,12,93.93,8
GOIÂNIA,17ª Vara Cível e Ambiental,2026-07-31,12,94.1,9
GOIÂNIA,17ª Vara Cível e Ambiental,2026-08-31,12,94.26,10
GOIÂNIA,17ª Vara Cível e Ambiental,2026-09-30,12,94.42,11
GOIÂNIA,17ª Vara Cível e Ambiental,2026-10-31,12,94.58,12
GOIÂNIA,18ª Vara Cível e Ambiental,2025-11-30,12,95.58,1
GOIÂNIA,18ª Vara Cível e Ambiental,2025-12-31,12,95.66,2
GOIÂNIA,18ª Vara Cível e Ambiental,2026-01-31,12,95.74,3
GOIÂNIA,18ª Vara Cível e Ambiental,2026-02-28,12,95.82,4
GOIÂNIA,18ª Vara Cível e Ambiental,2026-03-31,12,95.9,5
GOIÂNIA,18ª Vara Cível e Ambiental,2026-04-30,12,95.99,6
GOIÂNIA,18ª Vara Cível e Ambiental,2026-05-31,12,96.07,7
GOIÂNIA,18ª Vara Cível e Ambiental,2026-06-30,12,96.15,8
GOIÂNIA,18ª Vara Cível e Ambiental,2026-07-31,12,96.23,9
GOIÂNIA,18ª Vara Cível e Ambiental,2026-08-31,12,96.32,10
GOIÂNIA,18ª Vara Cível e Ambiental,2026-09-30,12,96.4,11
GOIÂNIA,18ª Vara Cível e Ambiental,2026-10-31,12,96.48,12
GOIÂNIA,19ª Vara Cível e Ambiental,2025-11-30,12,94.13,1
GOIÂNIA,19ª Vara Cível e Ambiental,2025-12-31,12,94.11,2
GOIÂNIA,19ª Vara Cível e Ambiental,2026-01-31,12,94.09,3
GOIÂNIA,19ª Vara Cível e Ambiental,2026-02-28,12,94.08,4
GOIÂNIA,19ª Vara Cível e Ambiental,2026-03-31,12,94.06,5
GOIÂNIA,19ª Vara Cível e Ambiental,2026-04-30,12,94.04,6
GOIÂNIA,19ª Vara Cível e Ambiental,2026-05-31,12,94.03,7
GOIÂNIA,19ª Vara Cível e Ambiental,2026-06-30,12,94.01,8
GOIÂNIA,19ª Vara Cível e Ambiental,2026-07-31,12,93.99,9
GOIÂNIA,19ª Vara Cível e Ambiental,2026-08-31,12,93.98,10
GOIÂNIA,19ª Vara Cível e Ambiental,2026-09-30,12,93.96,11
GOIÂNIA,19ª Vara Cível e Ambiental,2026-10-31,12,93.94,12
GOIÂNIA,1ª Vara Criminal dos Crimes Dolosos contra a Vida e Tribunal do Júri,2025-11-30,12,89.23,1
GOIÂNIA,1ª Vara Criminal dos Crimes Dolosos contra a Vida e Tribunal do Júri,2025-12-31,12,91.24,2
GOIÂNIA,1ª Vara Criminal dos Crimes Dolosos contra a Vida e Tribunal do Júri,2026-01-31,12,93.25,3
GOIÂNIA,1ª Vara Criminal dos Crimes Dolosos contra a Vida e Tribunal do Júri,2026-02-28,12,95.06,4
GOIÂNIA,1ª Vara Criminal dos Crimes Dolosos contra a Vida e Tribunal do Júri,2026-03-31,12,97.07,5
GOIÂNIA,1ª Vara Criminal dos Crimes Dolosos contra a Vida e Tribunal do Júri,2026-04-30,12,99.01,6
GOIÂNIA,1ª Vara Criminal dos Crimes Dolosos contra a Vida e Tribunal do Júri,2026-05-31,12,100.0,7
GOIÂNIA,1ª Vara Criminal dos Crimes Dolosos contra a Vida e Tribunal do Júri,2026-06-30,12,100.0,8
GOIÂNIA,1ª Vara Criminal dos Crimes Dolosos contra a Vida e Tribunal do Júri,2026-07-31,12,100.0,9
GOIÂNIA,1ª Vara Criminal dos Crimes Dolosos contra a Vida e Tribunal do Júri,2026-08-31,12,100.0,10
GOIÂNIA,1ª Vara Criminal dos Crimes Dolosos contra a Vida e Tribunal do Júri,2026-09-30,12,100.0,11
GOIÂNIA,1ª Vara Criminal dos Crimes Dolosos contra a Vida e Tribunal do Júri,2026-10-31,12,100.0,12
GOIÂNIA,"1ª Vara Criminal dos crimes contra vítimas hipervulneráveis (Crianças e Adolescentes, Pessoas com Deficiência e Idosos) e crimes de trânsito",2025-11-30,12,97.03,1
GOIÂNIA,"1ª Vara Criminal dos crimes contra vítimas hipervulneráveis (Crianças e Adolescentes, Pessoas com Deficiência e Idosos) e crimes de trânsito",2025-12-31,12,97.25,2
GOIÂNIA,"1ª Vara Criminal dos crimes contra vítimas hipervulneráveis (Crianças e Adolescentes, Pessoas com Deficiência e Idosos) e crimes de trânsito",2026-01-31,12,97.47,3
GOIÂNIA,"1ª Vara Criminal dos crimes contra vítimas hipervulneráveis (Crianças e Adolescentes, Pessoas com Deficiência e Idosos) e crimes de trânsito",2026-02-28,12,97.66,4
GOIÂNIA,"1ª Vara Criminal dos crimes contra vítimas hipervulneráveis (Crianças e Adolescentes, Pessoas com Deficiência e Idosos) e crimes de trânsito",2026-03-31,12,97.88,5
GOIÂNIA,"1ª Vara Criminal dos crimes contra vítimas hipervulneráveis (Crianças e Adolescentes, Pessoas com Deficiência e Idosos) e crimes de trânsito",2026-04-30,12,98.1,6
GOIÂNIA,"1ª Vara Criminal dos crimes contra vítimas hipervulneráveis (Crianças e Adolescentes, Pessoas com Deficiência e Idosos) e crimes de trânsito",2026-05-31,12,98.31,7
GOIÂNIA,"1ª Vara Criminal dos crimes contra vítimas hipervulneráveis (Crianças e Adolescentes, Pessoas com Deficiência e Idosos) e crimes de trânsito",2026-06-30,12,98.53,8
GOIÂNIA,"1ª Vara Criminal dos crimes contra vítimas hipervulneráveis (Crianças e Adolescentes, Pessoas com Deficiência e Idosos) e crimes de trânsito",2026-07-31,12,98.75,9
GOIÂNIA,"1ª Vara Criminal dos crimes contra vítimas hipervulneráveis (Crianças e Adolescentes, Pessoas com Deficiência e Idosos) e crimes de trânsito",2026-08-31,12,98.96,10
GOIÂNIA,"1ª Vara Criminal dos crimes contra vítimas hipervulneráveis (Crianças e Adolescentes, Pessoas com Deficiência e Idosos) e crimes de trânsito",2026-09-30,12,99.18,11
GOIÂNIA,"1ª Vara Criminal dos crimes contra vítimas hipervulneráveis (Crianças e Adolescentes, Pessoas com Deficiência e Idosos) e crimes de trânsito",2026-10-31,12,99.4,12
GOIÂNIA,1ª Vara Criminal dos crimes punidos com reclusão e detenção,2025-11-30,12,99.06,1
GOIÂNIA,1ª Vara Criminal dos crimes punidos com reclusão e detenção,2025-12-31,12,99.42,2
GOIÂNIA,1ª Vara Criminal dos crimes punidos com reclusão e detenção,2026-01-31,12,99.77,3
GOIÂNIA,1ª Vara Criminal dos crimes punidos com reclusão e detenção,2026-02-28,12,100.0,4
GOIÂNIA,1ª Vara Criminal dos crimes punidos com reclusão e detenção,2026-03-31,12,100.0,5
GOIÂNIA,1ª Vara Criminal dos crimes punidos com reclusão e detenção,2026-04-30,12,100.0,6
GOIÂNIA,1ª Vara Criminal dos crimes punidos com reclusão e detenção,2026-05-31,12,100.0,7
GOIÂNIA,1ª Vara Criminal dos crimes punidos com reclusão e detenção,2026-06-30,12,100.0,8
GOIÂNIA,1ª Vara Criminal dos crimes punidos com reclusão e detenção,2026-07-31,12,100.0,9
GOIÂNIA,1ª Vara Criminal dos crimes punidos com reclusão e detenção,2026-08-31,12,100.0,10
GOIÂNIA,1ª Vara Criminal dos crimes punidos com reclusão e detenção,2026-09-30,12,100.0,11
GOIÂNIA,1ª Vara Criminal dos crimes punidos com reclusão e detenção,2026-10-31,12,100.0,12
GOIÂNIA,1ª Vara Cível,2025-11-30,12,91.13,1
GOIÂNIA,1ª Vara Cível,2025-12-31,12,91.23,2
GOIÂNIA,1ª Vara Cível,2026-01-31,12,91.32,3
GOIÂNIA,1ª Vara Cível,2026-02-28,12,91.4,4
GOIÂNIA,1ª Vara Cível,2026-03-31,12,91.49,5
GOIÂNIA,1ª Vara Cível,2026-04-30,12,91.58,6
GOIÂNIA,1ª Vara Cível,2026-05-31,12,91.68,7
GOIÂNIA,1ª Vara Cível,2026-06-30,12,91.77,8
GOIÂNIA,1ª Vara Cível,2026-07-31,12,91.86,9
GOIÂNIA,1ª Vara Cível,2026-08-31,12,91.95,10
GOIÂNIA,1ª Vara Cível,2026-09-30,12,92.04,11
GOIÂNIA,1ª Vara Cível,2026-10-31,12,92.13,12
GOIÂNIA,1ª Vara da Faz. Púb. Mun. e de Reg. Púb. - Execução Fiscal,2025-11-30,12,92.4,1
GOIÂNIA,1ª Vara da Faz. Púb. Mun. e de Reg. Púb. - Execução Fiscal,2025-12-31,12,92.46,2
GOIÂNIA,1ª Vara da Faz. Púb. Mun. e de Reg. Púb. - Execução Fiscal,2026-01-31,12,92.51,3
GOIÂNIA,1ª Vara da Faz. Púb. Mun. e de Reg. Púb. - Execução Fiscal,2026-02-28,12,92.56,4
GOIÂNIA,1ª Vara da Faz. Púb. Mun. e de Reg. Púb. - Execução Fiscal,2026-03-31,12,92.62,5
GOIÂNIA,1ª Vara da Faz. Púb. Mun. e de Reg. Púb. - Execução Fiscal,2026-04-30,12,92.67,6
GOIÂNIA,1ª Vara da Faz. Púb. Mun. e de Reg. Púb. - Execução Fiscal,2026-05-31,12,92.73,7
GOIÂNIA,1ª Vara da Faz. Púb. Mun. e de Reg. Púb. - Execução Fiscal,2026-06-30,12,92.78,8
GOIÂNIA,1ª Vara da Faz. Púb. Mun. e de Reg. Púb. - Execução Fiscal,2026-07-31,12,92.83,9
GOIÂNIA,1ª Vara da Faz. Púb. Mun. e de Reg. Púb. - Execução Fiscal,2026-08-31,12,92.89,10
GOIÂNIA,1ª Vara da Faz. Púb. Mun. e de Reg. Púb. - Execução Fiscal,2026-09-30,12,92.94,11
GOIÂNIA,1ª Vara da Faz. Púb. Mun. e de Reg. Púb. - Execução Fiscal,2026-10-31,12,93.0,12
GOIÂNIA,1ª Vara da Fazenda Pública Estadual,2025-11-30,12,92.77,1
GOIÂNIA,1ª Vara da Fazenda Pública Estadual,2025-12-31,12,92.68,2
GOIÂNIA,1ª Vara da Fazenda Pública Estadual,2026-01-31,12,92.58,3
GOIÂNIA,1ª Vara da Fazenda Pública Estadual,2026-02-28,12,92.49,4
GOIÂNIA,1ª Vara da Fazenda Pública Estadual,2026-03-31,12,92.39,5
GOIÂNIA,1ª Vara da Fazenda Pública Estadual,2026-04-30,12,92.29,6
GOIÂNIA,1ª Vara da Fazenda Pública Estadual,2026-05-31,12,92.19,7
GOIÂNIA,1ª Vara da Fazenda Pública Estadual,2026-06-30,12,92.1,8
GOIÂNIA,1ª Vara da Fazenda Pública Estadual,2026-07-31,12,92.0,9
GOIÂNIA,1ª Vara da Fazenda Pública Estadual,2026-08-31,12,91.9,10
GOIÂNIA,1ª Vara da Fazenda Pública Estadual,2026-09-30,12,91.8,11
GOIÂNIA,1ª Vara da Fazenda Pública Estadual,2026-10-31,12,91.7,12
GOIÂNIA,1ª Vara das Garantias,2025-11-30,12,83.99,1
GOIÂNIA,1ª Vara das Garantias,2025-12-31,12,83.57,2
GOIÂNIA,1ª Vara das Garantias,2026-01-31,12,83.15,3
GOIÂNIA,1ª Vara das Garantias,2026-02-28,12,82.78,4
GOIÂNIA,1ª Vara das Garantias,2026-03-31,12,82.36,5
GOIÂNIA,1ª Vara das Garantias,2026-04-30,12,81.96,6
GOIÂNIA,1ª Vara das Garantias,2026-05-31,12,81.54,7
GOIÂNIA,1ª Vara das Garantias,2026-06-30,12,81.13,8
GOIÂNIA,1ª Vara das Garantias,2026-07-31,12,80.72,9
GOIÂNIA,1ª Vara das Garantias,2026-08-31,12,80.3,10
GOIÂNIA,1ª Vara das Garantias,2026-09-30,12,79.89,11
GOIÂNIA,1ª Vara das Garantias,2026-10-31,12,79.48,12
GOIÂNIA,1ª Vara de Família,2025-11-30,12,89.14,1
GOIÂNIA,1ª Vara de Família,2025-12-31,12,89.83,2
GOIÂNIA,1ª Vara de Família,2026-01-31,12,90.53,3
GOIÂNIA,1ª Vara de Família,2026-02-28,12,91.16,4
GOIÂNIA,1ª Vara de Família,2026-03-31,12,91.86,5
GOIÂNIA,1ª Vara de Família,2026-04-30,12,92.53,6
GOIÂNIA,1ª Vara de Família,2026-05-31,12,93.23,7
GOIÂNIA,1ª Vara de Família,2026-06-30,12,93.91,8
GOIÂNIA,1ª Vara de Família,2026-07-31,12,94.6,9
GOIÂNIA,1ª Vara de Família,2026-08-31,12,95.3,10
GOIÂNIA,1ª Vara de Família,2026-09-30,12,95.98,11
GOIÂNIA,1ª Vara de Família,2026-10-31,12,96.67,12
GOIÂNIA,1ª Vara de Sucessões,2025-11-30,12,93.26,1
GOIÂNIA,1ª Vara de Sucessões,2025-12-31,12,93.25,2
GOIÂNIA,1ª Vara de Sucessões,2026-01-31,12,93.24,3
GOIÂNIA,1ª Vara de Sucessões,2026-02-28,12,93.23,4
GOIÂNIA,1ª Vara de Sucessões,2026-03-31,12,93.22,5
GOIÂNIA,1ª Vara de Sucessões,2026-04-30,12,93.21,6
GOIÂNIA,1ª Vara de Sucessões,2026-05-31,12,93.2,7
GOIÂNIA,1ª Vara de Sucessões,2026-06-30,12,93.19,8
GOIÂNIA,1ª Vara de Sucessões,2026-07-31,12,93.18,9
GOIÂNIA,1ª Vara de Sucessões,2026-08-31,12,93.17,10
GOIÂNIA,1ª Vara de Sucessões,2026-09-30,12,93.16,11
GOIÂNIA,1ª Vara de Sucessões,2026-10-31,12,93.14,12
GOIÂNIA,"1ª Vara dos Feitos Relativos a Delitos Praticados por Organização Criminosa e de Lavagem ou Ocultação de Bens, Direitos e Valores",2025-11-30,12,97.86,1
GOIÂNIA,"1ª Vara dos Feitos Relativos a Delitos Praticados por Organização Criminosa e de Lavagem ou Ocultação de Bens, Direitos e Valores",2025-12-31,12,99.25,2
GOIÂNIA,"1ª Vara dos Feitos Relativos a Delitos Praticados por Organização Criminosa e de Lavagem ou Ocultação de Bens, Direitos e Valores",2026-01-31,12,100.0,3
GOIÂNIA,"1ª Vara dos Feitos Relativos a Delitos Praticados por Organização Criminosa e de Lavagem ou Ocultação de Bens, Direitos e Valores",2026-02-28,12,100.0,4
GOIÂNIA,"1ª Vara dos Feitos Relativos a Delitos Praticados por Organização Criminosa e de Lavagem ou Ocultação de Bens, Direitos e Valores",2026-03-31,12,100.0,5
GOIÂNIA,"1ª Vara dos Feitos Relativos a Delitos Praticados por Organização Criminosa e de Lavagem ou Ocultação de Bens, Direitos e Valores",2026-04-30,12,100.0,6
GOIÂNIA,"1ª Vara dos Feitos Relativos a Delitos Praticados por Organização Criminosa e de Lavagem ou Ocultação de Bens, Direitos e Valores",2026-05-31,12,100.0,7
GOIÂNIA,"1ª Vara dos Feitos Relativos a Delitos Praticados por Organização Criminosa e de Lavagem ou Ocultação de Bens, Direitos e Valores",2026-06-30,12,100.0,8
GOIÂNIA,"1ª Vara dos Feitos Relativos a Delitos Praticados por Organização Criminosa e de Lavagem ou Ocultação de Bens, Direitos e Valores",2026-07-31,12,100.0,9
GOIÂNIA,"1ª Vara dos Feitos Relativos a Delitos Praticados por Organização Criminosa e de Lavagem ou Ocultação de Bens, Direitos e Valores",2026-08-31,12,100.0,10
GOIÂNIA,"1ª Vara dos Feitos Relativos a Delitos Praticados por Organização Criminosa e de Lavagem ou Ocultação de Bens, Direitos e Valores",2026-09-30,12,100.0,11
GOIÂNIA,"1ª Vara dos Feitos Relativos a Delitos Praticados por Organização Criminosa e de Lavagem ou Ocultação de Bens, Direitos e Valores",2026-10-31,12,100.0,12
GOIÂNIA,1º Juizado Especial Criminal,2025-11-30,12,55.21,1
GOIÂNIA,1º Juizado Especial Criminal,2025-12-31,12,56.87,2
GOIÂNIA,1º Juizado Especial Criminal,2026-01-31,12,58.54,3
GOIÂNIA,1º Juizado Especial Criminal,2026-02-28,12,60.04,4
GOIÂNIA,1º Juizado Especial Criminal,2026-03-31,12,61.71,5
GOIÂNIA,1º Juizado Especial Criminal,2026-04-30,12,63.32,6
GOIÂNIA,1º Juizado Especial Criminal,2026-05-31,12,64.99,7
GOIÂNIA,1º Juizado Especial Criminal,2026-06-30,12,66.6,8
GOIÂNIA,1º Juizado Especial Criminal,2026-07-31,12,68.27,9
GOIÂNIA,1º Juizado Especial Criminal,2026-08-31,12,69.93,10
GOIÂNIA,1º Juizado Especial Criminal,2026-09-30,12,71.55,11
GOIÂNIA,1º Juizado Especial Criminal,2026-10-31,12,73.21,12
GOIÂNIA,1º Juizado Especial Cível,2025-11-30,12,64.84,1
GOIÂNIA,1º Juizado Especial Cível,2025-12-31,12,65.8,2
GOIÂNIA,1º Juizado Especial Cível,2026-01-31,12,66.76,3
GOIÂNIA,1º Juizado Especial Cível,2026-02-28,12,67.62,4
GOIÂNIA,1º Juizado Especial Cível,2026-03-31,12,68.58,5
GOIÂNIA,1º Juizado Especial Cível,2026-04-30,12,69.51,6
GOIÂNIA,1º Juizado Especial Cível,2026-05-31,12,70.47,7
GOIÂNIA,1º Juizado Especial Cível,2026-06-30,12,71.39,8
GOIÂNIA,1º Juizado Especial Cível,2026-07-31,12,72.35,9
GOIÂNIA,1º Juizado Especial Cível,2026-08-31,12,73.31,10
GOIÂNIA,1º Juizado Especial Cível,2026-09-30,12,74.24,11
GOIÂNIA,1º Juizado Especial Cível,2026-10-31,12,75.19,12
GOIÂNIA,1º Juizado da Infância e da Juventude das causas cíveis e questões adm. afins,2025-11-30,12,86.35,1
GOIÂNIA,1º Juizado da Infância e da Juventude das causas cíveis e questões adm. afins,2025-12-31,12,87.5,2
GOIÂNIA,1º Juizado da Infância e da Juventude das causas cíveis e questões adm. afins,2026-01-31,12,88.65,3
GOIÂNIA,1º Juizado da Infância e da Juventude das causas cíveis e questões adm. afins,2026-02-28,12,89.69,4
GOIÂNIA,1º Juizado da Infância e da Juventude das causas cíveis e questões adm. afins,2026-03-31,12,90.84,5
GOIÂNIA,1º Juizado da Infância e da Juventude das causas cíveis e questões adm. afins,2026-04-30,12,91.95,6
GOIÂNIA,1º Juizado da Infância e da Juventude das causas cíveis e questões adm. afins,2026-05-31,12,93.1,7
GOIÂNIA,1º Juizado da Infância e da Juventude das causas cíveis e questões adm. afins,2026-06-30,12,94.21,8
GOIÂNIA,1º Juizado da Infância e da Juventude das causas cíveis e questões adm. afins,2026-07-31,12,95.36,9
GOIÂNIA,1º Juizado da Infância e da Juventude das causas cíveis e questões adm. afins,2026-08-31,12,96.51,10
GOIÂNIA,1º Juizado da Infância e da Juventude das causas cíveis e questões adm. afins,2026-09-30,12,97.62,11
GOIÂNIA,1º Juizado da Infância e da Juventude das causas cíveis e questões adm. afins,2026-10-31,12,98.77,12
GOIÂNIA,1º Juizado de Violência Doméstica e Familiar contra a Mulher,2025-11-30,12,72.95,1
GOIÂNIA,1º Juizado de Violência Doméstica e Familiar contra a Mulher,2025-12-31,12,73.69,2
GOIÂNIA,1º Juizado de Violência Doméstica e Familiar contra a Mulher,2026-01-31,12,74.42,3
GOIÂNIA,1º Juizado de Violência Doméstica e Familiar contra a Mulher,2026-02-28,12,75.09,4
GOIÂNIA,1º Juizado de Violência Doméstica e Familiar contra a Mulher,2026-03-31,12,75.82,5
GOIÂNIA,1º Juizado de Violência Doméstica e Familiar contra a Mulher,2026-04-30,12,76.53,6
GOIÂNIA,1º Juizado de Violência Doméstica e Familiar contra a Mulher,2026-05-31,12,77.27,7
GOIÂNIA,1º Juizado de Violência Doméstica e Familiar contra a Mulher,2026-06-30,12,77.98,8
GOIÂNIA,1º Juizado de Violência Doméstica e Familiar contra a Mulher,2026-07-31,12,78.71,9
GOIÂNIA,1º Juizado de Violência Doméstica e Familiar contra a Mulher,2026-08-31,12,79.45,10
GOIÂNIA,1º Juizado de Violência Doméstica e Familiar contra a Mulher,2026-09-30,12,80.16,11
GOIÂNIA,1º Juizado de Violência Doméstica e Familiar contra a Mulher,2026-10-31,12,80.89,12
GOIÂNIA,1º Juízo do Núcleo de Justiça 4.0 especializado em matéria de Juizado Especial da Fazenda Pública,2025-11-30,12,91.11,1
GOIÂNIA,1º Juízo do Núcleo de Justiça 4.0 especializado em matéria de Juizado Especial da Fazenda Pública,2025-12-31,12,91.34,2
GOIÂNIA,1º Juízo do Núcleo de Justiça 4.0 especializado em matéria de Juizado Especial da Fazenda Pública,2026-01-31,12,91.58,3
GOIÂNIA,1º Juízo do Núcleo de Justiça 4.0 especializado em matéria de Juizado Especial da Fazenda Pública,2026-02-28,12,91.8,4
GOIÂNIA,1º Juízo do Núcleo de Justiça 4.0 especializado em matéria de Juizado Especial da Fazenda Pública,2026-03-31,12,92.03,5
GOIÂNIA,1º Juízo do Núcleo de Justiça 4.0 especializado em matéria de Juizado Especial da Fazenda Pública,2026-04-30,12,92.26,6
GOIÂNIA,1º Juízo do Núcleo de Justiça 4.0 especializado em matéria de Juizado Especial da Fazenda Pública,2026-05-31,12,92.5,7
GOIÂNIA,1º Juízo do Núcleo de Justiça 4.0 especializado em matéria de Juizado Especial da Fazenda Pública,2026-06-30,12,92.73,8
GOIÂNIA,1º Juízo do Núcleo de Justiça 4.0 especializado em matéria de Juizado Especial da Fazenda Pública,2026-07-31,12,92.97,9
GOIÂNIA,1º Juízo do Núcleo de Justiça 4.0 especializado em matéria de Juizado Especial da Fazenda Pública,2026-08-31,12,93.21,10
GOIÂNIA,1º Juízo do Núcleo de Justiça 4.0 especializado em matéria de Juizado Especial da Fazenda Pública,2026-09-30,12,93.44,11
GOIÂNIA,1º Juízo do Núcleo de Justiça 4.0 especializado em matéria de Juizado Especial da Fazenda Pública,2026-10-31,12,93.68,12
GOIÂNIA,1º Núcleo de Justiça 4.0,2025-11-30,12,100.0,1
GOIÂNIA,1º Núcleo de Justiça 4.0,2025-12-31,12,100.0,2
GOIÂNIA,1º Núcleo de Justiça 4.0,2026-01-31,12,100.0,3
GOIÂNIA,1º Núcleo de Justiça 4.0,2026-02-28,12,100.0,4
GOIÂNIA,1º Núcleo de Justiça 4.0,2026-03-31,12,100.0,5
GOIÂNIA,1º Núcleo de Justiça 4.0,2026-04-30,12,100.0,6
GOIÂNIA,1º Núcleo de Justiça 4.0,2026-05-31,12,100.0,7
GOIÂNIA,1º Núcleo de Justiça 4.0,2026-06-30,12,100.0,8
GOIÂNIA,1º Núcleo de Justiça 4.0,2026-07-31,12,100.0,9
GOIÂNIA,1º Núcleo de Justiça 4.0,2026-08-31,12,100.0,10
GOIÂNIA,1º Núcleo de Justiça 4.0,2026-09-30,12,100.0,11
GOIÂNIA,1º Núcleo de Justiça 4.0,2026-10-31,12,100.0,12
GOIÂNIA,20ª Vara Cível,2025-11-30,12,91.73,1
GOIÂNIA,20ª Vara Cível,2025-12-31,12,91.7,2
GOIÂNIA,20ª Vara Cível,2026-01-31,12,91.66,3
GOIÂNIA,20ª Vara Cível,2026-02-28,12,91.63,4
GOIÂNIA,20ª Vara Cível,2026-03-31,12,91.6,5
GOIÂNIA,20ª Vara Cível,2026-04-30,12,91.57,6
GOIÂNIA,20ª Vara Cível,2026-05-31,12,91.53,7
GOIÂNIA,20ª Vara Cível,2026-06-30,12,91.5,8
GOIÂNIA,20ª Vara Cível,2026-07-31,12,91.47,9
GOIÂNIA,20ª Vara Cível,2026-08-31,12,91.44,10
GOIÂNIA,20ª Vara Cível,2026-09-30,12,91.4,11
GOIÂNIA,20ª Vara Cível,2026-10-31,12,91.37,12
GOIÂNIA,21ª Vara Cível,2025-11-30,12,91.24,1
GOIÂNIA,21ª Vara Cível,2025-12-31,12,91.18,2
GOIÂNIA,21ª Vara Cível,2026-01-31,12,91.13,3
GOIÂNIA,21ª Vara Cível,2026-02-28,12,91.08,4
GOIÂNIA,21ª Vara Cível,2026-03-31,12,91.03,5
GOIÂNIA,21ª Vara Cível,2026-04-30,12,90.98,6
GOIÂNIA,21ª Vara Cível,2026-05-31,12,90.92,7
GOIÂNIA,21ª Vara Cível,2026-06-30,12,90.87,8
GOIÂNIA,21ª Vara Cível,2026-07-31,12,90.82,9
GOIÂNIA,21ª Vara Cível,2026-08-31,12,90.77,10
GOIÂNIA,21ª Vara Cível,2026-09-30,12,90.71,11
GOIÂNIA,21ª Vara Cível,2026-10-31,12,90.66,12
GOIÂNIA,22ª Vara Cível,2025-11-30,12,86.66,1
GOIÂNIA,22ª Vara Cível,2025-12-31,12,86.5,2
GOIÂNIA,22ª Vara Cível,2026-01-31,12,86.33,3
GOIÂNIA,22ª Vara Cível,2026-02-28,12,86.18,4
GOIÂNIA,22ª Vara Cível,2026-03-31,12,86.02,5
GOIÂNIA,22ª Vara Cível,2026-04-30,12,85.85,6
GOIÂNIA,22ª Vara Cível,2026-05-31,12,85.69,7
GOIÂNIA,22ª Vara Cível,2026-06-30,12,85.53,8
GOIÂNIA,22ª Vara Cível,2026-07-31,12,85.36,9
GOIÂNIA,22ª Vara Cível,2026-08-31,12,85.19,10
GOIÂNIA,22ª Vara Cível,2026-09-30,12,85.03,11
GOIÂNIA,22ª Vara Cível,2026-10-31,12,84.87,12
GOIÂNIA,23ª Vara Cível,2025-11-30,12,92.21,1
GOIÂNIA,23ª Vara Cível,2025-12-31,12,92.29,2
GOIÂNIA,23ª Vara Cível,2026-01-31,12,92.38,3
GOIÂNIA,23ª Vara Cível,2026-02-28,12,92.45,4
GOIÂNIA,23ª Vara Cível,2026-03-31,12,92.54,5
GOIÂNIA,23ª Vara Cível,2026-04-30,12,92.62,6
GOIÂNIA,23ª Vara Cível,2026-05-31,12,92.7,7
GOIÂNIA,23ª Vara Cível,2026-06-30,12,92.79,8
GOIÂNIA,23ª Vara Cível,2026-07-31,12,92.87,9
GOIÂNIA,23ª Vara Cível,2026-08-31,12,92.95,10
GOIÂNIA,23ª Vara Cível,2026-09-30,12,93.04,11
GOIÂNIA,23ª Vara Cível,2026-10-31,12,93.12,12
GOIÂNIA,24ª Vara Cível e de Arbitragem,2025-11-30,12,91.83,1
GOIÂNIA,24ª Vara Cível e de Arbitragem,2025-12-31,12,91.8,2
GOIÂNIA,24ª Vara Cível e de Arbitragem,2026-01-31,12,91.77,3
GOIÂNIA,24ª Vara Cível e de Arbitragem,2026-02-28,12,91.74,4
GOIÂNIA,24ª Vara Cível e de Arbitragem,2026-03-31,12,91.71,5
GOIÂNIA,24ª Vara Cível e de Arbitragem,2026-04-30,12,91.68,6
GOIÂNIA,24ª Vara Cível e de Arbitragem,2026-05-31,12,91.65,7
GOIÂNIA,24ª Vara Cível e de Arbitragem,2026-06-30,12,91.62,8
GOIÂNIA,24ª Vara Cível e de Arbitragem,2026-07-31,12,91.59,9
GOIÂNIA,24ª Vara Cível e de Arbitragem,2026-08-31,12,91.56,10
GOIÂNIA,24ª Vara Cível e de Arbitragem,2026-09-30,12,91.53,11
GOIÂNIA,24ª Vara Cível e de Arbitragem,2026-10-31,12,91.49,12
GOIÂNIA,25ª Vara Cível,2025-11-30,12,91.69,1
GOIÂNIA,25ª Vara Cível,2025-12-31,12,91.62,2
GOIÂNIA,25ª Vara Cível,2026-01-31,12,91.55,3
GOIÂNIA,25ª Vara Cível,2026-02-28,12,91.49,4
GOIÂNIA,25ª Vara Cível,2026-03-31,12,91.42,5
GOIÂNIA,25ª Vara Cível,2026-04-30,12,91.35,6
GOIÂNIA,25ª Vara Cível,2026-05-31,12,91.28,7
GOIÂNIA,25ª Vara Cível,2026-06-30,12,91.22,8
GOIÂNIA,25ª Vara Cível,2026-07-31,12,91.15,9
GOIÂNIA,25ª Vara Cível,2026-08-31,12,91.08,10
GOIÂNIA,25ª Vara Cível,2026-09-30,12,91.01,11
GOIÂNIA,25ª Vara Cível,2026-10-31,12,90.95,12
GOIÂNIA,26ª Vara Cível,2025-11-30,12,96.25,1
GOIÂNIA,26ª Vara Cível,2025-12-31,12,96.7,2
GOIÂNIA,26ª Vara Cível,2026-01-31,12,97.15,3
GOIÂNIA,26ª Vara Cível,2026-02-28,12,97.56,4
GOIÂNIA,26ª Vara Cível,2026-03-31,12,98.01,5
GOIÂNIA,26ª Vara Cível,2026-04-30,12,98.44,6
GOIÂNIA,26ª Vara Cível,2026-05-31,12,98.89,7
GOIÂNIA,26ª Vara Cível,2026-06-30,12,99.33,8
GOIÂNIA,26ª Vara Cível,2026-07-31,12,99.78,9
GOIÂNIA,26ª Vara Cível,2026-08-31,12,100.0,10
GOIÂNIA,26ª Vara Cível,2026-09-30,12,100.0,11
GOIÂNIA,26ª Vara Cível,2026-10-31,12,100.0,12
GOIÂNIA,27ª Vara Cível,2025-11-30,12,89.4,1
GOIÂNIA,27ª Vara Cível,2025-12-31,12,89.33,2
GOIÂNIA,27ª Vara Cível,2026-01-31,12,89.27,3
GOIÂNIA,27ª Vara Cível,2026-02-28,12,89.2,4
GOIÂNIA,27ª Vara Cível,2026-03-31,12,89.13,5
GOIÂNIA,27ª Vara Cível,2026-04-30,12,89.07,6
GOIÂNIA,27ª Vara Cível,2026-05-31,12,89.0,7
GOIÂNIA,27ª Vara Cível,2026-06-30,12,88.93,8
GOIÂNIA,27ª Vara Cível,2026-07-31,12,88.86,9
GOIÂNIA,27ª Vara Cível,2026-08-31,12,88.8,10
GOIÂNIA,27ª Vara Cível,2026-09-30,12,88.73,11
GOIÂNIA,27ª Vara Cível,2026-10-31,12,88.66,12
GOIÂNIA,28ª Vara Cível,2025-11-30,12,91.59,1
GOIÂNIA,28ª Vara Cível,2025-12-31,12,91.7,2
GOIÂNIA,28ª Vara Cível,2026-01-31,12,91.81,3
GOIÂNIA,28ª Vara Cível,2026-02-28,12,91.91,4
GOIÂNIA,28ª Vara Cível,2026-03-31,12,92.02,5
GOIÂNIA,28ª Vara Cível,2026-04-30,12,92.13,6
GOIÂNIA,28ª Vara Cível,2026-05-31,12,92.24,7
GOIÂNIA,28ª Vara Cível,2026-06-30,12,92.34,8
GOIÂNIA,28ª Vara Cível,2026-07-31,12,92.45,9
GOIÂNIA,28ª Vara Cível,2026-08-31,12,92.56,10
GOIÂNIA,28ª Vara Cível,2026-09-30,12,92.67,11
GOIÂNIA,28ª Vara Cível,2026-10-31,12,92.78,12
GOIÂNIA,29ª Vara Cível,2025-11-30,12,92.91,1
GOIÂNIA,29ª Vara Cível,2025-12-31,12,92.91,2
GOIÂNIA,29ª Vara Cível,2026-01-31,12,92.9,3
GOIÂNIA,29ª Vara Cível,2026-02-28,12,92.9,4
GOIÂNIA,29ª Vara Cível,2026-03-31,12,92.89,5
GOIÂNIA,29ª Vara Cível,2026-04-30,12,92.89,6
GOIÂNIA,29ª Vara Cível,2026-05-31,12,92.88,7
GOIÂNIA,29ª Vara Cível,2026-06-30,12,92.88,8
GOIÂNIA,29ª Vara Cível,2026-07-31,12,92.87,9
GOIÂNIA,29ª Vara Cível,2026-08-31,12,92.87,10
GOIÂNIA,29ª Vara Cível,2026-09-30,12,92.86,11
GOIÂNIA,29ª Vara Cível,2026-10-31,12,92.86,12
GOIÂNIA,2ª Vara Criminal dos Crimes Dolosos contra a Vida e Tribunal do Júri,2025-11-30,12,81.96,1
GOIÂNIA,2ª Vara Criminal dos Crimes Dolosos contra a Vida e Tribunal do Júri,2025-12-31,12,83.68,2
GOIÂNIA,2ª Vara Criminal dos Crimes Dolosos contra a Vida e Tribunal do Júri,2026-01-31,12,85.39,3
GOIÂNIA,2ª Vara Criminal dos Crimes Dolosos contra a Vida e Tribunal do Júri,2026-02-28,12,86.93,4
GOIÂNIA,2ª Vara Criminal dos Crimes Dolosos contra a Vida e Tribunal do Júri,2026-03-31,12,88.64,5
GOIÂNIA,2ª Vara Criminal dos Crimes Dolosos contra a Vida e Tribunal do Júri,2026-04-30,12,90.3,6
GOIÂNIA,2ª Vara Criminal dos Crimes Dolosos contra a Vida e Tribunal do Júri,2026-05-31,12,92.01,7
GOIÂNIA,2ª Vara Criminal dos Crimes Dolosos contra a Vida e Tribunal do Júri,2026-06-30,12,93.66,8
GOIÂNIA,2ª Vara Criminal dos Crimes Dolosos contra a Vida e Tribunal do Júri,2026-07-31,12,95.37,9
GOIÂNIA,2ª Vara Criminal dos Crimes Dolosos contra a Vida e Tribunal do Júri,2026-08-31,12,97.08,10
GOIÂNIA,2ª Vara Criminal dos Crimes Dolosos contra a Vida e Tribunal do Júri,2026-09-30,12,98.74,11
GOIÂNIA,2ª Vara Criminal dos Crimes Dolosos contra a Vida e Tribunal do Júri,2026-10-31,12,100.0,12
GOIÂNIA,"2ª Vara Criminal dos crimes contra vítimas hipervulneráveis (Crianças e Adolescentes, Pessoas com Deficiência e Idosos) e crimes de trânsito",2025-11-30,12,97.77,1
GOIÂNIA,"2ª Vara Criminal dos crimes contra vítimas hipervulneráveis (Crianças e Adolescentes, Pessoas com Deficiência e Idosos) e crimes de trânsito",2025-12-31,12,98.26,2
GOIÂNIA,"2ª Vara Criminal dos crimes contra vítimas hipervulneráveis (Crianças e Adolescentes, Pessoas com Deficiência e Idosos) e crimes de trânsito",2026-01-31,12,98.74,3
GOIÂNIA,"2ª Vara Criminal dos crimes contra vítimas hipervulneráveis (Crianças e Adolescentes, Pessoas com Deficiência e Idosos) e crimes de trânsito",2026-02-28,12,99.18,4
GOIÂNIA,"2ª Vara Criminal dos crimes contra vítimas hipervulneráveis (Crianças e Adolescentes, Pessoas com Deficiência e Idosos) e crimes de trânsito",2026-03-31,12,99.67,5
GOIÂNIA,"2ª Vara Criminal dos crimes contra vítimas hipervulneráveis (Crianças e Adolescentes, Pessoas com Deficiência e Idosos) e crimes de trânsito",2026-04-30,12,100.0,6
GOIÂNIA,"2ª Vara Criminal dos crimes contra vítimas hipervulneráveis (Crianças e Adolescentes, Pessoas com Deficiência e Idosos) e crimes de trânsito",2026-05-31,12,100.0,7
GOIÂNIA,"2ª Vara Criminal dos crimes contra vítimas hipervulneráveis (Crianças e Adolescentes, Pessoas com Deficiência e Idosos) e crimes de trânsito",2026-06-30,12,100.0,8
GOIÂNIA,"2ª Vara Criminal dos crimes contra vítimas hipervulneráveis (Crianças e Adolescentes, Pessoas com Deficiência e Idosos) e crimes de trânsito",2026-07-31,12,100.0,9
GOIÂNIA,"2ª Vara Criminal dos crimes contra vítimas hipervulneráveis (Crianças e Adolescentes, Pessoas com Deficiência e Idosos) e crimes de trânsito",2026-08-31,12,100.0,10
GOIÂNIA,"2ª Vara Criminal dos crimes contra vítimas hipervulneráveis (Crianças e Adolescentes, Pessoas com Deficiência e Idosos) e crimes de trânsito",2026-09-30,12,100.0,11
GOIÂNIA,"2ª Vara Criminal dos crimes contra vítimas hipervulneráveis (Crianças e Adolescentes, Pessoas com Deficiência e Idosos) e crimes de trânsito",2026-10-31,12,100.0,12
GOIÂNIA,2ª Vara Criminal dos crimes punidos com reclusão e detenção,2025-11-30,12,100.0,1
GOIÂNIA,2ª Vara Criminal dos crimes punidos com reclusão e detenção,2025-12-31,12,100.0,2
GOIÂNIA,2ª Vara Criminal dos crimes punidos com reclusão e detenção,2026-01-31,12,100.0,3
GOIÂNIA,2ª Vara Criminal dos crimes punidos com reclusão e detenção,2026-02-28,12,100.0,4
GOIÂNIA,2ª Vara Criminal dos crimes punidos com reclusão e detenção,2026-03-31,12,100.0,5
GOIÂNIA,2ª Vara Criminal dos crimes punidos com reclusão e detenção,2026-04-30,12,100.0,6
GOIÂNIA,2ª Vara Criminal dos crimes punidos com reclusão e detenção,2026-05-31,12,100.0,7
GOIÂNIA,2ª Vara Criminal dos crimes punidos com reclusão e detenção,2026-06-30,12,100.0,8
GOIÂNIA,2ª Vara Criminal dos crimes punidos com reclusão e detenção,2026-07-31,12,100.0,9
GOIÂNIA,2ª Vara Criminal dos crimes punidos com reclusão e detenção,2026-08-31,12,100.0,10
GOIÂNIA,2ª Vara Criminal dos crimes punidos com reclusão e detenção,2026-09-30,12,100.0,11
GOIÂNIA,2ª Vara Criminal dos crimes punidos com reclusão e detenção,2026-10-31,12,100.0,12
GOIÂNIA,2ª Vara Cível,2025-11-30,12,89.47,1
GOIÂNIA,2ª Vara Cível,2025-12-31,12,89.44,2
GOIÂNIA,2ª Vara Cível,2026-01-31,12,89.41,3
GOIÂNIA,2ª Vara Cível,2026-02-28,12,89.39,4
GOIÂNIA,2ª Vara Cível,2026-03-31,12,89.36,5
GOIÂNIA,2ª Vara Cível,2026-04-30,12,89.33,6
GOIÂNIA,2ª Vara Cível,2026-05-31,12,89.31,7
GOIÂNIA,2ª Vara Cível,2026-06-30,12,89.28,8
GOIÂNIA,2ª Vara Cível,2026-07-31,12,89.25,9
GOIÂNIA,2ª Vara Cível,2026-08-31,12,89.22,10
GOIÂNIA,2ª Vara Cível,2026-09-30,12,89.2,11
GOIÂNIA,2ª Vara Cível,2026-10-31,12,89.17,12
GOIÂNIA,2ª Vara da Faz. Púb. Mun. e de Reg. Púb.,2025-11-30,12,91.65,1
GOIÂNIA,2ª Vara da Faz. Púb. Mun. e de Reg. Púb.,2025-12-31,12,91.7,2
GOIÂNIA,2ª Vara da Faz. Púb. Mun. e de Reg. Púb.,2026-01-31,12,91.76,3
GOIÂNIA,2ª Vara da Faz. Púb. Mun. e de Reg. Púb.,2026-02-28,12,91.8,4
GOIÂNIA,2ª Vara da Faz. Púb. Mun. e de Reg. Púb.,2026-03-31,12,91.86,5
GOIÂNIA,2ª Vara da Faz. Púb. Mun. e de Reg. Púb.,2026-04-30,12,91.91,6
GOIÂNIA,2ª Vara da Faz. Púb. Mun. e de Reg. Púb.,2026-05-31,12,91.96,7
GOIÂNIA,2ª Vara da Faz. Púb. Mun. e de Reg. Púb.,2026-06-30,12,92.01,8
GOIÂNIA,2ª Vara da Faz. Púb. Mun. e de Reg. Púb.,2026-07-31,12,92.06,9
GOIÂNIA,2ª Vara da Faz. Púb. Mun. e de Reg. Púb.,2026-08-31,12,92.12,10
GOIÂNIA,2ª Vara da Faz. Púb. Mun. e de Reg. Púb.,2026-09-30,12,92.17,11
GOIÂNIA,2ª Vara da Faz. Púb. Mun. e de Reg. Púb.,2026-10-31,12,92.22,12
GOIÂNIA,2ª Vara da Fazenda Pública Estadual,2025-11-30,12,92.87,1
GOIÂNIA,2ª Vara da Fazenda Pública Estadual,2025-12-31,12,92.76,2
GOIÂNIA,2ª Vara da Fazenda Pública Estadual,2026-01-31,12,92.65,3
GOIÂNIA,2ª Vara da Fazenda Pública Estadual,2026-02-28,12,92.54,4
GOIÂNIA,2ª Vara da Fazenda Pública Estadual,2026-03-31,12,92.43,5
GOIÂNIA,2ª Vara da Fazenda Pública Estadual,2026-04-30,12,92.32,6
GOIÂNIA,2ª Vara da Fazenda Pública Estadual,2026-05-31,12,92.21,7
GOIÂNIA,2ª Vara da Fazenda Pública Estadual,2026-06-30,12,92.1,8
GOIÂNIA,2ª Vara da Fazenda Pública Estadual,2026-07-31,12,91.98,9
GOIÂNIA,2ª Vara da Fazenda Pública Estadual,2026-08-31,12,91.87,10
GOIÂNIA,2ª Vara da Fazenda Pública Estadual,2026-09-30,12,91.76,11
GOIÂNIA,2ª Vara da Fazenda Pública Estadual,2026-10-31,12,91.65,12
GOIÂNIA,2ª Vara das Garantias,2025-11-30,12,87.61,1
GOIÂNIA,2ª Vara das Garantias,2025-12-31,12,87.33,2
GOIÂNIA,2ª Vara das Garantias,2026-01-31,12,87.05,3
GOIÂNIA,2ª Vara das Garantias,2026-02-28,12,86.79,4
GOIÂNIA,2ª Vara das Garantias,2026-03-31,12,86.51,5
GOIÂNIA,2ª Vara das Garantias,2026-04-30,12,86.24,6
GOIÂNIA,2ª Vara das Garantias,2026-05-31,12,85.95,7
GOIÂNIA,2ª Vara das Garantias,2026-06-30,12,85.68,8
GOIÂNIA,2ª Vara das Garantias,2026-07-31,12,85.4,9
GOIÂNIA,2ª Vara das Garantias,2026-08-31,12,85.11,10
GOIÂNIA,2ª Vara das Garantias,2026-09-30,12,84.84,11
GOIÂNIA,2ª Vara das Garantias,2026-10-31,12,84.56,12
GOIÂNIA,2ª Vara de Família,2025-11-30,12,89.3,1
GOIÂNIA,2ª Vara de Família,2025-12-31,12,89.8,2
GOIÂNIA,2ª Vara de Família,2026-01-31,12,90.3,3
GOIÂNIA,2ª Vara de Família,2026-02-28,12,90.76,4
GOIÂNIA,2ª Vara de Família,2026-03-31,12,91.26,5
GOIÂNIA,2ª Vara de Família,2026-04-30,12,91.74,6
GOIÂNIA,2ª Vara de Família,2026-05-31,12,92.24,7
GOIÂNIA,2ª Vara de Família,2026-06-30,12,92.73,8
GOIÂNIA,2ª Vara de Família,2026-07-31,12,93.23,9
GOIÂNIA,2ª Vara de Família,2026-08-31,12,93.73,10
GOIÂNIA,2ª Vara de Família,2026-09-30,12,94.21,11
GOIÂNIA,2ª Vara de Família,2026-10-31,12,94.71,12
GOIÂNIA,2ª Vara de Sucessões,2025-11-30,12,94.73,1
GOIÂNIA,2ª Vara de Sucessões,2025-12-31,12,94.78,2
GOIÂNIA,2ª Vara de Sucessões,2026-01-31,12,94.83,3
GOIÂNIA,2ª Vara de Sucessões,2026-02-28,12,94.88,4
GOIÂNIA,2ª Vara de Sucessões,2026-03-31,12,94.93,5
GOIÂNIA,2ª Vara de Sucessões,2026-04-30,12,94.98,6
GOIÂNIA,2ª Vara de Sucessões,2026-05-31,12,95.03,7
GOIÂNIA,2ª Vara de Sucessões,2026-06-30,12,95.07,8
GOIÂNIA,2ª Vara de Sucessões,2026-07-31,12,95.13,9
GOIÂNIA,2ª Vara de Sucessões,2026-08-31,12,95.18,10
GOIÂNIA,2ª Vara de Sucessões,2026-09-30,12,95.22,11
GOIÂNIA,2ª Vara de Sucessões,2026-10-31,12,95.27,12
GOIÂNIA,"2ª Vara dos Feitos Relativos a Delitos Praticados por Organização Criminosa e de Lavagem ou Ocultação de Bens, Direitos e Valores",2025-11-30,12,97.08,1
GOIÂNIA,"2ª Vara dos Feitos Relativos a Delitos Praticados por Organização Criminosa e de Lavagem ou Ocultação de Bens, Direitos e Valores",2025-12-31,12,97.93,2
GOIÂNIA,"2ª Vara dos Feitos Relativos a Delitos Praticados por Organização Criminosa e de Lavagem ou Ocultação de Bens, Direitos e Valores",2026-01-31,12,98.79,3
GOIÂNIA,"2ª Vara dos Feitos Relativos a Delitos Praticados por Organização Criminosa e de Lavagem ou Ocultação de Bens, Direitos e Valores",2026-02-28,12,99.56,4
GOIÂNIA,"2ª Vara dos Feitos Relativos a Delitos Praticados por Organização Criminosa e de Lavagem ou Ocultação de Bens, Direitos e Valores",2026-03-31,12,100.0,5
GOIÂNIA,"2ª Vara dos Feitos Relativos a Delitos Praticados por Organização Criminosa e de Lavagem ou Ocultação de Bens, Direitos e Valores",2026-04-30,12,100.0,6
GOIÂNIA,"2ª Vara dos Feitos Relativos a Delitos Praticados por Organização Criminosa e de Lavagem ou Ocultação de Bens, Direitos e Valores",2026-05-31,12,100.0,7
GOIÂNIA,"2ª Vara dos Feitos Relativos a Delitos Praticados por Organização Criminosa e de Lavagem ou Ocultação de Bens, Direitos e Valores",2026-06-30,12,100.0,8
GOIÂNIA,"2ª Vara dos Feitos Relativos a Delitos Praticados por Organização Criminosa e de Lavagem ou Ocultação de Bens, Direitos e Valores",2026-07-31,12,100.0,9
GOIÂNIA,"2ª Vara dos Feitos Relativos a Delitos Praticados por Organização Criminosa e de Lavagem ou Ocultação de Bens, Direitos e Valores",2026-08-31,12,100.0,10
GOIÂNIA,"2ª Vara dos Feitos Relativos a Delitos Praticados por Organização Criminosa e de Lavagem ou Ocultação de Bens, Direitos e Valores",2026-09-30,12,100.0,11
GOIÂNIA,"2ª Vara dos Feitos Relativos a Delitos Praticados por Organização Criminosa e de Lavagem ou Ocultação de Bens, Direitos e Valores",2026-10-31,12,100.0,12
GOIÂNIA,2º Juizado Especial Criminal,2025-11-30,12,67.96,1
GOIÂNIA,2º Juizado Especial Criminal,2025-12-31,12,69.5,2
GOIÂNIA,2º Juizado Especial Criminal,2026-01-31,12,71.03,3
GOIÂNIA,2º Juizado Especial Criminal,2026-02-28,12,72.42,4
GOIÂNIA,2º Juizado Especial Criminal,2026-03-31,12,73.96,5
GOIÂNIA,2º Juizado Especial Criminal,2026-04-30,12,75.45,6
GOIÂNIA,2º Juizado Especial Criminal,2026-05-31,12,76.98,7
GOIÂNIA,2º Juizado Especial Criminal,2026-06-30,12,78.47,8
GOIÂNIA,2º Juizado Especial Criminal,2026-07-31,12,80.01,9
GOIÂNIA,2º Juizado Especial Criminal,2026-08-31,12,81.55,10
GOIÂNIA,2º Juizado Especial Criminal,2026-09-30,12,83.04,11
GOIÂNIA,2º Juizado Especial Criminal,2026-10-31,12,84.57,12
GOIÂNIA,2º Juizado Especial Cível,2025-11-30,12,75.18,1
GOIÂNIA,2º Juizado Especial Cível,2025-12-31,12,76.35,2
GOIÂNIA,2º Juizado Especial Cível,2026-01-31,12,77.52,3
GOIÂNIA,2º Juizado Especial Cível,2026-02-28,12,78.57,4
GOIÂNIA,2º Juizado Especial Cível,2026-03-31,12,79.74,5
GOIÂNIA,2º Juizado Especial Cível,2026-04-30,12,80.87,6
GOIÂNIA,2º Juizado Especial Cível,2026-05-31,12,82.03,7
GOIÂNIA,2º Juizado Especial Cível,2026-06-30,12,83.16,8
GOIÂNIA,2º Juizado Especial Cível,2026-07-31,12,84.33,9
GOIÂNIA,2º Juizado Especial Cível,2026-08-31,12,85.5,10
GOIÂNIA,2º Juizado Especial Cível,2026-09-30,12,86.63,11
GOIÂNIA,2º Juizado Especial Cível,2026-10-31,12,87.79,12
GOIÂNIA,2º Juizado da Infância e da Juventude das causas infracionais questões adm. afins,2025-11-30,12,60.5,1
GOIÂNIA,2º Juizado da Infância e da Juventude das causas infracionais questões adm. afins,2025-12-31,12,62.22,2
GOIÂNIA,2º Juizado da Infância e da Juventude das causas infracionais questões adm. afins,2026-01-31,12,63.94,3
GOIÂNIA,2º Juizado da Infância e da Juventude das causas infracionais questões adm. afins,2026-02-28,12,65.49,4
GOIÂNIA,2º Juizado da Infância e da Juventude das causas infracionais questões adm. afins,2026-03-31,12,67.21,5
GOIÂNIA,2º Juizado da Infância e da Juventude das causas infracionais questões adm. afins,2026-04-30,12,68.87,6
GOIÂNIA,2º Juizado da Infância e da Juventude das causas infracionais questões adm. afins,2026-05-31,12,70.59,7
GOIÂNIA,2º Juizado da Infância e da Juventude das causas infracionais questões adm. afins,2026-06-30,12,72.25,8
GOIÂNIA,2º Juizado da Infância e da Juventude das causas infracionais questões adm. afins,2026-07-31,12,73.97,9
GOIÂNIA,2º Juizado da Infância e da Juventude das causas infracionais questões adm. afins,2026-08-31,12,75.69,10
GOIÂNIA,2º Juizado da Infância e da Juventude das causas infracionais questões adm. afins,2026-09-30,12,77.35,11
GOIÂNIA,2º Juizado da Infância e da Juventude das causas infracionais questões adm. afins,2026-10-31,12,79.07,12
GOIÂNIA,2º Juizado de Violência Doméstica e Familiar contra a Mulher,2025-11-30,12,78.95,1
GOIÂNIA,2º Juizado de Violência Doméstica e Familiar contra a Mulher,2025-12-31,12,79.7,2
GOIÂNIA,2º Juizado de Violência Doméstica e Familiar contra a Mulher,2026-01-31,12,80.44,3
GOIÂNIA,2º Juizado de Violência Doméstica e Familiar contra a Mulher,2026-02-28,12,81.11,4
GOIÂNIA,2º Juizado de Violência Doméstica e Familiar contra a Mulher,2026-03-31,12,81.85,5
GOIÂNIA,2º Juizado de Violência Doméstica e Familiar contra a Mulher,2026-04-30,12,82.57,6
GOIÂNIA,2º Juizado de Violência Doméstica e Familiar contra a Mulher,2026-05-31,12,83.31,7
GOIÂNIA,2º Juizado de Violência Doméstica e Familiar contra a Mulher,2026-06-30,12,84.03,8
GOIÂNIA,2º Juizado de Violência Doméstica e Familiar contra a Mulher,2026-07-31,12,84.78,9
GOIÂNIA,2º Juizado de Violência Doméstica e Familiar contra a Mulher,2026-08-31,12,85.52,10
GOIÂNIA,2º Juizado de Violência Doméstica e Familiar contra a Mulher,2026-09-30,12,86.24,11
GOIÂNIA,2º Juizado de Violência Doméstica e Familiar contra a Mulher,2026-10-31,12,86.98,12
GOIÂNIA,2º Juízo do Núcleo de Justiça 4.0 especializado em matéria de Juizado Especial da Fazenda Pública,2025-11-30,12,84.4,1
GOIÂNIA,2º Juízo do Núcleo de Justiça 4.0 especializado em matéria de Juizado Especial da Fazenda Pública,2025-12-31,12,84.48,2
GOIÂNIA,2º Juízo do Núcleo de Justiça 4.0 especializado em matéria de Juizado Especial da Fazenda Pública,2026-01-31,12,84.56,3
GOIÂNIA,2º Juízo do Núcleo de Justiça 4.0 especializado em matéria de Juizado Especial da Fazenda Pública,2026-02-28,12,84.63,4
GOIÂNIA,2º Juízo do Núcleo de Justiça 4.0 especializado em matéria de Juizado Especial da Fazenda Pública,2026-03-31,12,84.71,5
GOIÂNIA,2º Juízo do Núcleo de Justiça 4.0 especializado em matéria de Juizado Especial da Fazenda Pública,2026-04-30,12,84.79,6
GOIÂNIA,2º Juízo do Núcleo de Justiça 4.0 especializado em matéria de Juizado Especial da Fazenda Pública,2026-05-31,12,84.87,7
GOIÂNIA,2º Juízo do Núcleo de Justiça 4.0 especializado em matéria de Juizado Especial da Fazenda Pública,2026-06-30,12,84.95,8
GOIÂNIA,2º Juízo do Núcleo de Justiça 4.0 especializado em matéria de Juizado Especial da Fazenda Pública,2026-07-31,12,85.03,9
GOIÂNIA,2º Juízo do Núcleo de Justiça 4.0 especializado em matéria de Juizado Especial da Fazenda Pública,2026-08-31,12,85.11,10
GOIÂNIA,2º Juízo do Núcleo de Justiça 4.0 especializado em matéria de Juizado Especial da Fazenda Pública,2026-09-30,12,85.19,11
GOIÂNIA,2º Juízo do Núcleo de Justiça 4.0 especializado em matéria de Juizado Especial da Fazenda Pública,2026-10-31,12,85.26,12
GOIÂNIA,2º Núcleo de Justiça 4.0,2025-11-30,12,96.3,1
GOIÂNIA,2º Núcleo de Justiça 4.0,2025-12-31,12,96.47,2
GOIÂNIA,2º Núcleo de Justiça 4.0,2026-01-31,12,96.65,3
GOIÂNIA,2º Núcleo de Justiça 4.0,2026-02-28,12,96.81,4
GOIÂNIA,2º Núcleo de Justiça 4.0,2026-03-31,12,96.99,5
GOIÂNIA,2º Núcleo de Justiça 4.0,2026-04-30,12,97.16,6
GOIÂNIA,2º Núcleo de Justiça 4.0,2026-05-31,12,97.33,7
GOIÂNIA,2º Núcleo de Justiça 4.0,2026-06-30,12,97.5,8
GOIÂNIA,2º Núcleo de Justiça 4.0,2026-07-31,12,97.68,9
GOIÂNIA,2º Núcleo de Justiça 4.0,2026-08-31,12,97.85,10
GOIÂNIA,2º Núcleo de Justiça 4.0,2026-09-30,12,98.03,11
GOIÂNIA,2º Núcleo de Justiça 4.0,2026-10-31,12,98.2,12
GOIÂNIA,30ª Vara Cível,2025-11-30,12,88.01,1
GOIÂNIA,30ª Vara Cível,2025-12-31,12,87.98,2
GOIÂNIA,30ª Vara Cível,2026-01-31,12,87.94,3
GOIÂNIA,30ª Vara Cível,2026-02-28,12,87.91,4
GOIÂNIA,30ª Vara Cível,2026-03-31,12,87.88,5
GOIÂNIA,30ª Vara Cível,2026-04-30,12,87.85,6
GOIÂNIA,30ª Vara Cível,2026-05-31,12,87.82,7
GOIÂNIA,30ª Vara Cível,2026-06-30,12,87.78,8
GOIÂNIA,30ª Vara Cível,2026-07-31,12,87.75,9
GOIÂNIA,30ª Vara Cível,2026-08-31,12,87.72,10
GOIÂNIA,30ª Vara Cível,2026-09-30,12,87.69,11
GOIÂNIA,30ª Vara Cível,2026-10-31,12,87.65,12
GOIÂNIA,31ª Vara Cível,2025-11-30,12,92.78,1
GOIÂNIA,31ª Vara Cível,2025-12-31,12,92.74,2
GOIÂNIA,31ª Vara Cível,2026-01-31,12,92.71,3
GOIÂNIA,31ª Vara Cível,2026-02-28,12,92.68,4
GOIÂNIA,31ª Vara Cível,2026-03-31,12,92.65,5
GOIÂNIA,31ª Vara Cível,2026-04-30,12,92.62,6
GOIÂNIA,31ª Vara Cível,2026-05-31,12,92.59,7
GOIÂNIA,31ª Vara Cível,2026-06-30,12,92.56,8
GOIÂNIA,31ª Vara Cível,2026-07-31,12,92.53,9
GOIÂNIA,31ª Vara Cível,2026-08-31,12,92.5,10
GOIÂNIA,31ª Vara Cível,2026-09-30,12,92.47,11
GOIÂNIA,31ª Vara Cível,2026-10-31,12,92.44,12
GOIÂNIA,32ª Vara Cível,2025-11-30,12,91.42,1
GOIÂNIA,32ª Vara Cível,2025-12-31,12,91.49,2
GOIÂNIA,32ª Vara Cível,2026-01-31,12,91.55,3
GOIÂNIA,32ª Vara Cível,2026-02-28,12,91.61,4
GOIÂNIA,32ª Vara Cível,2026-03-31,12,91.68,5
GOIÂNIA,32ª Vara Cível,2026-04-30,12,91.74,6
GOIÂNIA,32ª Vara Cível,2026-05-31,12,91.81,7
GOIÂNIA,32ª Vara Cível,2026-06-30,12,91.87,8
GOIÂNIA,32ª Vara Cível,2026-07-31,12,91.93,9
GOIÂNIA,32ª Vara Cível,2026-08-31,12,92.0,10
GOIÂNIA,32ª Vara Cível,2026-09-30,12,92.06,11
GOIÂNIA,32ª Vara Cível,2026-10-31,12,92.13,12
GOIÂNIA,3ª Vara Criminal dos Crimes Dolosos contra a Vida e Tribunal do Júri,2025-11-30,12,93.84,1
GOIÂNIA,3ª Vara Criminal dos Crimes Dolosos contra a Vida e Tribunal do Júri,2025-12-31,12,95.76,2
GOIÂNIA,3ª Vara Criminal dos Crimes Dolosos contra a Vida e Tribunal do Júri,2026-01-31,12,97.69,3
GOIÂNIA,3ª Vara Criminal dos Crimes Dolosos contra a Vida e Tribunal do Júri,2026-02-28,12,99.44,4
GOIÂNIA,3ª Vara Criminal dos Crimes Dolosos contra a Vida e Tribunal do Júri,2026-03-31,12,100.0,5
GOIÂNIA,3ª Vara Criminal dos Crimes Dolosos contra a Vida e Tribunal do Júri,2026-04-30,12,100.0,6
GOIÂNIA,3ª Vara Criminal dos Crimes Dolosos contra a Vida e Tribunal do Júri,2026-05-31,12,100.0,7
GOIÂNIA,3ª Vara Criminal dos Crimes Dolosos contra a Vida e Tribunal do Júri,2026-06-30,12,100.0,8
GOIÂNIA,3ª Vara Criminal dos Crimes Dolosos contra a Vida e Tribunal do Júri,2026-07-31,12,100.0,9
GOIÂNIA,3ª Vara Criminal dos Crimes Dolosos contra a Vida e Tribunal do Júri,2026-08-31,12,100.0,10
GOIÂNIA,3ª Vara Criminal dos Crimes Dolosos contra a Vida e Tribunal do Júri,2026-09-30,12,100.0,11
GOIÂNIA,3ª Vara Criminal dos Crimes Dolosos contra a Vida e Tribunal do Júri,2026-10-31,12,100.0,12
GOIÂNIA,3ª Vara Criminal dos crimes punidos com reclusão e detenção,2025-11-30,12,100.0,1
GOIÂNIA,3ª Vara Criminal dos crimes punidos com reclusão e detenção,2025-12-31,12,100.0,2
GOIÂNIA,3ª Vara Criminal dos crimes punidos com reclusão e detenção,2026-01-31,12,100.0,3
GOIÂNIA,3ª Vara Criminal dos crimes punidos com reclusão e detenção,2026-02-28,12,100.0,4
GOIÂNIA,3ª Vara Criminal dos crimes punidos com reclusão e detenção,2026-03-31,12,100.0,5
GOIÂNIA,3ª Vara Criminal dos crimes punidos com reclusão e detenção,2026-04-30,12,100.0,6
GOIÂNIA,3ª Vara Criminal dos crimes punidos com reclusão e detenção,2026-05-31,12,100.0,7
GOIÂNIA,3ª Vara Criminal dos crimes punidos com reclusão e detenção,2026-06-30,12,100.0,8
GOIÂNIA,3ª Vara Criminal dos crimes punidos com reclusão e detenção,2026-07-31,12,100.0,9
GOIÂNIA,3ª Vara Criminal dos crimes punidos com reclusão e detenção,2026-08-31,12,100.0,10
GOIÂNIA,3ª Vara Criminal dos crimes punidos com reclusão e detenção,2026-09-30,12,100.0,11
GOIÂNIA,3ª Vara Criminal dos crimes punidos com reclusão e detenção,2026-10-31,12,100.0,12
GOIÂNIA,3ª Vara Cível,2025-11-30,12,93.57,1
GOIÂNIA,3ª Vara Cível,2025-12-31,12,93.66,2
GOIÂNIA,3ª Vara Cível,2026-01-31,12,93.76,3
GOIÂNIA,3ª Vara Cível,2026-02-28,12,93.85,4
GOIÂNIA,3ª Vara Cível,2026-03-31,12,93.94,5
GOIÂNIA,3ª Vara Cível,2026-04-30,12,94.03,6
GOIÂNIA,3ª Vara Cível,2026-05-31,12,94.13,7
GOIÂNIA,3ª Vara Cível,2026-06-30,12,94.22,8
GOIÂNIA,3ª Vara Cível,2026-07-31,12,94.32,9
GOIÂNIA,3ª Vara Cível,2026-08-31,12,94.41,10
GOIÂNIA,3ª Vara Cível,2026-09-30,12,94.51,11
GOIÂNIA,3ª Vara Cível,2026-10-31,12,94.6,12
GOIÂNIA,3ª Vara da Faz. Púb. Mun. e de Reg. Púb.,2025-11-30,12,91.66,1
GOIÂNIA,3ª Vara da Faz. Púb. Mun. e de Reg. Púb.,2025-12-31,12,91.64,2
GOIÂNIA,3ª Vara da Faz. Púb. Mun. e de Reg. Púb.,2026-01-31,12,91.63,3
GOIÂNIA,3ª Vara da Faz. Púb. Mun. e de Reg. Púb.,2026-02-28,12,91.61,4
GOIÂNIA,3ª Vara da Faz. Púb. Mun. e de Reg. Púb.,2026-03-31,12,91.6,5
GOIÂNIA,3ª Vara da Faz. Púb. Mun. e de Reg. Púb.,2026-04-30,12,91.58,6
GOIÂNIA,3ª Vara da Faz. Púb. Mun. e de Reg. Púb.,2026-05-31,12,91.57,7
GOIÂNIA,3ª Vara da Faz. Púb. Mun. e de Reg. Púb.,2026-06-30,12,91.55,8
GOIÂNIA,3ª Vara da Faz. Púb. Mun. e de Reg. Púb.,2026-07-31,12,91.54,9
GOIÂNIA,3ª Vara da Faz. Púb. Mun. e de Reg. Púb.,2026-08-31,12,91.52,10
GOIÂNIA,3ª Vara da Faz. Púb. Mun. e de Reg. Púb.,2026-09-30,12,91.51,11
GOIÂNIA,3ª Vara da Faz. Púb. Mun. e de Reg. Púb.,2026-10-31,12,91.49,12
GOIÂNIA,3ª Vara da Fazenda Pública Estadual Execução Fiscal,2025-11-30,12,98.84,1
GOIÂNIA,3ª Vara da Fazenda Pública Estadual Execução Fiscal,2025-12-31,12,99.04,2
GOIÂNIA,3ª Vara da Fazenda Pública Estadual Execução Fiscal,2026-01-31,12,99.24,3
GOIÂNIA,3ª Vara da Fazenda Pública Estadual Execução Fiscal,2026-02-28,12,99.42,4
GOIÂNIA,3ª Vara da Fazenda Pública Estadual Execução Fiscal,2026-03-31,12,99.62,5
GOIÂNIA,3ª Vara da Fazenda Pública Estadual Execução Fiscal,2026-04-30,12,99.82,6
GOIÂNIA,3ª Vara da Fazenda Pública Estadual Execução Fiscal,2026-05-31,12,100.0,7
GOIÂNIA,3ª Vara da Fazenda Pública Estadual Execução Fiscal,2026-06-30,12,100.0,8
GOIÂNIA,3ª Vara da Fazenda Pública Estadual Execução Fiscal,2026-07-31,12,100.0,9
GOIÂNIA,3ª Vara da Fazenda Pública Estadual Execução Fiscal,2026-08-31,12,100.0,10
GOIÂNIA,3ª Vara da Fazenda Pública Estadual Execução Fiscal,2026-09-30,12,100.0,11
GOIÂNIA,3ª Vara da Fazenda Pública Estadual Execução Fiscal,2026-10-31,12,100.0,12
GOIÂNIA,3ª Vara de Família,2025-11-30,12,97.21,1
GOIÂNIA,3ª Vara de Família,2025-12-31,12,97.82,2
GOIÂNIA,3ª Vara de Família,2026-01-31,12,98.43,3
GOIÂNIA,3ª Vara de Família,2026-02-28,12,98.99,4
GOIÂNIA,3ª Vara de Família,2026-03-31,12,99.6,5
GOIÂNIA,3ª Vara de Família,2026-04-30,12,100.0,6
GOIÂNIA,3ª Vara de Família,2026-05-31,12,100.0,7
GOIÂNIA,3ª Vara de Família,2026-06-30,12,100.0,8
GOIÂNIA,3ª Vara de Família,2026-07-31,12,100.0,9
GOIÂNIA,3ª Vara de Família,2026-08-31,12,100.0,10
GOIÂNIA,3ª Vara de Família,2026-09-30,12,100.0,11
GOIÂNIA,3ª Vara de Família,2026-10-31,12,100.0,12
GOIÂNIA,3º Juizado Especial Criminal,2025-11-30,12,29.1,1
GOIÂNIA,3º Juizado Especial Criminal,2025-12-31,12,29.87,2
GOIÂNIA,3º Juizado Especial Criminal,2026-01-31,12,30.63,3
GOIÂNIA,3º Juizado Especial Criminal,2026-02-28,12,31.32,4
GOIÂNIA,3º Juizado Especial Criminal,2026-03-31,12,32.08,5
GOIÂNIA,3º Juizado Especial Criminal,2026-04-30,12,32.82,6
GOIÂNIA,3º Juizado Especial Criminal,2026-05-31,12,33.58,7
GOIÂNIA,3º Juizado Especial Criminal,2026-06-30,12,34.32,8
GOIÂNIA,3º Juizado Especial Criminal,2026-07-31,12,35.08,9
GOIÂNIA,3º Juizado Especial Criminal,2026-08-31,12,35.85,10
GOIÂNIA,3º Juizado Especial Criminal,2026-09-30,12,36.59,11
GOIÂNIA,3º Juizado Especial Criminal,2026-10-31,12,37.35,12
GOIÂNIA,3º Juizado Especial Cível,2025-11-30,12,60.56,1
GOIÂNIA,3º Juizado Especial Cível,2025-12-31,12,62.11,2
GOIÂNIA,3º Juizado Especial Cível,2026-01-31,12,63.67,3
GOIÂNIA,3º Juizado Especial Cível,2026-02-28,12,65.07,4
GOIÂNIA,3º Juizado Especial Cível,2026-03-31,12,66.63,5
GOIÂNIA,3º Juizado Especial Cível,2026-04-30,12,68.13,6
GOIÂNIA,3º Juizado Especial Cível,2026-05-31,12,69.68,7
GOIÂNIA,3º Juizado Especial Cível,2026-06-30,12,71.19,8
GOIÂNIA,3º Juizado Especial Cível,2026-07-31,12,72.74,9
GOIÂNIA,3º Juizado Especial Cível,2026-08-31,12,74.3,10
GOIÂNIA,3º Juizado Especial Cível,2026-09-30,12,75.8,11
GOIÂNIA,3º Juizado Especial Cível,2026-10-31,12,77.36,12
GOIÂNIA,3º Juizado de Violência Doméstica e Familiar contra a Mulher,2025-11-30,12,71.44,1
GOIÂNIA,3º Juizado de Violência Doméstica e Familiar contra a Mulher,2025-12-31,12,72.34,2
GOIÂNIA,3º Juizado de Violência Doméstica e Familiar contra a Mulher,2026-01-31,12,73.24,3
GOIÂNIA,3º Juizado de Violência Doméstica e Familiar contra a Mulher,2026-02-28,12,74.05,4
GOIÂNIA,3º Juizado de Violência Doméstica e Familiar contra a Mulher,2026-03-31,12,74.95,5
GOIÂNIA,3º Juizado de Violência Doméstica e Familiar contra a Mulher,2026-04-30,12,75.82,6
GOIÂNIA,3º Juizado de Violência Doméstica e Familiar contra a Mulher,2026-05-31,12,76.72,7
GOIÂNIA,3º Juizado de Violência Doméstica e Familiar contra a Mulher,2026-06-30,12,77.59,8
GOIÂNIA,3º Juizado de Violência Doméstica e Familiar contra a Mulher,2026-07-31,12,78.48,9
GOIÂNIA,3º Juizado de Violência Doméstica e Familiar contra a Mulher,2026-08-31,12,79.38,10
GOIÂNIA,3º Juizado de Violência Doméstica e Familiar contra a Mulher,2026-09-30,12,80.25,11
GOIÂNIA,3º Juizado de Violência Doméstica e Familiar contra a Mulher,2026-10-31,12,81.15,12
GOIÂNIA,3º Juízo do Núcleo de Justiça 4.0 especializado em matéria de Juizado Especial da Fazenda Pública,2025-11-30,12,90.68,1
GOIÂNIA,3º Juízo do Núcleo de Justiça 4.0 especializado em matéria de Juizado Especial da Fazenda Pública,2025-12-31,12,91.11,2
GOIÂNIA,3º Juízo do Núcleo de Justiça 4.0 especializado em matéria de Juizado Especial da Fazenda Pública,2026-01-31,12,91.53,3
GOIÂNIA,3º Juízo do Núcleo de Justiça 4.0 especializado em matéria de Juizado Especial da Fazenda Pública,2026-02-28,12,91.91,4
GOIÂNIA,3º Juízo do Núcleo de Justiça 4.0 especializado em matéria de Juizado Especial da Fazenda Pública,2026-03-31,12,92.33,5
GOIÂNIA,3º Juízo do Núcleo de Justiça 4.0 especializado em matéria de Juizado Especial da Fazenda Pública,2026-04-30,12,92.74,6
GOIÂNIA,3º Juízo do Núcleo de Justiça 4.0 especializado em matéria de Juizado Especial da Fazenda Pública,2026-05-31,12,93.16,7
GOIÂNIA,3º Juízo do Núcleo de Justiça 4.0 especializado em matéria de Juizado Especial da Fazenda Pública,2026-06-30,12,93.57,8
GOIÂNIA,3º Juízo do Núcleo de Justiça 4.0 especializado em matéria de Juizado Especial da Fazenda Pública,2026-07-31,12,93.99,9
GOIÂNIA,3º Juízo do Núcleo de Justiça 4.0 especializado em matéria de Juizado Especial da Fazenda Pública,2026-08-31,12,94.42,10
GOIÂNIA,3º Juízo do Núcleo de Justiça 4.0 especializado em matéria de Juizado Especial da Fazenda Pública,2026-09-30,12,94.83,11
GOIÂNIA,3º Juízo do Núcleo de Justiça 4.0 especializado em matéria de Juizado Especial da Fazenda Pública,2026-10-31,12,95.25,12
GOIÂNIA,4ª Vara Criminal dos Crimes Dolosos contra a Vida e Tribunal do Júri,2025-11-30,12,86.2,1
GOIÂNIA,4ª Vara Criminal dos Crimes Dolosos contra a Vida e Tribunal do Júri,2025-12-31,12,86.7,2
GOIÂNIA,4ª Vara Criminal dos Crimes Dolosos contra a Vida e Tribunal do Júri,2026-01-31,12,87.21,3
GOIÂNIA,4ª Vara Criminal dos Crimes Dolosos contra a Vida e Tribunal do Júri,2026-02-28,12,87.66,4
GOIÂNIA,4ª Vara Criminal dos Crimes Dolosos contra a Vida e Tribunal do Júri,2026-03-31,12,88.17,5
GOIÂNIA,4ª Vara Criminal dos Crimes Dolosos contra a Vida e Tribunal do Júri,2026-04-30,12,88.65,6
GOIÂNIA,4ª Vara Criminal dos Crimes Dolosos contra a Vida e Tribunal do Júri,2026-05-31,12,89.16,7
GOIÂNIA,4ª Vara Criminal dos Crimes Dolosos contra a Vida e Tribunal do Júri,2026-06-30,12,89.65,8
GOIÂNIA,4ª Vara Criminal dos Crimes Dolosos contra a Vida e Tribunal do Júri,2026-07-31,12,90.15,9
GOIÂNIA,4ª Vara Criminal dos Crimes Dolosos contra a Vida e Tribunal do Júri,2026-08-31,12,90.66,10
GOIÂNIA,4ª Vara Criminal dos Crimes Dolosos contra a Vida e Tribunal do Júri,2026-09-30,12,91.14,11
GOIÂNIA,4ª Vara Criminal dos Crimes Dolosos contra a Vida e Tribunal do Júri,2026-10-31,12,91.65,12
GOIÂNIA,4ª Vara Criminal dos crimes punidos com reclusão e detenção,2025-11-30,12,100.0,1
GOIÂNIA,4ª Vara Criminal dos crimes punidos com reclusão e detenção,2025-12-31,12,100.0,2
GOIÂNIA,4ª Vara Criminal dos crimes punidos com reclusão e detenção,2026-01-31,12,100.0,3
GOIÂNIA,4ª Vara Criminal dos crimes punidos com reclusão e detenção,2026-02-28,12,100.0,4
GOIÂNIA,4ª Vara Criminal dos crimes punidos com reclusão e detenção,2026-03-31,12,100.0,5
GOIÂNIA,4ª Vara Criminal dos crimes punidos com reclusão e detenção,2026-04-30,12,100.0,6
GOIÂNIA,4ª Vara Criminal dos crimes punidos com reclusão e detenção,2026-05-31,12,100.0,7
GOIÂNIA,4ª Vara Criminal dos crimes punidos com reclusão e detenção,2026-06-30,12,100.0,8
GOIÂNIA,4ª Vara Criminal dos crimes punidos com reclusão e detenção,2026-07-31,12,100.0,9
GOIÂNIA,4ª Vara Criminal dos crimes punidos com reclusão e detenção,2026-08-31,12,100.0,10
GOIÂNIA,4ª Vara Criminal dos crimes punidos com reclusão e detenção,2026-09-30,12,100.0,11
GOIÂNIA,4ª Vara Criminal dos crimes punidos com reclusão e detenção,2026-10-31,12,100.0,12
GOIÂNIA,4ª Vara Cível,2025-11-30,12,100.0,1
GOIÂNIA,4ª Vara Cível,2025-12-31,12,100.0,2
GOIÂNIA,4ª Vara Cível,2026-01-31,12,100.0,3
GOIÂNIA,4ª Vara Cível,2026-02-28,12,100.0,4
GOIÂNIA,4ª Vara Cível,2026-03-31,12,100.0,5
GOIÂNIA,4ª Vara Cível,2026-04-30,12,100.0,6
GOIÂNIA,4ª Vara Cível,2026-05-31,12,100.0,7
GOIÂNIA,4ª Vara Cível,2026-06-30,12,100.0,8
GOIÂNIA,4ª Vara Cível,2026-07-31,12,100.0,9
GOIÂNIA,4ª Vara Cível,2026-08-31,12,100.0,10
GOIÂNIA,4ª Vara Cível,2026-09-30,12,100.0,11
GOIÂNIA,4ª Vara Cível,2026-10-31,12,100.0,12
GOIÂNIA,4ª Vara da Faz. Púb. Mun. e de Reg. Púb.,2025-11-30,12,93.21,1
GOIÂNIA,4ª Vara da Faz. Púb. Mun. e de Reg. Púb.,2025-12-31,12,93.17,2
GOIÂNIA,4ª Vara da Faz. Púb. Mun. e de Reg. Púb.,2026-01-31,12,93.14,3
GOIÂNIA,4ª Vara da Faz. Púb. Mun. e de Reg. Púb.,2026-02-28,12,93.11,4
GOIÂNIA,4ª Vara da Faz. Púb. Mun. e de Reg. Púb.,2026-03-31,12,93.08,5
GOIÂNIA,4ª Vara da Faz. Púb. Mun. e de Reg. Púb.,2026-04-30,12,93.05,6
GOIÂNIA,4ª Vara da Faz. Púb. Mun. e de Reg. Púb.,2026-05-31,12,93.02,7
GOIÂNIA,4ª Vara da Faz. Púb. Mun. e de Reg. Púb.,2026-06-30,12,92.98,8
GOIÂNIA,4ª Vara da Faz. Púb. Mun. e de Reg. Púb.,2026-07-31,12,92.95,9
GOIÂNIA,4ª Vara da Faz. Púb. Mun. e de Reg. Púb.,2026-08-31,12,92.92,10
GOIÂNIA,4ª Vara da Faz. Púb. Mun. e de Reg. Púb.,2026-09-30,12,92.89,11
GOIÂNIA,4ª Vara da Faz. Púb. Mun. e de Reg. Púb.,2026-10-31,12,92.86,12
GOIÂNIA,4ª Vara da Fazenda Pública Estadual,2025-11-30,12,98.22,1
GOIÂNIA,4ª Vara da Fazenda Pública Estadual,2025-12-31,12,98.19,2
GOIÂNIA,4ª Vara da Fazenda Pública Estadual,2026-01-31,12,98.15,3
GOIÂNIA,4ª Vara da Fazenda Pública Estadual,2026-02-28,12,98.12,4
GOIÂNIA,4ª Vara da Fazenda Pública Estadual,2026-03-31,12,98.09,5
GOIÂNIA,4ª Vara da Fazenda Pública Estadual,2026-04-30,12,98.06,6
GOIÂNIA,4ª Vara da Fazenda Pública Estadual,2026-05-31,12,98.03,7
GOIÂNIA,4ª Vara da Fazenda Pública Estadual,2026-06-30,12,98.0,8
GOIÂNIA,4ª Vara da Fazenda Pública Estadual,2026-07-31,12,97.97,9
GOIÂNIA,4ª Vara da Fazenda Pública Estadual,2026-08-31,12,97.93,10
GOIÂNIA,4ª Vara da Fazenda Pública Estadual,2026-09-30,12,97.9,11
GOIÂNIA,4ª Vara da Fazenda Pública Estadual,2026-10-31,12,97.87,12
GOIÂNIA,4ª Vara de Família,2025-11-30,12,90.52,1
GOIÂNIA,4ª Vara de Família,2025-12-31,12,90.92,2
GOIÂNIA,4ª Vara de Família,2026-01-31,12,91.31,3
GOIÂNIA,4ª Vara de Família,2026-02-28,12,91.67,4
GOIÂNIA,4ª Vara de Família,2026-03-31,12,92.06,5
GOIÂNIA,4ª Vara de Família,2026-04-30,12,92.44,6
GOIÂNIA,4ª Vara de Família,2026-05-31,12,92.84,7
GOIÂNIA,4ª Vara de Família,2026-06-30,12,93.22,8
GOIÂNIA,4ª Vara de Família,2026-07-31,12,93.61,9
GOIÂNIA,4ª Vara de Família,2026-08-31,12,94.01,10
GOIÂNIA,4ª Vara de Família,2026-09-30,12,94.39,11
GOIÂNIA,4ª Vara de Família,2026-10-31,12,94.78,12
GOIÂNIA,4º Juizado Especial Cível,2025-11-30,12,68.49,1
GOIÂNIA,4º Juizado Especial Cível,2025-12-31,12,70.23,2
GOIÂNIA,4º Juizado Especial Cível,2026-01-31,12,71.96,3
GOIÂNIA,4º Juizado Especial Cível,2026-02-28,12,73.53,4
GOIÂNIA,4º Juizado Especial Cível,2026-03-31,12,75.26,5
GOIÂNIA,4º Juizado Especial Cível,2026-04-30,12,76.94,6
GOIÂNIA,4º Juizado Especial Cível,2026-05-31,12,78.67,7
GOIÂNIA,4º Juizado Especial Cível,2026-06-30,12,80.35,8
GOIÂNIA,4º Juizado Especial Cível,2026-07-31,12,82.09,9
GOIÂNIA,4º Juizado Especial Cível,2026-08-31,12,83.82,10
GOIÂNIA,4º Juizado Especial Cível,2026-09-30,12,85.5,11
GOIÂNIA,4º Juizado Especial Cível,2026-10-31,12,87.23,12
GOIÂNIA,4º Juizado de Violência Doméstica e Familiar contra a Mulher,2025-11-30,12,83.33,1
GOIÂNIA,4º Juizado de Violência Doméstica e Familiar contra a Mulher,2025-12-31,12,84.57,2
GOIÂNIA,4º Juizado de Violência Doméstica e Familiar contra a Mulher,2026-01-31,12,85.82,3
GOIÂNIA,4º Juizado de Violência Doméstica e Familiar contra a Mulher,2026-02-28,12,86.95,4
GOIÂNIA,4º Juizado de Violência Doméstica e Familiar contra a Mulher,2026-03-31,12,88.19,5
GOIÂNIA,4º Juizado de Violência Doméstica e Familiar contra a Mulher,2026-04-30,12,89.4,6
GOIÂNIA,4º Juizado de Violência Doméstica e Familiar contra a Mulher,2026-05-31,12,90.64,7
GOIÂNIA,4º Juizado de Violência Doméstica e Familiar contra a Mulher,2026-06-30,12,91.85,8
GOIÂNIA,4º Juizado de Violência Doméstica e Familiar contra a Mulher,2026-07-31,12,93.1,9
GOIÂNIA,4º Juizado de Violência Doméstica e Familiar contra a Mulher,2026-08-31,12,94.34,10
GOIÂNIA,4º Juizado de Violência Doméstica e Familiar contra a Mulher,2026-09-30,12,95.55,11
GOIÂNIA,4º Juizado de Violência Doméstica e Familiar contra a Mulher,2026-10-31,12,96.8,12
GOIÂNIA,4º Juízo do Núcleo de Justiça 4.0 especializado em matéria de Juizado Especial da Fazenda Pública,2025-11-30,12,85.11,1
GOIÂNIA,4º Juízo do Núcleo de Justiça 4.0 especializado em matéria de Juizado Especial da Fazenda Pública,2025-12-31,12,85.12,2
GOIÂNIA,4º Juízo do Núcleo de Justiça 4.0 especializado em matéria de Juizado Especial da Fazenda Pública,2026-01-31,12,85.12,3
GOIÂNIA,4º Juízo do Núcleo de Justiça 4.0 especializado em matéria de Juizado Especial da Fazenda Pública,2026-02-28,12,85.13,4
GOIÂNIA,4º Juízo do Núcleo de Justiça 4.0 especializado em matéria de Juizado Especial da Fazenda Pública,2026-03-31,12,85.14,5
GOIÂNIA,4º Juízo do Núcleo de Justiça 4.0 especializado em matéria de Juizado Especial da Fazenda Pública,2026-04-30,12,85.15,6
GOIÂNIA,4º Juízo do Núcleo de Justiça 4.0 especializado em matéria de Juizado Especial da Fazenda Pública,2026-05-31,12,85.15,7
GOIÂNIA,4º Juízo do Núcleo de Justiça 4.0 especializado em matéria de Juizado Especial da Fazenda Pública,2026-06-30,12,85.16,8
GOIÂNIA,4º Juízo do Núcleo de Justiça 4.0 especializado em matéria de Juizado Especial da Fazenda Pública,2026-07-31,12,85.17,9
GOIÂNIA,4º Juízo do Núcleo de Justiça 4.0 especializado em matéria de Juizado Especial da Fazenda Pública,2026-08-31,12,85.17,10
GOIÂNIA,4º Juízo do Núcleo de Justiça 4.0 especializado em matéria de Juizado Especial da Fazenda Pública,2026-09-30,12,85.18,11
GOIÂNIA,4º Juízo do Núcleo de Justiça 4.0 especializado em matéria de Juizado Especial da Fazenda Pública,2026-10-31,12,85.19,12
GOIÂNIA,5ª Vara Criminal dos crimes punidos com reclusão e detenção,2025-11-30,12,100.0,1
GOIÂNIA,5ª Vara Criminal dos crimes punidos com reclusão e detenção,2025-12-31,12,100.0,2
GOIÂNIA,5ª Vara Criminal dos crimes punidos com reclusão e detenção,2026-01-31,12,100.0,3
GOIÂNIA,5ª Vara Criminal dos crimes punidos com reclusão e detenção,2026-02-28,12,100.0,4
GOIÂNIA,5ª Vara Criminal dos crimes punidos com reclusão e detenção,2026-03-31,12,100.0,5
GOIÂNIA,5ª Vara Criminal dos crimes punidos com reclusão e detenção,2026-04-30,12,100.0,6
GOIÂNIA,5ª Vara Criminal dos crimes punidos com reclusão e detenção,2026-05-31,12,100.0,7
GOIÂNIA,5ª Vara Criminal dos crimes punidos com reclusão e detenção,2026-06-30,12,100.0,8
GOIÂNIA,5ª Vara Criminal dos crimes punidos com reclusão e detenção,2026-07-31,12,100.0,9
GOIÂNIA,5ª Vara Criminal dos crimes punidos com reclusão e detenção,2026-08-31,12,100.0,10
GOIÂNIA,5ª Vara Criminal dos crimes punidos com reclusão e detenção,2026-09-30,12,100.0,11
GOIÂNIA,5ª Vara Criminal dos crimes punidos com reclusão e detenção,2026-10-31,12,100.0,12
GOIÂNIA,5ª Vara Cível e de Arbitragem,2025-11-30,12,93.22,1
GOIÂNIA,5ª Vara Cível e de Arbitragem,2025-12-31,12,93.21,2
GOIÂNIA,5ª Vara Cível e de Arbitragem,2026-01-31,12,93.2,3
GOIÂNIA,5ª Vara Cível e de Arbitragem,2026-02-28,12,93.19,4
GOIÂNIA,5ª Vara Cível e de Arbitragem,2026-03-31,12,93.18,5
GOIÂNIA,5ª Vara Cível e de Arbitragem,2026-04-30,12,93.16,6
GOIÂNIA,5ª Vara Cível e de Arbitragem,2026-05-31,12,93.15,7
GOIÂNIA,5ª Vara Cível e de Arbitragem,2026-06-30,12,93.14,8
GOIÂNIA,5ª Vara Cível e de Arbitragem,2026-07-31,12,93.13,9
GOIÂNIA,5ª Vara Cível e de Arbitragem,2026-08-31,12,93.12,10
GOIÂNIA,5ª Vara Cível e de Arbitragem,2026-09-30,12,93.1,11
GOIÂNIA,5ª Vara Cível e de Arbitragem,2026-10-31,12,93.09,12
GOIÂNIA,5ª Vara da Fazenda Pública Estadual,2025-11-30,12,94.99,1
GOIÂNIA,5ª Vara da Fazenda Pública Estadual,2025-12-31,12,94.99,2
GOIÂNIA,5ª Vara da Fazenda Pública Estadual,2026-01-31,12,94.99,3
GOIÂNIA,5ª Vara da Fazenda Pública Estadual,2026-02-28,12,94.99,4
GOIÂNIA,5ª Vara da Fazenda Pública Estadual,2026-03-31,12,94.99,5
GOIÂNIA,5ª Vara da Fazenda Pública Estadual,2026-04-30,12,94.99,6
GOIÂNIA,5ª Vara da Fazenda Pública Estadual,2026-05-31,12,94.99,7
GOIÂNIA,5ª Vara da Fazenda Pública Estadual,2026-06-30,12,94.99,8
GOIÂNIA,5ª Vara da Fazenda Pública Estadual,2026-07-31,12,94.99,9
GOIÂNIA,5ª Vara da Fazenda Pública Estadual,2026-08-31,12,95.0,10
GOIÂNIA,5ª Vara da Fazenda Pública Estadual,2026-09-30,12,95.0,11
GOIÂNIA,5ª Vara da Fazenda Pública Estadual,2026-10-31,12,95.0,12
GOIÂNIA,5ª Vara da Fazenda Pública Municipal e de Registros Públicos – Execução Fiscal,2025-11-30,12,92.57,1
GOIÂNIA,5ª Vara da Fazenda Pública Municipal e de Registros Públicos – Execução Fiscal,2025-12-31,12,92.59,2
GOIÂNIA,5ª Vara da Fazenda Pública Municipal e de Registros Públicos – Execução Fiscal,2026-01-31,12,92.61,3
GOIÂNIA,5ª Vara da Fazenda Pública Municipal e de Registros Públicos – Execução Fiscal,2026-02-28,12,92.62,4
GOIÂNIA,5ª Vara da Fazenda Pública Municipal e de Registros Públicos – Execução Fiscal,2026-03-31,12,92.64,5
GOIÂNIA,5ª Vara da Fazenda Pública Municipal e de Registros Públicos – Execução Fiscal,2026-04-30,12,92.65,6
GOIÂNIA,5ª Vara da Fazenda Pública Municipal e de Registros Públicos – Execução Fiscal,2026-05-31,12,92.67,7
GOIÂNIA,5ª Vara da Fazenda Pública Municipal e de Registros Públicos – Execução Fiscal,2026-06-30,12,92.69,8
GOIÂNIA,5ª Vara da Fazenda Pública Municipal e de Registros Públicos – Execução Fiscal,2026-07-31,12,92.7,9
GOIÂNIA,5ª Vara da Fazenda Pública Municipal e de Registros Públicos – Execução Fiscal,2026-08-31,12,92.72,10
GOIÂNIA,5ª Vara da Fazenda Pública Municipal e de Registros Públicos – Execução Fiscal,2026-09-30,12,92.74,11
GOIÂNIA,5ª Vara da Fazenda Pública Municipal e de Registros Públicos – Execução Fiscal,2026-10-31,12,92.75,12
GOIÂNIA,5ª Vara de Família,2025-11-30,12,92.14,1
GOIÂNIA,5ª Vara de Família,2025-12-31,12,92.55,2
GOIÂNIA,5ª Vara de Família,2026-01-31,12,92.95,3
GOIÂNIA,5ª Vara de Família,2026-02-28,12,93.32,4
GOIÂNIA,5ª Vara de Família,2026-03-31,12,93.73,5
GOIÂNIA,5ª Vara de Família,2026-04-30,12,94.12,6
GOIÂNIA,5ª Vara de Família,2026-05-31,12,94.52,7
GOIÂNIA,5ª Vara de Família,2026-06-30,12,94.92,8
GOIÂNIA,5ª Vara de Família,2026-07-31,12,95.32,9
GOIÂNIA,5ª Vara de Família,2026-08-31,12,95.73,10
GOIÂNIA,5ª Vara de Família,2026-09-30,12,96.12,11
GOIÂNIA,5ª Vara de Família,2026-10-31,12,96.53,12
GOIÂNIA,5º Juizado Especial Cível,2025-11-30,12,71.33,1
GOIÂNIA,5º Juizado Especial Cível,2025-12-31,12,72.93,2
GOIÂNIA,5º Juizado Especial Cível,2026-01-31,12,74.54,3
GOIÂNIA,5º Juizado Especial Cível,2026-02-28,12,75.99,4
GOIÂNIA,5º Juizado Especial Cível,2026-03-31,12,77.6,5
GOIÂNIA,5º Juizado Especial Cível,2026-04-30,12,79.15,6
GOIÂNIA,5º Juizado Especial Cível,2026-05-31,12,80.76,7
GOIÂNIA,5º Juizado Especial Cível,2026-06-30,12,82.31,8
GOIÂNIA,5º Juizado Especial Cível,2026-07-31,12,83.92,9
GOIÂNIA,5º Juizado Especial Cível,2026-08-31,12,85.52,10
GOIÂNIA,5º Juizado Especial Cível,2026-09-30,12,87.08,11
GOIÂNIA,5º Juizado Especial Cível,2026-10-31,12,88.68,12
GOIÂNIA,6ª Vara Criminal dos crimes punidos com reclusão e detenção,2025-11-30,12,100.0,1
GOIÂNIA,6ª Vara Criminal dos crimes punidos com reclusão e detenção,2025-12-31,12,100.0,2
GOIÂNIA,6ª Vara Criminal dos crimes punidos com reclusão e detenção,2026-01-31,12,100.0,3
GOIÂNIA,6ª Vara Criminal dos crimes punidos com reclusão e detenção,2026-02-28,12,100.0,4
GOIÂNIA,6ª Vara Criminal dos crimes punidos com reclusão e detenção,2026-03-31,12,100.0,5
GOIÂNIA,6ª Vara Criminal dos crimes punidos com reclusão e detenção,2026-04-30,12,100.0,6
GOIÂNIA,6ª Vara Criminal dos crimes punidos com reclusão e detenção,2026-05-31,12,100.0,7
GOIÂNIA,6ª Vara Criminal dos crimes punidos com reclusão e detenção,2026-06-30,12,100.0,8
GOIÂNIA,6ª Vara Criminal dos crimes punidos com reclusão e detenção,2026-07-31,12,100.0,9
GOIÂNIA,6ª Vara Criminal dos crimes punidos com reclusão e detenção,2026-08-31,12,100.0,10
GOIÂNIA,6ª Vara Criminal dos crimes punidos com reclusão e detenção,2026-09-30,12,100.0,11
GOIÂNIA,6ª Vara Criminal dos crimes punidos com reclusão e detenção,2026-10-31,12,100.0,12
GOIÂNIA,6ª Vara Cível,2025-11-30,12,95.95,1
GOIÂNIA,6ª Vara Cível,2025-12-31,12,96.18,2
GOIÂNIA,6ª Vara Cível,2026-01-31,12,96.41,3
GOIÂNIA,6ª Vara Cível,2026-02-28,12,96.62,4
GOIÂNIA,6ª Vara Cível,2026-03-31,12,96.85,5
GOIÂNIA,6ª Vara Cível,2026-04-30,12,97.07,6
GOIÂNIA,6ª Vara Cível,2026-05-31,12,97.3,7
GOIÂNIA,6ª Vara Cível,2026-06-30,12,97.52,8
GOIÂNIA,6ª Vara Cível,2026-07-31,12,97.75,9
GOIÂNIA,6ª Vara Cível,2026-08-31,12,97.98,10
GOIÂNIA,6ª Vara Cível,2026-09-30,12,98.2,11
GOIÂNIA,6ª Vara Cível,2026-10-31,12,98.43,12
GOIÂNIA,6ª Vara da Fazenda Pública Estadual,2025-11-30,12,94.71,1
GOIÂNIA,6ª Vara da Fazenda Pública Estadual,2025-12-31,12,94.68,2
GOIÂNIA,6ª Vara da Fazenda Pública Estadual,2026-01-31,12,94.65,3
GOIÂNIA,6ª Vara da Fazenda Pública Estadual,2026-02-28,12,94.62,4
GOIÂNIA,6ª Vara da Fazenda Pública Estadual,2026-03-31,12,94.59,5
GOIÂNIA,6ª Vara da Fazenda Pública Estadual,2026-04-30,12,94.56,6
GOIÂNIA,6ª Vara da Fazenda Pública Estadual,2026-05-31,12,94.52,7
GOIÂNIA,6ª Vara da Fazenda Pública Estadual,2026-06-30,12,94.49,8
GOIÂNIA,6ª Vara da Fazenda Pública Estadual,2026-07-31,12,94.46,9
GOIÂNIA,6ª Vara da Fazenda Pública Estadual,2026-08-31,12,94.43,10
GOIÂNIA,6ª Vara da Fazenda Pública Estadual,2026-09-30,12,94.4,11
GOIÂNIA,6ª Vara da Fazenda Pública Estadual,2026-10-31,12,94.36,12
GOIÂNIA,6ª Vara de Família,2025-11-30,12,92.64,1
GOIÂNIA,6ª Vara de Família,2025-12-31,12,94.1,2
GOIÂNIA,6ª Vara de Família,2026-01-31,12,95.57,3
GOIÂNIA,6ª Vara de Família,2026-02-28,12,96.89,4
GOIÂNIA,6ª Vara de Família,2026-03-31,12,98.35,5
GOIÂNIA,6ª Vara de Família,2026-04-30,12,99.77,6
GOIÂNIA,6ª Vara de Família,2026-05-31,12,100.0,7
GOIÂNIA,6ª Vara de Família,2026-06-30,12,100.0,8
GOIÂNIA,6ª Vara de Família,2026-07-31,12,100.0,9
GOIÂNIA,6ª Vara de Família,2026-08-31,12,100.0,10
GOIÂNIA,6ª Vara de Família,2026-09-30,12,100.0,11
GOIÂNIA,6ª Vara de Família,2026-10-31,12,100.0,12
GOIÂNIA,6º Juizado Especial Cível,2025-11-30,12,74.89,1
GOIÂNIA,6º Juizado Especial Cível,2025-12-31,12,76.71,2
GOIÂNIA,6º Juizado Especial Cível,2026-01-31,12,78.53,3
GOIÂNIA,6º Juizado Especial Cível,2026-02-28,12,80.18,4
GOIÂNIA,6º Juizado Especial Cível,2026-03-31,12,82.0,5
GOIÂNIA,6º Juizado Especial Cível,2026-04-30,12,83.76,6
GOIÂNIA,6º Juizado Especial Cível,2026-05-31,12,85.58,7
GOIÂNIA,6º Juizado Especial Cível,2026-06-30,12,87.34,8
GOIÂNIA,6º Juizado Especial Cível,2026-07-31,12,89.17,9
GOIÂNIA,6º Juizado Especial Cível,2026-08-31,12,90.99,10
GOIÂNIA,6º Juizado Especial Cível,2026-09-30,12,92.75,11
GOIÂNIA,6º Juizado Especial Cível,2026-10-31,12,94.57,12
GOIÂNIA,7ª Vara Criminal dos crimes punidos com reclusão e detenção,2025-11-30,12,100.0,1
GOIÂNIA,7ª Vara Criminal dos crimes punidos com reclusão e detenção,2025-12-31,12,100.0,2
GOIÂNIA,7ª Vara Criminal dos crimes punidos com reclusão e detenção,2026-01-31,12,100.0,3
GOIÂNIA,7ª Vara Criminal dos crimes punidos com reclusão e detenção,2026-02-28,12,100.0,4
GOIÂNIA,7ª Vara Criminal dos crimes punidos com reclusão e detenção,2026-03-31,12,100.0,5
GOIÂNIA,7ª Vara Criminal dos crimes punidos com reclusão e detenção,2026-04-30,12,100.0,6
GOIÂNIA,7ª Vara Criminal dos crimes punidos com reclusão e detenção,2026-05-31,12,100.0,7
GOIÂNIA,7ª Vara Criminal dos crimes punidos com reclusão e detenção,2026-06-30,12,100.0,8
GOIÂNIA,7ª Vara Criminal dos crimes punidos com reclusão e detenção,2026-07-31,12,100.0,9
GOIÂNIA,7ª Vara Criminal dos crimes punidos com reclusão e detenção,2026-08-31,12,100.0,10
GOIÂNIA,7ª Vara Criminal dos crimes punidos com reclusão e detenção,2026-09-30,12,100.0,11
GOIÂNIA,7ª Vara Criminal dos crimes punidos com reclusão e detenção,2026-10-31,12,100.0,12
GOIÂNIA,7ª Vara Cível,2025-11-30,12,90.42,1
GOIÂNIA,7ª Vara Cível,2025-12-31,12,90.3,2
GOIÂNIA,7ª Vara Cível,2026-01-31,12,90.18,3
GOIÂNIA,7ª Vara Cível,2026-02-28,12,90.07,4
GOIÂNIA,7ª Vara Cível,2026-03-31,12,89.95,5
GOIÂNIA,7ª Vara Cível,2026-04-30,12,89.83,6
GOIÂNIA,7ª Vara Cível,2026-05-31,12,89.71,7
GOIÂNIA,7ª Vara Cível,2026-06-30,12,89.59,8
GOIÂNIA,7ª Vara Cível,2026-07-31,12,89.47,9
GOIÂNIA,7ª Vara Cível,2026-08-31,12,89.35,10
GOIÂNIA,7ª Vara Cível,2026-09-30,12,89.23,11
GOIÂNIA,7ª Vara Cível,2026-10-31,12,89.11,12
GOIÂNIA,7ª Vara da Fazenda Pública Estadual,2025-11-30,12,93.77,1
GOIÂNIA,7ª Vara da Fazenda Pública Estadual,2025-12-31,12,93.7,2
GOIÂNIA,7ª Vara da Fazenda Pública Estadual,2026-01-31,12,93.63,3
GOIÂNIA,7ª Vara da Fazenda Pública Estadual,2026-02-28,12,93.57,4
GOIÂNIA,7ª Vara da Fazenda Pública Estadual,2026-03-31,12,93.5,5
GOIÂNIA,7ª Vara da Fazenda Pública Estadual,2026-04-30,12,93.44,6
GOIÂNIA,7ª Vara da Fazenda Pública Estadual,2026-05-31,12,93.37,7
GOIÂNIA,7ª Vara da Fazenda Pública Estadual,2026-06-30,12,93.3,8
GOIÂNIA,7ª Vara da Fazenda Pública Estadual,2026-07-31,12,93.23,9
GOIÂNIA,7ª Vara da Fazenda Pública Estadual,2026-08-31,12,93.16,10
GOIÂNIA,7ª Vara da Fazenda Pública Estadual,2026-09-30,12,93.1,11
GOIÂNIA,7ª Vara da Fazenda Pública Estadual,2026-10-31,12,93.03,12
GOIÂNIA,7ª Vara de Família,2025-11-30,12,92.58,1
GOIÂNIA,7ª Vara de Família,2025-12-31,12,93.06,2
GOIÂNIA,7ª Vara de Família,2026-01-31,12,93.54,3
GOIÂNIA,7ª Vara de Família,2026-02-28,12,93.98,4
GOIÂNIA,7ª Vara de Família,2026-03-31,12,94.46,5
GOIÂNIA,7ª Vara de Família,2026-04-30,12,94.92,6
GOIÂNIA,7ª Vara de Família,2026-05-31,12,95.4,7
GOIÂNIA,7ª Vara de Família,2026-06-30,12,95.87,8
GOIÂNIA,7ª Vara de Família,2026-07-31,12,96.35,9
GOIÂNIA,7ª Vara de Família,2026-08-31,12,96.83,10
GOIÂNIA,7ª Vara de Família,2026-09-30,12,97.29,11
GOIÂNIA,7ª Vara de Família,2026-10-31,12,97.78,12
GOIÂNIA,7º Juizado Especial Cível,2025-11-30,12,77.39,1
GOIÂNIA,7º Juizado Especial Cível,2025-12-31,12,78.59,2
GOIÂNIA,7º Juizado Especial Cível,2026-01-31,12,79.79,3
GOIÂNIA,7º Juizado Especial Cível,2026-02-28,12,80.87,4
GOIÂNIA,7º Juizado Especial Cível,2026-03-31,12,82.06,5
GOIÂNIA,7º Juizado Especial Cível,2026-04-30,12,83.22,6
GOIÂNIA,7º Juizado Especial Cível,2026-05-31,12,84.42,7
GOIÂNIA,7º Juizado Especial Cível,2026-06-30,12,85.58,8
GOIÂNIA,7º Juizado Especial Cível,2026-07-31,12,86.77,9
GOIÂNIA,7º Juizado Especial Cível,2026-08-31,12,87.97,10
GOIÂNIA,7º Juizado Especial Cível,2026-09-30,12,89.13,11
GOIÂNIA,7º Juizado Especial Cível,2026-10-31,12,90.32,12
GOIÂNIA,8ª Vara Criminal dos crimes punidos com reclusão e detenção,2025-11-30,12,100.0,1
GOIÂNIA,8ª Vara Criminal dos crimes punidos com reclusão e detenção,2025-12-31,12,100.0,2
GOIÂNIA,8ª Vara Criminal dos crimes punidos com reclusão e detenção,2026-01-31,12,100.0,3
GOIÂNIA,8ª Vara Criminal dos crimes punidos com reclusão e detenção,2026-02-28,12,100.0,4
GOIÂNIA,8ª Vara Criminal dos crimes punidos com reclusão e detenção,2026-03-31,12,100.0,5
GOIÂNIA,8ª Vara Criminal dos crimes punidos com reclusão e detenção,2026-04-30,12,100.0,6
GOIÂNIA,8ª Vara Criminal dos crimes punidos com reclusão e detenção,2026-05-31,12,100.0,7
GOIÂNIA,8ª Vara Criminal dos crimes punidos com reclusão e detenção,2026-06-30,12,100.0,8
GOIÂNIA,8ª Vara Criminal dos crimes punidos com reclusão e detenção,2026-07-31,12,100.0,9
GOIÂNIA,8ª Vara Criminal dos crimes punidos com reclusão e detenção,2026-08-31,12,100.0,10
GOIÂNIA,8ª Vara Criminal dos crimes punidos com reclusão e detenção,2026-09-30,12,100.0,11
GOIÂNIA,8ª Vara Criminal dos crimes punidos com reclusão e detenção,2026-10-31,12,100.0,12
GOIÂNIA,8ª Vara Cível,2025-11-30,12,88.08,1
GOIÂNIA,8ª Vara Cível,2025-12-31,12,88.08,2
GOIÂNIA,8ª Vara Cível,2026-01-31,12,88.09,3
GOIÂNIA,8ª Vara Cível,2026-02-28,12,88.1,4
GOIÂNIA,8ª Vara Cível,2026-03-31,12,88.11,5
GOIÂNIA,8ª Vara Cível,2026-04-30,12,88.12,6
GOIÂNIA,8ª Vara Cível,2026-05-31,12,88.13,7
GOIÂNIA,8ª Vara Cível,2026-06-30,12,88.13,8
GOIÂNIA,8ª Vara Cível,2026-07-31,12,88.14,9
GOIÂNIA,8ª Vara Cível,2026-08-31,12,88.15,10
GOIÂNIA,8ª Vara Cível,2026-09-30,12,88.16,11
GOIÂNIA,8ª Vara Cível,2026-10-31,12,88.17,12
GOIÂNIA,8ª Vara da Fazenda Pública Estadual,2025-11-30,12,94.13,1
GOIÂNIA,8ª Vara da Fazenda Pública Estadual,2025-12-31,12,94.11,2
GOIÂNIA,8ª Vara da Fazenda Pública Estadual,2026-01-31,12,94.09,3
GOIÂNIA,8ª Vara da Fazenda Pública Estadual,2026-02-28,12,94.07,4
GOIÂNIA,8ª Vara da Fazenda Pública Estadual,2026-03-31,12,94.04,5
GOIÂNIA,8ª Vara da Fazenda Pública Estadual,2026-04-30,12,94.02,6
GOIÂNIA,8ª Vara da Fazenda Pública Estadual,2026-05-31,12,94.0,7
GOIÂNIA,8ª Vara da Fazenda Pública Estadual,2026-06-30,12,93.98,8
GOIÂNIA,8ª Vara da Fazenda Pública Estadual,2026-07-31,12,93.96,9
GOIÂNIA,8ª Vara da Fazenda Pública Estadual,2026-08-31,12,93.94,10
GOIÂNIA,8ª Vara da Fazenda Pública Estadual,2026-09-30,12,93.91,11
GOIÂNIA,8ª Vara da Fazenda Pública Estadual,2026-10-31,12,93.89,12
GOIÂNIA,8ª Vara de Família,2025-11-30,12,95.32,1
GOIÂNIA,8ª Vara de Família,2025-12-31,12,96.86,2
GOIÂNIA,8ª Vara de Família,2026-01-31,12,98.41,3
GOIÂNIA,8ª Vara de Família,2026-02-28,12,99.8,4
GOIÂNIA,8ª Vara de Família,2026-03-31,12,100.0,5
GOIÂNIA,8ª Vara de Família,2026-04-30,12,100.0,6
GOIÂNIA,8ª Vara de Família,2026-05-31,12,100.0,7
GOIÂNIA,8ª Vara de Família,2026-06-30,12,100.0,8
GOIÂNIA,8ª Vara de Família,2026-07-31,12,100.0,9
GOIÂNIA,8ª Vara de Família,2026-08-31,12,100.0,10
GOIÂNIA,8ª Vara de Família,2026-09-30,12,100.0,11
GOIÂNIA,8ª Vara de Família,2026-10-31,12,100.0,12
GOIÂNIA,8º Juizado Especial Cível,2025-11-30,12,90.77,1
GOIÂNIA,8º Juizado Especial Cível,2025-12-31,12,92.58,2
GOIÂNIA,8º Juizado Especial Cível,2026-01-31,12,94.39,3
GOIÂNIA,8º Juizado Especial Cível,2026-02-28,12,96.02,4
GOIÂNIA,8º Juizado Especial Cível,2026-03-31,12,97.83,5
GOIÂNIA,8º Juizado Especial Cível,2026-04-30,12,99.58,6
GOIÂNIA,8º Juizado Especial Cível,2026-05-31,12,100.0,7
GOIÂNIA,8º Juizado Especial Cível,2026-06-30,12,100.0,8
GOIÂNIA,8º Juizado Especial Cível,2026-07-31,12,100.0,9
GOIÂNIA,8º Juizado Especial Cível,2026-08-31,12,100.0,10
GOIÂNIA,8º Juizado Especial Cível,2026-09-30,12,100.0,11
GOIÂNIA,8º Juizado Especial Cível,2026-10-31,12,100.0,12
GOIÂNIA,9ª Vara Criminal dos crimes punidos com reclusão e detenção,2025-11-30,12,100.0,1
GOIÂNIA,9ª Vara Criminal dos crimes punidos com reclusão e detenção,2025-12-31,12,100.0,2
GOIÂNIA,9ª Vara Criminal dos crimes punidos com reclusão e detenção,2026-01-31,12,100.0,3
GOIÂNIA,9ª Vara Criminal dos crimes punidos com reclusão e detenção,2026-02-28,12,100.0,4
GOIÂNIA,9ª Vara Criminal dos crimes punidos com reclusão e detenção,2026-03-31,12,100.0,5
GOIÂNIA,9ª Vara Criminal dos crimes punidos com reclusão e detenção,2026-04-30,12,100.0,6
GOIÂNIA,9ª Vara Criminal dos crimes punidos com reclusão e detenção,2026-05-31,12,100.0,7
GOIÂNIA,9ª Vara Criminal dos crimes punidos com reclusão e detenção,2026-06-30,12,100.0,8
GOIÂNIA,9ª Vara Criminal dos crimes punidos com reclusão e detenção,2026-07-31,12,100.0,9
GOIÂNIA,9ª Vara Criminal dos crimes punidos com reclusão e detenção,2026-08-31,12,100.0,10
GOIÂNIA,9ª Vara Criminal dos crimes punidos com reclusão e detenção,2026-09-30,12,100.0,11
GOIÂNIA,9ª Vara Criminal dos crimes punidos com reclusão e detenção,2026-10-31,12,100.0,12
GOIÂNIA,9ª Vara Cível,2025-11-30,12,91.0,1
GOIÂNIA,9ª Vara Cível,2025-12-31,12,91.14,2
GOIÂNIA,9ª Vara Cível,2026-01-31,12,91.28,3
GOIÂNIA,9ª Vara Cível,2026-02-28,12,91.4,4
GOIÂNIA,9ª Vara Cível,2026-03-31,12,91.54,5
GOIÂNIA,9ª Vara Cível,2026-04-30,12,91.68,6
GOIÂNIA,9ª Vara Cível,2026-05-31,12,91.81,7
GOIÂNIA,9ª Vara Cível,2026-06-30,12,91.95,8
GOIÂNIA,9ª Vara Cível,2026-07-31,12,92.09,9
GOIÂNIA,9ª Vara Cível,2026-08-31,12,92.22,10
GOIÂNIA,9ª Vara Cível,2026-09-30,12,92.36,11
GOIÂNIA,9ª Vara Cível,2026-10-31,12,92.5,12
GOIÂNIA,9º Juizado Especial Cível,2025-11-30,12,82.07,1
GOIÂNIA,9º Juizado Especial Cível,2025-12-31,12,83.8,2
GOIÂNIA,9º Juizado Especial Cível,2026-01-31,12,85.53,3
GOIÂNIA,9º Juizado Especial Cível,2026-02-28,12,87.09,4
GOIÂNIA,9º Juizado Especial Cível,2026-03-31,12,88.82,5
GOIÂNIA,9º Juizado Especial Cível,2026-04-30,12,90.49,6
GOIÂNIA,9º Juizado Especial Cível,2026-05-31,12,92.22,7
GOIÂNIA,9º Juizado Especial Cível,2026-06-30,12,93.89,8
GOIÂNIA,9º Juizado Especial Cível,2026-07-31,12,95.62,9
GOIÂNIA,9º Juizado Especial Cível,2026-08-31,12,97.34,10
GOIÂNIA,9º Juizado Especial Cível,2026-09-30,12,99.02,11
GOIÂNIA,9º Juizado Especial Cível,2026-10-31,12,100.0,12
GOIÂNIA,Auditoria Militar,2025-11-30,12,98.79,1
GOIÂNIA,Auditoria Militar,2025-12-31,12,99.91,2
GOIÂNIA,Auditoria Militar,2026-01-31,12,100.0,3
GOIÂNIA,Auditoria Militar,2026-02-28,12,100.0,4
GOIÂNIA,Auditoria Militar,2026-03-31,12,100.0,5
GOIÂNIA,Auditoria Militar,2026-04-30,12,100.0,6
GOIÂNIA,Auditoria Militar,2026-05-31,12,100.0,7
GOIÂNIA,Auditoria Militar,2026-06-30,12,100.0,8
GOIÂNIA,Auditoria Militar,2026-07-31,12,100.0,9
GOIÂNIA,Auditoria Militar,2026-08-31,12,100.0,10
GOIÂNIA,Auditoria Militar,2026-09-30,12,100.0,11
GOIÂNIA,Auditoria Militar,2026-10-31,12,100.0,12
GOIÂNIA,Central Estadual de Conciliação Pré-Processual,2025-11-30,12,0.0,1
GOIÂNIA,Central Estadual de Conciliação Pré-Processual,2025-12-31,12,0.0,2
GOIÂNIA,Central Estadual de Conciliação Pré-Processual,2026-01-31,12,0.0,3
GOIÂNIA,Central Estadual de Conciliação Pré-Processual,2026-02-28,12,0.0,4
GOIÂNIA,Central Estadual de Conciliação Pré-Processual,2026-03-31,12,0.0,5
GOIÂNIA,Central Estadual de Conciliação Pré-Processual,2026-04-30,12,0.0,6
GOIÂNIA,Central Estadual de Conciliação Pré-Processual,2026-05-31,12,0.0,7
GOIÂNIA,Central Estadual de Conciliação Pré-Processual,2026-06-30,12,0.0,8
GOIÂNIA,Central Estadual de Conciliação Pré-Processual,2026-07-31,12,0.0,9
GOIÂNIA,Central Estadual de Conciliação Pré-Processual,2026-08-31,12,0.0,10
GOIÂNIA,Central Estadual de Conciliação Pré-Processual,2026-09-30,12,0.0,11
GOIÂNIA,Central Estadual de Conciliação Pré-Processual,2026-10-31,12,0.0,12
GOIÂNIA,Gabinete da Central de Cumprimento de Sentença Cível - Juiz 1,2025-11-30,12,100.0,1
GOIÂNIA,Gabinete da Central de Cumprimento de Sentença Cível - Juiz 1,2025-12-31,12,100.0,2
GOIÂNIA,Gabinete da Central de Cumprimento de Sentença Cível - Juiz 1,2026-01-31,12,100.0,3
GOIÂNIA,Gabinete da Central de Cumprimento de Sentença Cível - Juiz 1,2026-02-28,12,100.0,4
GOIÂNIA,Gabinete da Central de Cumprimento de Sentença Cível - Juiz 1,2026-03-31,12,100.0,5
GOIÂNIA,Gabinete da Central de Cumprimento de Sentença Cível - Juiz 1,2026-04-30,12,100.0,6
GOIÂNIA,Gabinete da Central de Cumprimento de Sentença Cível - Juiz 1,2026-05-31,12,100.0,7
GOIÂNIA,Gabinete da Central de Cumprimento de Sentença Cível - Juiz 1,2026-06-30,12,100.0,8
GOIÂNIA,Gabinete da Central de Cumprimento de Sentença Cível - Juiz 1,2026-07-31,12,100.0,9
GOIÂNIA,Gabinete da Central de Cumprimento de Sentença Cível - Juiz 1,2026-08-31,12,100.0,10
GOIÂNIA,Gabinete da Central de Cumprimento de Sentença Cível - Juiz 1,2026-09-30,12,100.0,11
GOIÂNIA,Gabinete da Central de Cumprimento de Sentença Cível - Juiz 1,2026-10-31,12,100.0,12
GOIÂNIA,Gabinete da Central de Cumprimento de Sentença Cível - Juiz 2,2025-11-30,12,100.0,1
GOIÂNIA,Gabinete da Central de Cumprimento de Sentença Cível - Juiz 2,2025-12-31,12,100.0,2
GOIÂNIA,Gabinete da Central de Cumprimento de Sentença Cível - Juiz 2,2026-01-31,12,100.0,3
GOIÂNIA,Gabinete da Central de Cumprimento de Sentença Cível - Juiz 2,2026-02-28,12,100.0,4
GOIÂNIA,Gabinete da Central de Cumprimento de Sentença Cível - Juiz 2,2026-03-31,12,100.0,5
GOIÂNIA,Gabinete da Central de Cumprimento de Sentença Cível - Juiz 2,2026-04-30,12,100.0,6
GOIÂNIA,Gabinete da Central de Cumprimento de Sentença Cível - Juiz 2,2026-05-31,12,100.0,7
GOIÂNIA,Gabinete da Central de Cumprimento de Sentença Cível - Juiz 2,2026-06-30,12,100.0,8
GOIÂNIA,Gabinete da Central de Cumprimento de Sentença Cível - Juiz 2,2026-07-31,12,100.0,9
GOIÂNIA,Gabinete da Central de Cumprimento de Sentença Cível - Juiz 2,2026-08-31,12,100.0,10
GOIÂNIA,Gabinete da Central de Cumprimento de Sentença Cível - Juiz 2,2026-09-30,12,100.0,11
GOIÂNIA,Gabinete da Central de Cumprimento de Sentença Cível - Juiz 2,2026-10-31,12,100.0,12
GOIÂNIA,Gabinete da Central de Cumprimento de Sentença Cível - Juiz 3,2025-11-30,12,100.0,1
GOIÂNIA,Gabinete da Central de Cumprimento de Sentença Cível - Juiz 3,2025-12-31,12,100.0,2
GOIÂNIA,Gabinete da Central de Cumprimento de Sentença Cível - Juiz 3,2026-01-31,12,100.0,3
GOIÂNIA,Gabinete da Central de Cumprimento de Sentença Cível - Juiz 3,2026-02-28,12,100.0,4
GOIÂNIA,Gabinete da Central de Cumprimento de Sentença Cível - Juiz 3,2026-03-31,12,100.0,5
GOIÂNIA,Gabinete da Central de Cumprimento de Sentença Cível - Juiz 3,2026-04-30,12,100.0,6
GOIÂNIA,Gabinete da Central de Cumprimento de Sentença Cível - Juiz 3,2026-05-31,12,100.0,7
GOIÂNIA,Gabinete da Central de Cumprimento de Sentença Cível - Juiz 3,2026-06-30,12,100.0,8
GOIÂNIA,Gabinete da Central de Cumprimento de Sentença Cível - Juiz 3,2026-07-31,12,100.0,9
GOIÂNIA,Gabinete da Central de Cumprimento de Sentença Cível - Juiz 3,2026-08-31,12,100.0,10
GOIÂNIA,Gabinete da Central de Cumprimento de Sentença Cível - Juiz 3,2026-09-30,12,100.0,11
GOIÂNIA,Gabinete da Central de Cumprimento de Sentença Cível - Juiz 3,2026-10-31,12,100.0,12
GOIÂNIA,Gabinete da Central de Cumprimento de Sentença Cível - Juiz 4,2025-11-30,12,100.0,1
GOIÂNIA,Gabinete da Central de Cumprimento de Sentença Cível - Juiz 4,2025-12-31,12,100.0,2
GOIÂNIA,Gabinete da Central de Cumprimento de Sentença Cível - Juiz 4,2026-01-31,12,100.0,3
GOIÂNIA,Gabinete da Central de Cumprimento de Sentença Cível - Juiz 4,2026-02-28,12,100.0,4
GOIÂNIA,Gabinete da Central de Cumprimento de Sentença Cível - Juiz 4,2026-03-31,12,100.0,5
GOIÂNIA,Gabinete da Central de Cumprimento de Sentença Cível - Juiz 4,2026-04-30,12,100.0,6
GOIÂNIA,Gabinete da Central de Cumprimento de Sentença Cível - Juiz 4,2026-05-31,12,100.0,7
GOIÂNIA,Gabinete da Central de Cumprimento de Sentença Cível - Juiz 4,2026-06-30,12,100.0,8
GOIÂNIA,Gabinete da Central de Cumprimento de Sentença Cível - Juiz 4,2026-07-31,12,100.0,9
GOIÂNIA,Gabinete da Central de Cumprimento de Sentença Cível - Juiz 4,2026-08-31,12,100.0,10
GOIÂNIA,Gabinete da Central de Cumprimento de Sentença Cível - Juiz 4,2026-09-30,12,100.0,11
GOIÂNIA,Gabinete da Central de Cumprimento de Sentença Cível - Juiz 4,2026-10-31,12,100.0,12
GOIÂNIA,Gabinete da Central de Cumprimento de Sentença Cível - Juiz 5,2025-11-30,12,100.0,1
GOIÂNIA,Gabinete da Central de Cumprimento de Sentença Cível - Juiz 5,2025-12-31,12,100.0,2
GOIÂNIA,Gabinete da Central de Cumprimento de Sentença Cível - Juiz 5,2026-01-31,12,100.0,3
GOIÂNIA,Gabinete da Central de Cumprimento de Sentença Cível - Juiz 5,2026-02-28,12,100.0,4
GOIÂNIA,Gabinete da Central de Cumprimento de Sentença Cível - Juiz 5,2026-03-31,12,100.0,5
GOIÂNIA,Gabinete da Central de Cumprimento de Sentença Cível - Juiz 5,2026-04-30,12,100.0,6
GOIÂNIA,Gabinete da Central de Cumprimento de Sentença Cível - Juiz 5,2026-05-31,12,100.0,7
GOIÂNIA,Gabinete da Central de Cumprimento de Sentença Cível - Juiz 5,2026-06-30,12,100.0,8
GOIÂNIA,Gabinete da Central de Cumprimento de Sentença Cível - Juiz 5,2026-07-31,12,100.0,9
GOIÂNIA,Gabinete da Central de Cumprimento de Sentença Cível - Juiz 5,2026-08-31,12,100.0,10
GOIÂNIA,Gabinete da Central de Cumprimento de Sentença Cível - Juiz 5,2026-09-30,12,100.0,11
GOIÂNIA,Gabinete da Central de Cumprimento de Sentença Cível - Juiz 5,2026-10-31,12,100.0,12
GOIÂNIA,Gabinete da Central de Cumprimento de Sentença Cível - Juiz 6,2025-11-30,12,100.0,1
GOIÂNIA,Gabinete da Central de Cumprimento de Sentença Cível - Juiz 6,2025-12-31,12,100.0,2
GOIÂNIA,Gabinete da Central de Cumprimento de Sentença Cível - Juiz 6,2026-01-31,12,100.0,3
GOIÂNIA,Gabinete da Central de Cumprimento de Sentença Cível - Juiz 6,2026-02-28,12,100.0,4
GOIÂNIA,Gabinete da Central de Cumprimento de Sentença Cível - Juiz 6,2026-03-31,12,100.0,5
GOIÂNIA,Gabinete da Central de Cumprimento de Sentença Cível - Juiz 6,2026-04-30,12,100.0,6
GOIÂNIA,Gabinete da Central de Cumprimento de Sentença Cível - Juiz 6,2026-05-31,12,100.0,7
GOIÂNIA,Gabinete da Central de Cumprimento de Sentença Cível - Juiz 6,2026-06-30,12,100.0,8
GOIÂNIA,Gabinete da Central de Cumprimento de Sentença Cível - Juiz 6,2026-07-31,12,100.0,9
GOIÂNIA,Gabinete da Central de Cumprimento de Sentença Cível - Juiz 6,2026-08-31,12,100.0,10
GOIÂNIA,Gabinete da Central de Cumprimento de Sentença Cível - Juiz 6,2026-09-30,12,100.0,11
GOIÂNIA,Gabinete da Central de Cumprimento de Sentença Cível - Juiz 6,2026-10-31,12,100.0,12
GUAPÓ,"1ª Vara Judicial (Família e Sucessões, Infância e Juventude, Cível e Juizado Especial Cível)",2025-11-30,12,94.01,1
GUAPÓ,"1ª Vara Judicial (Família e Sucessões, Infância e Juventude, Cível e Juizado Especial Cível)",2025-12-31,12,94.13,2
GUAPÓ,"1ª Vara Judicial (Família e Sucessões, Infância e Juventude, Cível e Juizado Especial Cível)",2026-01-31,12,94.24,3
GUAPÓ,"1ª Vara Judicial (Família e Sucessões, Infância e Juventude, Cível e Juizado Especial Cível)",2026-02-28,12,94.35,4
GUAPÓ,"1ª Vara Judicial (Família e Sucessões, Infância e Juventude, Cível e Juizado Especial Cível)",2026-03-31,12,94.47,5
GUAPÓ,"1ª Vara Judicial (Família e Sucessões, Infância e Juventude, Cível e Juizado Especial Cível)",2026-04-30,12,94.58,6
GUAPÓ,"1ª Vara Judicial (Família e Sucessões, Infância e Juventude, Cível e Juizado Especial Cível)",2026-05-31,12,94.7,7
GUAPÓ,"1ª Vara Judicial (Família e Sucessões, Infância e Juventude, Cível e Juizado Especial Cível)",2026-06-30,12,94.81,8
GUAPÓ,"1ª Vara Judicial (Família e Sucessões, Infância e Juventude, Cível e Juizado Especial Cível)",2026-07-31,12,94.92,9
GUAPÓ,"1ª Vara Judicial (Família e Sucessões, Infância e Juventude, Cível e Juizado Especial Cível)",2026-08-31,12,95.04,10
GUAPÓ,"1ª Vara Judicial (Família e Sucessões, Infância e Juventude, Cível e Juizado Especial Cível)",2026-09-30,12,95.15,11
GUAPÓ,"1ª Vara Judicial (Família e Sucessões, Infância e Juventude, Cível e Juizado Especial Cível)",2026-10-31,12,95.27,12
GUAPÓ,"2ª Vara Judicial (Fazendas Públicas, Criminal, Execução Penal e Juizado Criminal)",2025-11-30,12,99.53,1
GUAPÓ,"2ª Vara Judicial (Fazendas Públicas, Criminal, Execução Penal e Juizado Criminal)",2025-12-31,12,100.0,2
GUAPÓ,"2ª Vara Judicial (Fazendas Públicas, Criminal, Execução Penal e Juizado Criminal)",2026-01-31,12,100.0,3
GUAPÓ,"2ª Vara Judicial (Fazendas Públicas, Criminal, Execução Penal e Juizado Criminal)",2026-02-28,12,100.0,4
GUAPÓ,"2ª Vara Judicial (Fazendas Públicas, Criminal, Execução Penal e Juizado Criminal)",2026-03-31,12,100.0,5
GUAPÓ,"2ª Vara Judicial (Fazendas Públicas, Criminal, Execução Penal e Juizado Criminal)",2026-04-30,12,100.0,6
GUAPÓ,"2ª Vara Judicial (Fazendas Públicas, Criminal, Execução Penal e Juizado Criminal)",2026-05-31,12,100.0,7
GUAPÓ,"2ª Vara Judicial (Fazendas Públicas, Criminal, Execução Penal e Juizado Criminal)",2026-06-30,12,100.0,8
GUAPÓ,"2ª Vara Judicial (Fazendas Públicas, Criminal, Execução Penal e Juizado Criminal)",2026-07-31,12,100.0,9
GUAPÓ,"2ª Vara Judicial (Fazendas Públicas, Criminal, Execução Penal e Juizado Criminal)",2026-08-31,12,100.0,10
GUAPÓ,"2ª Vara Judicial (Fazendas Públicas, Criminal, Execução Penal e Juizado Criminal)",2026-09-30,12,100.0,11
GUAPÓ,"2ª Vara Judicial (Fazendas Públicas, Criminal, Execução Penal e Juizado Criminal)",2026-10-31,12,100.0,12
HIDROLÂNDIA,"1ª Vara Judicial (Família e Sucessões, Infância e Juventude, Cível e Juizado Especial Cível)",2025-11-30,12,89.08,1
HIDROLÂNDIA,"1ª Vara Judicial (Família e Sucessões, Infância e Juventude, Cível e Juizado Especial Cível)",2025-12-31,12,89.23,2
HIDROLÂNDIA,"1ª Vara Judicial (Família e Sucessões, Infância e Juventude, Cível e Juizado Especial Cível)",2026-01-31,12,89.38,3
HIDROLÂNDIA,"1ª Vara Judicial (Família e Sucessões, Infância e Juventude, Cível e Juizado Especial Cível)",2026-02-28,12,89.51,4
HIDROLÂNDIA,"1ª Vara Judicial (Família e Sucessões, Infância e Juventude, Cível e Juizado Especial Cível)",2026-03-31,12,89.65,5
HIDROLÂNDIA,"1ª Vara Judicial (Família e Sucessões, Infância e Juventude, Cível e Juizado Especial Cível)",2026-04-30,12,89.79,6
HIDROLÂNDIA,"1ª Vara Judicial (Família e Sucessões, Infância e Juventude, Cível e Juizado Especial Cível)",2026-05-31,12,89.94,7
HIDROLÂNDIA,"1ª Vara Judicial (Família e Sucessões, Infância e Juventude, Cível e Juizado Especial Cível)",2026-06-30,12,90.08,8
HIDROLÂNDIA,"1ª Vara Judicial (Família e Sucessões, Infância e Juventude, Cível e Juizado Especial Cível)",2026-07-31,12,90.23,9
HIDROLÂNDIA,"1ª Vara Judicial (Família e Sucessões, Infância e Juventude, Cível e Juizado Especial Cível)",2026-08-31,12,90.37,10
HIDROLÂNDIA,"1ª Vara Judicial (Família e Sucessões, Infância e Juventude, Cível e Juizado Especial Cível)",2026-09-30,12,90.52,11
HIDROLÂNDIA,"1ª Vara Judicial (Família e Sucessões, Infância e Juventude, Cível e Juizado Especial Cível)",2026-10-31,12,90.66,12
HIDROLÂNDIA,"2ª Vara Judicial (Fazendas Públicas, Criminal, Execução Penal e Juizado Criminal)",2025-11-30,12,89.63,1
HIDROLÂNDIA,"2ª Vara Judicial (Fazendas Públicas, Criminal, Execução Penal e Juizado Criminal)",2025-12-31,12,89.7,2
HIDROLÂNDIA,"2ª Vara Judicial (Fazendas Públicas, Criminal, Execução Penal e Juizado Criminal)",2026-01-31,12,89.77,3
HIDROLÂNDIA,"2ª Vara Judicial (Fazendas Públicas, Criminal, Execução Penal e Juizado Criminal)",2026-02-28,12,89.84,4
HIDROLÂNDIA,"2ª Vara Judicial (Fazendas Públicas, Criminal, Execução Penal e Juizado Criminal)",2026-03-31,12,89.92,5
HIDROLÂNDIA,"2ª Vara Judicial (Fazendas Públicas, Criminal, Execução Penal e Juizado Criminal)",2026-04-30,12,89.99,6
HIDROLÂNDIA,"2ª Vara Judicial (Fazendas Públicas, Criminal, Execução Penal e Juizado Criminal)",2026-05-31,12,90.06,7
HIDROLÂNDIA,"2ª Vara Judicial (Fazendas Públicas, Criminal, Execução Penal e Juizado Criminal)",2026-06-30,12,90.13,8
HIDROLÂNDIA,"2ª Vara Judicial (Fazendas Públicas, Criminal, Execução Penal e Juizado Criminal)",2026-07-31,12,90.21,9
HIDROLÂNDIA,"2ª Vara Judicial (Fazendas Públicas, Criminal, Execução Penal e Juizado Criminal)",2026-08-31,12,90.28,10
HIDROLÂNDIA,"2ª Vara Judicial (Fazendas Públicas, Criminal, Execução Penal e Juizado Criminal)",2026-09-30,12,90.36,11
HIDROLÂNDIA,"2ª Vara Judicial (Fazendas Públicas, Criminal, Execução Penal e Juizado Criminal)",2026-10-31,12,90.43,12
IACIARA,Vara Judicial,2025-11-30,12,97.83,1
IACIARA,Vara Judicial,2025-12-31,12,98.28,2
IACIARA,Vara Judicial,2026-01-31,12,98.72,3
IACIARA,Vara Judicial,2026-02-28,12,99.11,4
IACIARA,Vara Judicial,2026-03-31,12,99.55,5
IACIARA,Vara Judicial,2026-04-30,12,99.98,6
IACIARA,Vara Judicial,2026-05-31,12,100.0,7
IACIARA,Vara Judicial,2026-06-30,12,100.0,8
IACIARA,Vara Judicial,2026-07-31,12,100.0,9
IACIARA,Vara Judicial,2026-08-31,12,100.0,10
IACIARA,Vara Judicial,2026-09-30,12,100.0,11
IACIARA,Vara Judicial,2026-10-31,12,100.0,12
INHUMAS,"Vara Criminal (crime em geral, crimes dolosos contra a vida e Pres. do Trib. do Júri - Execução Penal) e Juizado Especial Criminal",2025-11-30,12,93.68,1
INHUMAS,"Vara Criminal (crime em geral, crimes dolosos contra a vida e Pres. do Trib. do Júri - Execução Penal) e Juizado Especial Criminal",2025-12-31,12,93.96,2
INHUMAS,"Vara Criminal (crime em geral, crimes dolosos contra a vida e Pres. do Trib. do Júri - Execução Penal) e Juizado Especial Criminal",2026-01-31,12,94.24,3
INHUMAS,"Vara Criminal (crime em geral, crimes dolosos contra a vida e Pres. do Trib. do Júri - Execução Penal) e Juizado Especial Criminal",2026-02-28,12,94.5,4
INHUMAS,"Vara Criminal (crime em geral, crimes dolosos contra a vida e Pres. do Trib. do Júri - Execução Penal) e Juizado Especial Criminal",2026-03-31,12,94.78,5
INHUMAS,"Vara Criminal (crime em geral, crimes dolosos contra a vida e Pres. do Trib. do Júri - Execução Penal) e Juizado Especial Criminal",2026-04-30,12,95.05,6
INHUMAS,"Vara Criminal (crime em geral, crimes dolosos contra a vida e Pres. do Trib. do Júri - Execução Penal) e Juizado Especial Criminal",2026-05-31,12,95.33,7
INHUMAS,"Vara Criminal (crime em geral, crimes dolosos contra a vida e Pres. do Trib. do Júri - Execução Penal) e Juizado Especial Criminal",2026-06-30,12,95.61,8
INHUMAS,"Vara Criminal (crime em geral, crimes dolosos contra a vida e Pres. do Trib. do Júri - Execução Penal) e Juizado Especial Criminal",2026-07-31,12,95.89,9
INHUMAS,"Vara Criminal (crime em geral, crimes dolosos contra a vida e Pres. do Trib. do Júri - Execução Penal) e Juizado Especial Criminal",2026-08-31,12,96.17,10
INHUMAS,"Vara Criminal (crime em geral, crimes dolosos contra a vida e Pres. do Trib. do Júri - Execução Penal) e Juizado Especial Criminal",2026-09-30,12,96.44,11
INHUMAS,"Vara Criminal (crime em geral, crimes dolosos contra a vida e Pres. do Trib. do Júri - Execução Penal) e Juizado Especial Criminal",2026-10-31,12,96.72,12
INHUMAS,"Vara Cível, Infância e Juventude e Juizado Especial Cível",2025-11-30,12,92.82,1
INHUMAS,"Vara Cível, Infância e Juventude e Juizado Especial Cível",2025-12-31,12,93.05,2
INHUMAS,"Vara Cível, Infância e Juventude e Juizado Especial Cível",2026-01-31,12,93.28,3
INHUMAS,"Vara Cível, Infância e Juventude e Juizado Especial Cível",2026-02-28,12,93.49,4
INHUMAS,"Vara Cível, Infância e Juventude e Juizado Especial Cível",2026-03-31,12,93.71,5
INHUMAS,"Vara Cível, Infância e Juventude e Juizado Especial Cível",2026-04-30,12,93.94,6
INHUMAS,"Vara Cível, Infância e Juventude e Juizado Especial Cível",2026-05-31,12,94.16,7
INHUMAS,"Vara Cível, Infância e Juventude e Juizado Especial Cível",2026-06-30,12,94.38,8
INHUMAS,"Vara Cível, Infância e Juventude e Juizado Especial Cível",2026-07-31,12,94.61,9
INHUMAS,"Vara Cível, Infância e Juventude e Juizado Especial Cível",2026-08-31,12,94.84,10
INHUMAS,"Vara Cível, Infância e Juventude e Juizado Especial Cível",2026-09-30,12,95.06,11
INHUMAS,"Vara Cível, Infância e Juventude e Juizado Especial Cível",2026-10-31,12,95.29,12
INHUMAS,Vara das Fazendas Públicas e Registros Públicos e Família e Sucessões,2025-11-30,12,90.38,1
INHUMAS,Vara das Fazendas Públicas e Registros Públicos e Família e Sucessões,2025-12-31,12,91.17,2
INHUMAS,Vara das Fazendas Públicas e Registros Públicos e Família e Sucessões,2026-01-31,12,91.96,3
INHUMAS,Vara das Fazendas Públicas e Registros Públicos e Família e Sucessões,2026-02-28,12,92.68,4
INHUMAS,Vara das Fazendas Públicas e Registros Públicos e Família e Sucessões,2026-03-31,12,93.47,5
INHUMAS,Vara das Fazendas Públicas e Registros Públicos e Família e Sucessões,2026-04-30,12,94.23,6
INHUMAS,Vara das Fazendas Públicas e Registros Públicos e Família e Sucessões,2026-05-31,12,95.02,7
INHUMAS,Vara das Fazendas Públicas e Registros Públicos e Família e Sucessões,2026-06-30,12,95.78,8
INHUMAS,Vara das Fazendas Públicas e Registros Públicos e Família e Sucessões,2026-07-31,12,96.57,9
INHUMAS,Vara das Fazendas Públicas e Registros Públicos e Família e Sucessões,2026-08-31,12,97.36,10
INHUMAS,Vara das Fazendas Públicas e Registros Públicos e Família e Sucessões,2026-09-30,12,98.13,11
INHUMAS,Vara das Fazendas Públicas e Registros Públicos e Família e Sucessões,2026-10-31,12,98.92,12
IPAMERI,"1ª Vara (Cível, Criminal - crime em geral e exec. penais - e da Infância e da Juventude)",2025-11-30,12,91.37,1
IPAMERI,"1ª Vara (Cível, Criminal - crime em geral e exec. penais - e da Infância e da Juventude)",2025-12-31,12,93.02,2
IPAMERI,"1ª Vara (Cível, Criminal - crime em geral e exec. penais - e da Infância e da Juventude)",2026-01-31,12,94.67,3
IPAMERI,"1ª Vara (Cível, Criminal - crime em geral e exec. penais - e da Infância e da Juventude)",2026-02-28,12,96.17,4
IPAMERI,"1ª Vara (Cível, Criminal - crime em geral e exec. penais - e da Infância e da Juventude)",2026-03-31,12,97.82,5
IPAMERI,"1ª Vara (Cível, Criminal - crime em geral e exec. penais - e da Infância e da Juventude)",2026-04-30,12,99.42,6
IPAMERI,"1ª Vara (Cível, Criminal - crime em geral e exec. penais - e da Infância e da Juventude)",2026-05-31,12,100.0,7
IPAMERI,"1ª Vara (Cível, Criminal - crime em geral e exec. penais - e da Infância e da Juventude)",2026-06-30,12,100.0,8
IPAMERI,"1ª Vara (Cível, Criminal - crime em geral e exec. penais - e da Infância e da Juventude)",2026-07-31,12,100.0,9
IPAMERI,"1ª Vara (Cível, Criminal - crime em geral e exec. penais - e da Infância e da Juventude)",2026-08-31,12,100.0,10
IPAMERI,"1ª Vara (Cível, Criminal - crime em geral e exec. penais - e da Infância e da Juventude)",2026-09-30,12,100.0,11
IPAMERI,"1ª Vara (Cível, Criminal - crime em geral e exec. penais - e da Infância e da Juventude)",2026-10-31,12,100.0,12
IPAMERI,"2ª Vara (Cível, Criminal crime em geral, crimes dolosos contra a vida e Pres. do Trib. do Juri, das Fazendas Púb., de Reg. Púb. e Amb.)",2025-11-30,12,93.6,1
IPAMERI,"2ª Vara (Cível, Criminal crime em geral, crimes dolosos contra a vida e Pres. do Trib. do Juri, das Fazendas Púb., de Reg. Púb. e Amb.)",2025-12-31,12,94.49,2
IPAMERI,"2ª Vara (Cível, Criminal crime em geral, crimes dolosos contra a vida e Pres. do Trib. do Juri, das Fazendas Púb., de Reg. Púb. e Amb.)",2026-01-31,12,95.37,3
IPAMERI,"2ª Vara (Cível, Criminal crime em geral, crimes dolosos contra a vida e Pres. do Trib. do Juri, das Fazendas Púb., de Reg. Púb. e Amb.)",2026-02-28,12,96.17,4
IPAMERI,"2ª Vara (Cível, Criminal crime em geral, crimes dolosos contra a vida e Pres. do Trib. do Juri, das Fazendas Púb., de Reg. Púb. e Amb.)",2026-03-31,12,97.05,5
IPAMERI,"2ª Vara (Cível, Criminal crime em geral, crimes dolosos contra a vida e Pres. do Trib. do Juri, das Fazendas Púb., de Reg. Púb. e Amb.)",2026-04-30,12,97.91,6
IPAMERI,"2ª Vara (Cível, Criminal crime em geral, crimes dolosos contra a vida e Pres. do Trib. do Juri, das Fazendas Púb., de Reg. Púb. e Amb.)",2026-05-31,12,98.79,7
IPAMERI,"2ª Vara (Cível, Criminal crime em geral, crimes dolosos contra a vida e Pres. do Trib. do Juri, das Fazendas Púb., de Reg. Púb. e Amb.)",2026-06-30,12,99.64,8
IPAMERI,"2ª Vara (Cível, Criminal crime em geral, crimes dolosos contra a vida e Pres. do Trib. do Juri, das Fazendas Púb., de Reg. Púb. e Amb.)",2026-07-31,12,100.0,9
IPAMERI,"2ª Vara (Cível, Criminal crime em geral, crimes dolosos contra a vida e Pres. do Trib. do Juri, das Fazendas Púb., de Reg. Púb. e Amb.)",2026-08-31,12,100.0,10
IPAMERI,"2ª Vara (Cível, Criminal crime em geral, crimes dolosos contra a vida e Pres. do Trib. do Juri, das Fazendas Púb., de Reg. Púb. e Amb.)",2026-09-30,12,100.0,11
IPAMERI,"2ª Vara (Cível, Criminal crime em geral, crimes dolosos contra a vida e Pres. do Trib. do Juri, das Fazendas Púb., de Reg. Púb. e Amb.)",2026-10-31,12,100.0,12
IPAMERI,Juizado Especial Cível e Criminal,2025-11-30,12,69.34,1
IPAMERI,Juizado Especial Cível e Criminal,2025-12-31,12,70.86,2
IPAMERI,Juizado Especial Cível e Criminal,2026-01-31,12,72.38,3
IPAMERI,Juizado Especial Cível e Criminal,2026-02-28,12,73.75,4
IPAMERI,Juizado Especial Cível e Criminal,2026-03-31,12,75.27,5
IPAMERI,Juizado Especial Cível e Criminal,2026-04-30,12,76.74,6
IPAMERI,Juizado Especial Cível e Criminal,2026-05-31,12,78.26,7
IPAMERI,Juizado Especial Cível e Criminal,2026-06-30,12,79.73,8
IPAMERI,Juizado Especial Cível e Criminal,2026-07-31,12,81.25,9
IPAMERI,Juizado Especial Cível e Criminal,2026-08-31,12,82.77,10
IPAMERI,Juizado Especial Cível e Criminal,2026-09-30,12,84.24,11
IPAMERI,Juizado Especial Cível e Criminal,2026-10-31,12,85.76,12
IPORÁ,"1ª Vara (Cív., Criminal - crime em geral e exec. penais - e da Inf. e da Juventude)",2025-11-30,12,100.0,1
IPORÁ,"1ª Vara (Cív., Criminal - crime em geral e exec. penais - e da Inf. e da Juventude)",2025-12-31,12,100.0,2
IPORÁ,"1ª Vara (Cív., Criminal - crime em geral e exec. penais - e da Inf. e da Juventude)",2026-01-31,12,100.0,3
IPORÁ,"1ª Vara (Cív., Criminal - crime em geral e exec. penais - e da Inf. e da Juventude)",2026-02-28,12,100.0,4
IPORÁ,"1ª Vara (Cív., Criminal - crime em geral e exec. penais - e da Inf. e da Juventude)",2026-03-31,12,100.0,5
IPORÁ,"1ª Vara (Cív., Criminal - crime em geral e exec. penais - e da Inf. e da Juventude)",2026-04-30,12,100.0,6
IPORÁ,"1ª Vara (Cív., Criminal - crime em geral e exec. penais - e da Inf. e da Juventude)",2026-05-31,12,100.0,7
IPORÁ,"1ª Vara (Cív., Criminal - crime em geral e exec. penais - e da Inf. e da Juventude)",2026-06-30,12,100.0,8
IPORÁ,"1ª Vara (Cív., Criminal - crime em geral e exec. penais - e da Inf. e da Juventude)",2026-07-31,12,100.0,9
IPORÁ,"1ª Vara (Cív., Criminal - crime em geral e exec. penais - e da Inf. e da Juventude)",2026-08-31,12,100.0,10
IPORÁ,"1ª Vara (Cív., Criminal - crime em geral e exec. penais - e da Inf. e da Juventude)",2026-09-30,12,100.0,11
IPORÁ,"1ª Vara (Cív., Criminal - crime em geral e exec. penais - e da Inf. e da Juventude)",2026-10-31,12,100.0,12
IPORÁ,"2ª Vara (Cível, Criminal - crime em geral, crimes dolosos contra a vida e Pres. do Trib. do Juri, das Faz. Púb., de Reg. Púb. e Ambiental)",2025-11-30,12,99.25,1
IPORÁ,"2ª Vara (Cível, Criminal - crime em geral, crimes dolosos contra a vida e Pres. do Trib. do Juri, das Faz. Púb., de Reg. Púb. e Ambiental)",2025-12-31,12,99.94,2
IPORÁ,"2ª Vara (Cível, Criminal - crime em geral, crimes dolosos contra a vida e Pres. do Trib. do Juri, das Faz. Púb., de Reg. Púb. e Ambiental)",2026-01-31,12,100.0,3
IPORÁ,"2ª Vara (Cível, Criminal - crime em geral, crimes dolosos contra a vida e Pres. do Trib. do Juri, das Faz. Púb., de Reg. Púb. e Ambiental)",2026-02-28,12,100.0,4
IPORÁ,"2ª Vara (Cível, Criminal - crime em geral, crimes dolosos contra a vida e Pres. do Trib. do Juri, das Faz. Púb., de Reg. Púb. e Ambiental)",2026-03-31,12,100.0,5
IPORÁ,"2ª Vara (Cível, Criminal - crime em geral, crimes dolosos contra a vida e Pres. do Trib. do Juri, das Faz. Púb., de Reg. Púb. e Ambiental)",2026-04-30,12,100.0,6
IPORÁ,"2ª Vara (Cível, Criminal - crime em geral, crimes dolosos contra a vida e Pres. do Trib. do Juri, das Faz. Púb., de Reg. Púb. e Ambiental)",2026-05-31,12,100.0,7
IPORÁ,"2ª Vara (Cível, Criminal - crime em geral, crimes dolosos contra a vida e Pres. do Trib. do Juri, das Faz. Púb., de Reg. Púb. e Ambiental)",2026-06-30,12,100.0,8
IPORÁ,"2ª Vara (Cível, Criminal - crime em geral, crimes dolosos contra a vida e Pres. do Trib. do Juri, das Faz. Púb., de Reg. Púb. e Ambiental)",2026-07-31,12,100.0,9
IPORÁ,"2ª Vara (Cível, Criminal - crime em geral, crimes dolosos contra a vida e Pres. do Trib. do Juri, das Faz. Púb., de Reg. Púb. e Ambiental)",2026-08-31,12,100.0,10
IPORÁ,"2ª Vara (Cível, Criminal - crime em geral, crimes dolosos contra a vida e Pres. do Trib. do Juri, das Faz. Púb., de Reg. Púb. e Ambiental)",2026-09-30,12,100.0,11
IPORÁ,"2ª Vara (Cível, Criminal - crime em geral, crimes dolosos contra a vida e Pres. do Trib. do Juri, das Faz. Púb., de Reg. Púb. e Ambiental)",2026-10-31,12,100.0,12
IPORÁ,Juizado Especial Cível e Criminal,2025-11-30,12,82.77,1
IPORÁ,Juizado Especial Cível e Criminal,2025-12-31,12,84.62,2
IPORÁ,Juizado Especial Cível e Criminal,2026-01-31,12,86.48,3
IPORÁ,Juizado Especial Cível e Criminal,2026-02-28,12,88.15,4
IPORÁ,Juizado Especial Cível e Criminal,2026-03-31,12,90.01,5
IPORÁ,Juizado Especial Cível e Criminal,2026-04-30,12,91.8,6
IPORÁ,Juizado Especial Cível e Criminal,2026-05-31,12,93.66,7
IPORÁ,Juizado Especial Cível e Criminal,2026-06-30,12,95.45,8
IPORÁ,Juizado Especial Cível e Criminal,2026-07-31,12,97.31,9
IPORÁ,Juizado Especial Cível e Criminal,2026-08-31,12,99.16,10
IPORÁ,Juizado Especial Cível e Criminal,2026-09-30,12,100.0,11
IPORÁ,Juizado Especial Cível e Criminal,2026-10-31,12,100.0,12
ITABERAÍ,"1ª Vara Cível, Infância e da Juventude e Juizado Especial Cível",2025-11-30,12,98.18,1
ITABERAÍ,"1ª Vara Cível, Infância e da Juventude e Juizado Especial Cível",2025-12-31,12,98.86,2
ITABERAÍ,"1ª Vara Cível, Infância e da Juventude e Juizado Especial Cível",2026-01-31,12,99.53,3
ITABERAÍ,"1ª Vara Cível, Infância e da Juventude e Juizado Especial Cível",2026-02-28,12,100.0,4
ITABERAÍ,"1ª Vara Cível, Infância e da Juventude e Juizado Especial Cível",2026-03-31,12,100.0,5
ITABERAÍ,"1ª Vara Cível, Infância e da Juventude e Juizado Especial Cível",2026-04-30,12,100.0,6
ITABERAÍ,"1ª Vara Cível, Infância e da Juventude e Juizado Especial Cível",2026-05-31,12,100.0,7
ITABERAÍ,"1ª Vara Cível, Infância e da Juventude e Juizado Especial Cível",2026-06-30,12,100.0,8
ITABERAÍ,"1ª Vara Cível, Infância e da Juventude e Juizado Especial Cível",2026-07-31,12,100.0,9
ITABERAÍ,"1ª Vara Cível, Infância e da Juventude e Juizado Especial Cível",2026-08-31,12,100.0,10
ITABERAÍ,"1ª Vara Cível, Infância e da Juventude e Juizado Especial Cível",2026-09-30,12,100.0,11
ITABERAÍ,"1ª Vara Cível, Infância e da Juventude e Juizado Especial Cível",2026-10-31,12,100.0,12
ITABERAÍ,"2ª Vara Cível, Família e Sucessões, das Fazendas Públicas e Registros Públicos",2025-11-30,12,89.91,1
ITABERAÍ,"2ª Vara Cível, Família e Sucessões, das Fazendas Públicas e Registros Públicos",2025-12-31,12,89.91,2
ITABERAÍ,"2ª Vara Cível, Família e Sucessões, das Fazendas Públicas e Registros Públicos",2026-01-31,12,89.92,3
ITABERAÍ,"2ª Vara Cível, Família e Sucessões, das Fazendas Públicas e Registros Públicos",2026-02-28,12,89.93,4
ITABERAÍ,"2ª Vara Cível, Família e Sucessões, das Fazendas Públicas e Registros Públicos",2026-03-31,12,89.94,5
ITABERAÍ,"2ª Vara Cível, Família e Sucessões, das Fazendas Públicas e Registros Públicos",2026-04-30,12,89.95,6
ITABERAÍ,"2ª Vara Cível, Família e Sucessões, das Fazendas Públicas e Registros Públicos",2026-05-31,12,89.96,7
ITABERAÍ,"2ª Vara Cível, Família e Sucessões, das Fazendas Públicas e Registros Públicos",2026-06-30,12,89.97,8
ITABERAÍ,"2ª Vara Cível, Família e Sucessões, das Fazendas Públicas e Registros Públicos",2026-07-31,12,89.98,9
ITABERAÍ,"2ª Vara Cível, Família e Sucessões, das Fazendas Públicas e Registros Públicos",2026-08-31,12,89.99,10
ITABERAÍ,"2ª Vara Cível, Família e Sucessões, das Fazendas Públicas e Registros Públicos",2026-09-30,12,90.0,11
ITABERAÍ,"2ª Vara Cível, Família e Sucessões, das Fazendas Públicas e Registros Públicos",2026-10-31,12,90.01,12
ITABERAÍ,"Vara Criminal (crimes em geral, crimes dolosos contra a vida e Pres. do Trib. do Júri execução penal) e Juizado Especial Criminal.",2025-11-30,12,100.0,1
ITABERAÍ,"Vara Criminal (crimes em geral, crimes dolosos contra a vida e Pres. do Trib. do Júri execução penal) e Juizado Especial Criminal.",2025-12-31,12,100.0,2
ITABERAÍ,"Vara Criminal (crimes em geral, crimes dolosos contra a vida e Pres. do Trib. do Júri execução penal) e Juizado Especial Criminal.",2026-01-31,12,100.0,3
ITABERAÍ,"Vara Criminal (crimes em geral, crimes dolosos contra a vida e Pres. do Trib. do Júri execução penal) e Juizado Especial Criminal.",2026-02-28,12,100.0,4
ITABERAÍ,"Vara Criminal (crimes em geral, crimes dolosos contra a vida e Pres. do Trib. do Júri execução penal) e Juizado Especial Criminal.",2026-03-31,12,100.0,5
ITABERAÍ,"Vara Criminal (crimes em geral, crimes dolosos contra a vida e Pres. do Trib. do Júri execução penal) e Juizado Especial Criminal.",2026-04-30,12,100.0,6
ITABERAÍ,"Vara Criminal (crimes em geral, crimes dolosos contra a vida e Pres. do Trib. do Júri execução penal) e Juizado Especial Criminal.",2026-05-31,12,100.0,7
ITABERAÍ,"Vara Criminal (crimes em geral, crimes dolosos contra a vida e Pres. do Trib. do Júri execução penal) e Juizado Especial Criminal.",2026-06-30,12,100.0,8
ITABERAÍ,"Vara Criminal (crimes em geral, crimes dolosos contra a vida e Pres. do Trib. do Júri execução penal) e Juizado Especial Criminal.",2026-07-31,12,100.0,9
ITABERAÍ,"Vara Criminal (crimes em geral, crimes dolosos contra a vida e Pres. do Trib. do Júri execução penal) e Juizado Especial Criminal.",2026-08-31,12,100.0,10
ITABERAÍ,"Vara Criminal (crimes em geral, crimes dolosos contra a vida e Pres. do Trib. do Júri execução penal) e Juizado Especial Criminal.",2026-09-30,12,100.0,11
ITABERAÍ,"Vara Criminal (crimes em geral, crimes dolosos contra a vida e Pres. do Trib. do Júri execução penal) e Juizado Especial Criminal.",2026-10-31,12,100.0,12
ITAJÁ,Vara Judicial,2025-11-30,12,95.82,1
ITAJÁ,Vara Judicial,2025-12-31,12,96.19,2
ITAJÁ,Vara Judicial,2026-01-31,12,96.57,3
ITAJÁ,Vara Judicial,2026-02-28,12,96.91,4
ITAJÁ,Vara Judicial,2026-03-31,12,97.28,5
ITAJÁ,Vara Judicial,2026-04-30,12,97.65,6
ITAJÁ,Vara Judicial,2026-05-31,12,98.02,7
ITAJÁ,Vara Judicial,2026-06-30,12,98.39,8
ITAJÁ,Vara Judicial,2026-07-31,12,98.76,9
ITAJÁ,Vara Judicial,2026-08-31,12,99.14,10
ITAJÁ,Vara Judicial,2026-09-30,12,99.5,11
ITAJÁ,Vara Judicial,2026-10-31,12,99.88,12
ITAPACI,Vara Judicial,2025-11-30,12,90.02,1
ITAPACI,Vara Judicial,2025-12-31,12,90.18,2
ITAPACI,Vara Judicial,2026-01-31,12,90.33,3
ITAPACI,Vara Judicial,2026-02-28,12,90.47,4
ITAPACI,Vara Judicial,2026-03-31,12,90.62,5
ITAPACI,Vara Judicial,2026-04-30,12,90.77,6
ITAPACI,Vara Judicial,2026-05-31,12,90.92,7
ITAPACI,Vara Judicial,2026-06-30,12,91.07,8
ITAPACI,Vara Judicial,2026-07-31,12,91.22,9
ITAPACI,Vara Judicial,2026-08-31,12,91.38,10
ITAPACI,Vara Judicial,2026-09-30,12,91.52,11
ITAPACI,Vara Judicial,2026-10-31,12,91.68,12
ITAPIRAPUÃ,Vara Judicial,2025-11-30,12,92.05,1
ITAPIRAPUÃ,Vara Judicial,2025-12-31,12,92.1,2
ITAPIRAPUÃ,Vara Judicial,2026-01-31,12,92.15,3
ITAPIRAPUÃ,Vara Judicial,2026-02-28,12,92.2,4
ITAPIRAPUÃ,Vara Judicial,2026-03-31,12,92.25,5
ITAPIRAPUÃ,Vara Judicial,2026-04-30,12,92.3,6
ITAPIRAPUÃ,Vara Judicial,2026-05-31,12,92.35,7
ITAPIRAPUÃ,Vara Judicial,2026-06-30,12,92.4,8
ITAPIRAPUÃ,Vara Judicial,2026-07-31,12,92.45,9
ITAPIRAPUÃ,Vara Judicial,2026-08-31,12,92.5,10
ITAPIRAPUÃ,Vara Judicial,2026-09-30,12,92.54,11
ITAPIRAPUÃ,Vara Judicial,2026-10-31,12,92.59,12
ITAPURANGA,"1ª Vara Judicial (Família e Sucessões, Infância e Juventude, Cível e Juizado Especial Cível)",2025-11-30,12,94.12,1
ITAPURANGA,"1ª Vara Judicial (Família e Sucessões, Infância e Juventude, Cível e Juizado Especial Cível)",2025-12-31,12,94.92,2
ITAPURANGA,"1ª Vara Judicial (Família e Sucessões, Infância e Juventude, Cível e Juizado Especial Cível)",2026-01-31,12,95.72,3
ITAPURANGA,"1ª Vara Judicial (Família e Sucessões, Infância e Juventude, Cível e Juizado Especial Cível)",2026-02-28,12,96.45,4
ITAPURANGA,"1ª Vara Judicial (Família e Sucessões, Infância e Juventude, Cível e Juizado Especial Cível)",2026-03-31,12,97.25,5
ITAPURANGA,"1ª Vara Judicial (Família e Sucessões, Infância e Juventude, Cível e Juizado Especial Cível)",2026-04-30,12,98.03,6
ITAPURANGA,"1ª Vara Judicial (Família e Sucessões, Infância e Juventude, Cível e Juizado Especial Cível)",2026-05-31,12,98.83,7
ITAPURANGA,"1ª Vara Judicial (Família e Sucessões, Infância e Juventude, Cível e Juizado Especial Cível)",2026-06-30,12,99.61,8
ITAPURANGA,"1ª Vara Judicial (Família e Sucessões, Infância e Juventude, Cível e Juizado Especial Cível)",2026-07-31,12,100.0,9
ITAPURANGA,"1ª Vara Judicial (Família e Sucessões, Infância e Juventude, Cível e Juizado Especial Cível)",2026-08-31,12,100.0,10
ITAPURANGA,"1ª Vara Judicial (Família e Sucessões, Infância e Juventude, Cível e Juizado Especial Cível)",2026-09-30,12,100.0,11
ITAPURANGA,"1ª Vara Judicial (Família e Sucessões, Infância e Juventude, Cível e Juizado Especial Cível)",2026-10-31,12,100.0,12
ITAPURANGA,"2ª Vara Judicial (Fazendas Públicas, Criminal, Execução Penal e Juizado Criminal)",2025-11-30,12,91.14,1
ITAPURANGA,"2ª Vara Judicial (Fazendas Públicas, Criminal, Execução Penal e Juizado Criminal)",2025-12-31,12,91.26,2
ITAPURANGA,"2ª Vara Judicial (Fazendas Públicas, Criminal, Execução Penal e Juizado Criminal)",2026-01-31,12,91.38,3
ITAPURANGA,"2ª Vara Judicial (Fazendas Públicas, Criminal, Execução Penal e Juizado Criminal)",2026-02-28,12,91.49,4
ITAPURANGA,"2ª Vara Judicial (Fazendas Públicas, Criminal, Execução Penal e Juizado Criminal)",2026-03-31,12,91.61,5
ITAPURANGA,"2ª Vara Judicial (Fazendas Públicas, Criminal, Execução Penal e Juizado Criminal)",2026-04-30,12,91.72,6
ITAPURANGA,"2ª Vara Judicial (Fazendas Públicas, Criminal, Execução Penal e Juizado Criminal)",2026-05-31,12,91.84,7
ITAPURANGA,"2ª Vara Judicial (Fazendas Públicas, Criminal, Execução Penal e Juizado Criminal)",2026-06-30,12,91.96,8
ITAPURANGA,"2ª Vara Judicial (Fazendas Públicas, Criminal, Execução Penal e Juizado Criminal)",2026-07-31,12,92.08,9
ITAPURANGA,"2ª Vara Judicial (Fazendas Públicas, Criminal, Execução Penal e Juizado Criminal)",2026-08-31,12,92.2,10
ITAPURANGA,"2ª Vara Judicial (Fazendas Públicas, Criminal, Execução Penal e Juizado Criminal)",2026-09-30,12,92.31,11
ITAPURANGA,"2ª Vara Judicial (Fazendas Públicas, Criminal, Execução Penal e Juizado Criminal)",2026-10-31,12,92.43,12
ITAUÇU,Vara Judicial,2025-11-30,12,92.26,1
ITAUÇU,Vara Judicial,2025-12-31,12,92.24,2
ITAUÇU,Vara Judicial,2026-01-31,12,92.22,3
ITAUÇU,Vara Judicial,2026-02-28,12,92.2,4
ITAUÇU,Vara Judicial,2026-03-31,12,92.17,5
ITAUÇU,Vara Judicial,2026-04-30,12,92.15,6
ITAUÇU,Vara Judicial,2026-05-31,12,92.13,7
ITAUÇU,Vara Judicial,2026-06-30,12,92.11,8
ITAUÇU,Vara Judicial,2026-07-31,12,92.09,9
ITAUÇU,Vara Judicial,2026-08-31,12,92.06,10
ITAUÇU,Vara Judicial,2026-09-30,12,92.04,11
ITAUÇU,Vara Judicial,2026-10-31,12,92.02,12
ITUMBIARA,1ª Vara (Cív. e da Inf.e da Juv.),2025-11-30,12,92.23,1
ITUMBIARA,1ª Vara (Cív. e da Inf.e da Juv.),2025-12-31,12,92.45,2
ITUMBIARA,1ª Vara (Cív. e da Inf.e da Juv.),2026-01-31,12,92.67,3
ITUMBIARA,1ª Vara (Cív. e da Inf.e da Juv.),2026-02-28,12,92.86,4
ITUMBIARA,1ª Vara (Cív. e da Inf.e da Juv.),2026-03-31,12,93.08,5
ITUMBIARA,1ª Vara (Cív. e da Inf.e da Juv.),2026-04-30,12,93.29,6
ITUMBIARA,1ª Vara (Cív. e da Inf.e da Juv.),2026-05-31,12,93.51,7
ITUMBIARA,1ª Vara (Cív. e da Inf.e da Juv.),2026-06-30,12,93.72,8
ITUMBIARA,1ª Vara (Cív. e da Inf.e da Juv.),2026-07-31,12,93.94,9
ITUMBIARA,1ª Vara (Cív. e da Inf.e da Juv.),2026-08-31,12,94.16,10
ITUMBIARA,1ª Vara (Cív. e da Inf.e da Juv.),2026-09-30,12,94.37,11
ITUMBIARA,1ª Vara (Cív. e da Inf.e da Juv.),2026-10-31,12,94.58,12
ITUMBIARA,1ª Vara Criminal (crimes em geral e execuções penais),2025-11-30,12,100.0,1
ITUMBIARA,1ª Vara Criminal (crimes em geral e execuções penais),2025-12-31,12,100.0,2
ITUMBIARA,1ª Vara Criminal (crimes em geral e execuções penais),2026-01-31,12,100.0,3
ITUMBIARA,1ª Vara Criminal (crimes em geral e execuções penais),2026-02-28,12,100.0,4
ITUMBIARA,1ª Vara Criminal (crimes em geral e execuções penais),2026-03-31,12,100.0,5
ITUMBIARA,1ª Vara Criminal (crimes em geral e execuções penais),2026-04-30,12,100.0,6
ITUMBIARA,1ª Vara Criminal (crimes em geral e execuções penais),2026-05-31,12,100.0,7
ITUMBIARA,1ª Vara Criminal (crimes em geral e execuções penais),2026-06-30,12,100.0,8
ITUMBIARA,1ª Vara Criminal (crimes em geral e execuções penais),2026-07-31,12,100.0,9
ITUMBIARA,1ª Vara Criminal (crimes em geral e execuções penais),2026-08-31,12,100.0,10
ITUMBIARA,1ª Vara Criminal (crimes em geral e execuções penais),2026-09-30,12,100.0,11
ITUMBIARA,1ª Vara Criminal (crimes em geral e execuções penais),2026-10-31,12,100.0,12
ITUMBIARA,1º Juizado Especial Cível e Criminal,2025-11-30,12,51.43,1
ITUMBIARA,1º Juizado Especial Cível e Criminal,2025-12-31,12,52.77,2
ITUMBIARA,1º Juizado Especial Cível e Criminal,2026-01-31,12,54.11,3
ITUMBIARA,1º Juizado Especial Cível e Criminal,2026-02-28,12,55.32,4
ITUMBIARA,1º Juizado Especial Cível e Criminal,2026-03-31,12,56.66,5
ITUMBIARA,1º Juizado Especial Cível e Criminal,2026-04-30,12,57.95,6
ITUMBIARA,1º Juizado Especial Cível e Criminal,2026-05-31,12,59.29,7
ITUMBIARA,1º Juizado Especial Cível e Criminal,2026-06-30,12,60.59,8
ITUMBIARA,1º Juizado Especial Cível e Criminal,2026-07-31,12,61.93,9
ITUMBIARA,1º Juizado Especial Cível e Criminal,2026-08-31,12,63.27,10
ITUMBIARA,1º Juizado Especial Cível e Criminal,2026-09-30,12,64.56,11
ITUMBIARA,1º Juizado Especial Cível e Criminal,2026-10-31,12,65.9,12
ITUMBIARA,2ª Vara (Cível e Ambiental),2025-11-30,12,95.22,1
ITUMBIARA,2ª Vara (Cível e Ambiental),2025-12-31,12,95.36,2
ITUMBIARA,2ª Vara (Cível e Ambiental),2026-01-31,12,95.49,3
ITUMBIARA,2ª Vara (Cível e Ambiental),2026-02-28,12,95.62,4
ITUMBIARA,2ª Vara (Cível e Ambiental),2026-03-31,12,95.76,5
ITUMBIARA,2ª Vara (Cível e Ambiental),2026-04-30,12,95.89,6
ITUMBIARA,2ª Vara (Cível e Ambiental),2026-05-31,12,96.03,7
ITUMBIARA,2ª Vara (Cível e Ambiental),2026-06-30,12,96.17,8
ITUMBIARA,2ª Vara (Cível e Ambiental),2026-07-31,12,96.31,9
ITUMBIARA,2ª Vara (Cível e Ambiental),2026-08-31,12,96.44,10
ITUMBIARA,2ª Vara (Cível e Ambiental),2026-09-30,12,96.58,11
ITUMBIARA,2ª Vara (Cível e Ambiental),2026-10-31,12,96.72,12
ITUMBIARA,"2ª Vara Criminal (crimes dolosos contra a vida, Pres. Trib. Juri e crimes em geral)",2025-11-30,12,100.0,1
ITUMBIARA,"2ª Vara Criminal (crimes dolosos contra a vida, Pres. Trib. Juri e crimes em geral)",2025-12-31,12,100.0,2
ITUMBIARA,"2ª Vara Criminal (crimes dolosos contra a vida, Pres. Trib. Juri e crimes em geral)",2026-01-31,12,100.0,3
ITUMBIARA,"2ª Vara Criminal (crimes dolosos contra a vida, Pres. Trib. Juri e crimes em geral)",2026-02-28,12,100.0,4
ITUMBIARA,"2ª Vara Criminal (crimes dolosos contra a vida, Pres. Trib. Juri e crimes em geral)",2026-03-31,12,100.0,5
ITUMBIARA,"2ª Vara Criminal (crimes dolosos contra a vida, Pres. Trib. Juri e crimes em geral)",2026-04-30,12,100.0,6
ITUMBIARA,"2ª Vara Criminal (crimes dolosos contra a vida, Pres. Trib. Juri e crimes em geral)",2026-05-31,12,100.0,7
ITUMBIARA,"2ª Vara Criminal (crimes dolosos contra a vida, Pres. Trib. Juri e crimes em geral)",2026-06-30,12,100.0,8
ITUMBIARA,"2ª Vara Criminal (crimes dolosos contra a vida, Pres. Trib. Juri e crimes em geral)",2026-07-31,12,100.0,9
ITUMBIARA,"2ª Vara Criminal (crimes dolosos contra a vida, Pres. Trib. Juri e crimes em geral)",2026-08-31,12,100.0,10
ITUMBIARA,"2ª Vara Criminal (crimes dolosos contra a vida, Pres. Trib. Juri e crimes em geral)",2026-09-30,12,100.0,11
ITUMBIARA,"2ª Vara Criminal (crimes dolosos contra a vida, Pres. Trib. Juri e crimes em geral)",2026-10-31,12,100.0,12
ITUMBIARA,2º Juizado Especial Cível e Criminal,2025-11-30,12,66.46,1
ITUMBIARA,2º Juizado Especial Cível e Criminal,2025-12-31,12,68.12,2
ITUMBIARA,2º Juizado Especial Cível e Criminal,2026-01-31,12,69.79,3
ITUMBIARA,2º Juizado Especial Cível e Criminal,2026-02-28,12,71.29,4
ITUMBIARA,2º Juizado Especial Cível e Criminal,2026-03-31,12,72.95,5
ITUMBIARA,2º Juizado Especial Cível e Criminal,2026-04-30,12,74.56,6
ITUMBIARA,2º Juizado Especial Cível e Criminal,2026-05-31,12,76.23,7
ITUMBIARA,2º Juizado Especial Cível e Criminal,2026-06-30,12,77.84,8
ITUMBIARA,2º Juizado Especial Cível e Criminal,2026-07-31,12,79.5,9
ITUMBIARA,2º Juizado Especial Cível e Criminal,2026-08-31,12,81.16,10
ITUMBIARA,2º Juizado Especial Cível e Criminal,2026-09-30,12,82.77,11
ITUMBIARA,2º Juizado Especial Cível e Criminal,2026-10-31,12,84.44,12
ITUMBIARA,Vara de Família e Sucessões,2025-11-30,12,90.34,1
ITUMBIARA,Vara de Família e Sucessões,2025-12-31,12,91.64,2
ITUMBIARA,Vara de Família e Sucessões,2026-01-31,12,92.94,3
ITUMBIARA,Vara de Família e Sucessões,2026-02-28,12,94.12,4
ITUMBIARA,Vara de Família e Sucessões,2026-03-31,12,95.42,5
ITUMBIARA,Vara de Família e Sucessões,2026-04-30,12,96.68,6
ITUMBIARA,Vara de Família e Sucessões,2026-05-31,12,97.98,7
ITUMBIARA,Vara de Família e Sucessões,2026-06-30,12,99.25,8
ITUMBIARA,Vara de Família e Sucessões,2026-07-31,12,100.0,9
ITUMBIARA,Vara de Família e Sucessões,2026-08-31,12,100.0,10
ITUMBIARA,Vara de Família e Sucessões,2026-09-30,12,100.0,11
ITUMBIARA,Vara de Família e Sucessões,2026-10-31,12,100.0,12
ITUMBIARA,Vara de Fazendas Públicas e de Registros Públicos,2025-11-30,12,78.26,1
ITUMBIARA,Vara de Fazendas Públicas e de Registros Públicos,2025-12-31,12,78.31,2
ITUMBIARA,Vara de Fazendas Públicas e de Registros Públicos,2026-01-31,12,78.37,3
ITUMBIARA,Vara de Fazendas Públicas e de Registros Públicos,2026-02-28,12,78.41,4
ITUMBIARA,Vara de Fazendas Públicas e de Registros Públicos,2026-03-31,12,78.47,5
ITUMBIARA,Vara de Fazendas Públicas e de Registros Públicos,2026-04-30,12,78.52,6
ITUMBIARA,Vara de Fazendas Públicas e de Registros Públicos,2026-05-31,12,78.57,7
ITUMBIARA,Vara de Fazendas Públicas e de Registros Públicos,2026-06-30,12,78.62,8
ITUMBIARA,Vara de Fazendas Públicas e de Registros Públicos,2026-07-31,12,78.67,9
ITUMBIARA,Vara de Fazendas Públicas e de Registros Públicos,2026-08-31,12,78.72,10
ITUMBIARA,Vara de Fazendas Públicas e de Registros Públicos,2026-09-30,12,78.77,11
ITUMBIARA,Vara de Fazendas Públicas e de Registros Públicos,2026-10-31,12,78.83,12
JANDAIA,Vara Judicial,2025-11-30,12,86.44,1
JANDAIA,Vara Judicial,2025-12-31,12,86.46,2
JANDAIA,Vara Judicial,2026-01-31,12,86.49,3
JANDAIA,Vara Judicial,2026-02-28,12,86.51,4
JANDAIA,Vara Judicial,2026-03-31,12,86.54,5
JANDAIA,Vara Judicial,2026-04-30,12,86.56,6
JANDAIA,Vara Judicial,2026-05-31,12,86.58,7
JANDAIA,Vara Judicial,2026-06-30,12,86.61,8
JANDAIA,Vara Judicial,2026-07-31,12,86.63,9
JANDAIA,Vara Judicial,2026-08-31,12,86.66,10
JANDAIA,Vara Judicial,2026-09-30,12,86.68,11
JANDAIA,Vara Judicial,2026-10-31,12,86.71,12
JARAGUÁ,"Vara Criminal (crime em geral, crimes dolosos contra a vida e Pres. do Trib. do Júri - Execução Penal) e Juizado Especial Criminal",2025-11-30,12,94.38,1
JARAGUÁ,"Vara Criminal (crime em geral, crimes dolosos contra a vida e Pres. do Trib. do Júri - Execução Penal) e Juizado Especial Criminal",2025-12-31,12,94.87,2
JARAGUÁ,"Vara Criminal (crime em geral, crimes dolosos contra a vida e Pres. do Trib. do Júri - Execução Penal) e Juizado Especial Criminal",2026-01-31,12,95.36,3
JARAGUÁ,"Vara Criminal (crime em geral, crimes dolosos contra a vida e Pres. do Trib. do Júri - Execução Penal) e Juizado Especial Criminal",2026-02-28,12,95.8,4
JARAGUÁ,"Vara Criminal (crime em geral, crimes dolosos contra a vida e Pres. do Trib. do Júri - Execução Penal) e Juizado Especial Criminal",2026-03-31,12,96.29,5
JARAGUÁ,"Vara Criminal (crime em geral, crimes dolosos contra a vida e Pres. do Trib. do Júri - Execução Penal) e Juizado Especial Criminal",2026-04-30,12,96.76,6
JARAGUÁ,"Vara Criminal (crime em geral, crimes dolosos contra a vida e Pres. do Trib. do Júri - Execução Penal) e Juizado Especial Criminal",2026-05-31,12,97.25,7
JARAGUÁ,"Vara Criminal (crime em geral, crimes dolosos contra a vida e Pres. do Trib. do Júri - Execução Penal) e Juizado Especial Criminal",2026-06-30,12,97.72,8
JARAGUÁ,"Vara Criminal (crime em geral, crimes dolosos contra a vida e Pres. do Trib. do Júri - Execução Penal) e Juizado Especial Criminal",2026-07-31,12,98.21,9
JARAGUÁ,"Vara Criminal (crime em geral, crimes dolosos contra a vida e Pres. do Trib. do Júri - Execução Penal) e Juizado Especial Criminal",2026-08-31,12,98.7,10
JARAGUÁ,"Vara Criminal (crime em geral, crimes dolosos contra a vida e Pres. do Trib. do Júri - Execução Penal) e Juizado Especial Criminal",2026-09-30,12,99.17,11
JARAGUÁ,"Vara Criminal (crime em geral, crimes dolosos contra a vida e Pres. do Trib. do Júri - Execução Penal) e Juizado Especial Criminal",2026-10-31,12,99.66,12
JARAGUÁ,"Vara Cível, Infância e Juventude e Juizado Especial Cível",2025-11-30,12,89.84,1
JARAGUÁ,"Vara Cível, Infância e Juventude e Juizado Especial Cível",2025-12-31,12,90.12,2
JARAGUÁ,"Vara Cível, Infância e Juventude e Juizado Especial Cível",2026-01-31,12,90.41,3
JARAGUÁ,"Vara Cível, Infância e Juventude e Juizado Especial Cível",2026-02-28,12,90.67,4
JARAGUÁ,"Vara Cível, Infância e Juventude e Juizado Especial Cível",2026-03-31,12,90.96,5
JARAGUÁ,"Vara Cível, Infância e Juventude e Juizado Especial Cível",2026-04-30,12,91.24,6
JARAGUÁ,"Vara Cível, Infância e Juventude e Juizado Especial Cível",2026-05-31,12,91.53,7
JARAGUÁ,"Vara Cível, Infância e Juventude e Juizado Especial Cível",2026-06-30,12,91.81,8
JARAGUÁ,"Vara Cível, Infância e Juventude e Juizado Especial Cível",2026-07-31,12,92.1,9
JARAGUÁ,"Vara Cível, Infância e Juventude e Juizado Especial Cível",2026-08-31,12,92.39,10
JARAGUÁ,"Vara Cível, Infância e Juventude e Juizado Especial Cível",2026-09-30,12,92.67,11
JARAGUÁ,"Vara Cível, Infância e Juventude e Juizado Especial Cível",2026-10-31,12,92.96,12
JARAGUÁ,Vara das Fazendas Públicas e Registro Público e de Família e Sucessões,2025-11-30,12,80.52,1
JARAGUÁ,Vara das Fazendas Públicas e Registro Público e de Família e Sucessões,2025-12-31,12,81.16,2
JARAGUÁ,Vara das Fazendas Públicas e Registro Público e de Família e Sucessões,2026-01-31,12,81.8,3
JARAGUÁ,Vara das Fazendas Públicas e Registro Público e de Família e Sucessões,2026-02-28,12,82.38,4
JARAGUÁ,Vara das Fazendas Públicas e Registro Público e de Família e Sucessões,2026-03-31,12,83.01,5
JARAGUÁ,Vara das Fazendas Públicas e Registro Público e de Família e Sucessões,2026-04-30,12,83.63,6
JARAGUÁ,Vara das Fazendas Públicas e Registro Público e de Família e Sucessões,2026-05-31,12,84.27,7
JARAGUÁ,Vara das Fazendas Públicas e Registro Público e de Família e Sucessões,2026-06-30,12,84.89,8
JARAGUÁ,Vara das Fazendas Públicas e Registro Público e de Família e Sucessões,2026-07-31,12,85.53,9
JARAGUÁ,Vara das Fazendas Públicas e Registro Público e de Família e Sucessões,2026-08-31,12,86.17,10
JARAGUÁ,Vara das Fazendas Públicas e Registro Público e de Família e Sucessões,2026-09-30,12,86.79,11
JARAGUÁ,Vara das Fazendas Públicas e Registro Público e de Família e Sucessões,2026-10-31,12,87.43,12
JATAÍ,1ª Vara Criminal (crimes em geral e execuções penais),2025-11-30,12,100.0,1
JATAÍ,1ª Vara Criminal (crimes em geral e execuções penais),2025-12-31,12,100.0,2
JATAÍ,1ª Vara Criminal (crimes em geral e execuções penais),2026-01-31,12,100.0,3
JATAÍ,1ª Vara Criminal (crimes em geral e execuções penais),2026-02-28,12,100.0,4
JATAÍ,1ª Vara Criminal (crimes em geral e execuções penais),2026-03-31,12,100.0,5
JATAÍ,1ª Vara Criminal (crimes em geral e execuções penais),2026-04-30,12,100.0,6
JATAÍ,1ª Vara Criminal (crimes em geral e execuções penais),2026-05-31,12,100.0,7
JATAÍ,1ª Vara Criminal (crimes em geral e execuções penais),2026-06-30,12,100.0,8
JATAÍ,1ª Vara Criminal (crimes em geral e execuções penais),2026-07-31,12,100.0,9
JATAÍ,1ª Vara Criminal (crimes em geral e execuções penais),2026-08-31,12,100.0,10
JATAÍ,1ª Vara Criminal (crimes em geral e execuções penais),2026-09-30,12,100.0,11
JATAÍ,1ª Vara Criminal (crimes em geral e execuções penais),2026-10-31,12,100.0,12
JATAÍ,1ª Vara Cível,2025-11-30,12,94.87,1
JATAÍ,1ª Vara Cível,2025-12-31,12,94.9,2
JATAÍ,1ª Vara Cível,2026-01-31,12,94.93,3
JATAÍ,1ª Vara Cível,2026-02-28,12,94.95,4
JATAÍ,1ª Vara Cível,2026-03-31,12,94.97,5
JATAÍ,1ª Vara Cível,2026-04-30,12,95.0,6
JATAÍ,1ª Vara Cível,2026-05-31,12,95.02,7
JATAÍ,1ª Vara Cível,2026-06-30,12,95.05,8
JATAÍ,1ª Vara Cível,2026-07-31,12,95.07,9
JATAÍ,1ª Vara Cível,2026-08-31,12,95.1,10
JATAÍ,1ª Vara Cível,2026-09-30,12,95.12,11
JATAÍ,1ª Vara Cível,2026-10-31,12,95.15,12
JATAÍ,2ª Vara Criminal (crimes dolosos contra a vida e Presidência do Tribunal do Júri),2025-11-30,12,100.0,1
JATAÍ,2ª Vara Criminal (crimes dolosos contra a vida e Presidência do Tribunal do Júri),2025-12-31,12,100.0,2
JATAÍ,2ª Vara Criminal (crimes dolosos contra a vida e Presidência do Tribunal do Júri),2026-01-31,12,100.0,3
JATAÍ,2ª Vara Criminal (crimes dolosos contra a vida e Presidência do Tribunal do Júri),2026-02-28,12,100.0,4
JATAÍ,2ª Vara Criminal (crimes dolosos contra a vida e Presidência do Tribunal do Júri),2026-03-31,12,100.0,5
JATAÍ,2ª Vara Criminal (crimes dolosos contra a vida e Presidência do Tribunal do Júri),2026-04-30,12,100.0,6
JATAÍ,2ª Vara Criminal (crimes dolosos contra a vida e Presidência do Tribunal do Júri),2026-05-31,12,100.0,7
JATAÍ,2ª Vara Criminal (crimes dolosos contra a vida e Presidência do Tribunal do Júri),2026-06-30,12,100.0,8
JATAÍ,2ª Vara Criminal (crimes dolosos contra a vida e Presidência do Tribunal do Júri),2026-07-31,12,100.0,9
JATAÍ,2ª Vara Criminal (crimes dolosos contra a vida e Presidência do Tribunal do Júri),2026-08-31,12,100.0,10
JATAÍ,2ª Vara Criminal (crimes dolosos contra a vida e Presidência do Tribunal do Júri),2026-09-30,12,100.0,11
JATAÍ,2ª Vara Criminal (crimes dolosos contra a vida e Presidência do Tribunal do Júri),2026-10-31,12,100.0,12
JATAÍ,2ª Vara Cível,2025-11-30,12,95.49,1
JATAÍ,2ª Vara Cível,2025-12-31,12,95.62,2
JATAÍ,2ª Vara Cível,2026-01-31,12,95.76,3
JATAÍ,2ª Vara Cível,2026-02-28,12,95.88,4
JATAÍ,2ª Vara Cível,2026-03-31,12,96.02,5
JATAÍ,2ª Vara Cível,2026-04-30,12,96.15,6
JATAÍ,2ª Vara Cível,2026-05-31,12,96.28,7
JATAÍ,2ª Vara Cível,2026-06-30,12,96.42,8
JATAÍ,2ª Vara Cível,2026-07-31,12,96.55,9
JATAÍ,2ª Vara Cível,2026-08-31,12,96.69,10
JATAÍ,2ª Vara Cível,2026-09-30,12,96.82,11
JATAÍ,2ª Vara Cível,2026-10-31,12,96.96,12
JATAÍ,Juizado Especial Cível e Criminal,2025-11-30,12,92.78,1
JATAÍ,Juizado Especial Cível e Criminal,2025-12-31,12,94.33,2
JATAÍ,Juizado Especial Cível e Criminal,2026-01-31,12,95.87,3
JATAÍ,Juizado Especial Cível e Criminal,2026-02-28,12,97.26,4
JATAÍ,Juizado Especial Cível e Criminal,2026-03-31,12,98.81,5
JATAÍ,Juizado Especial Cível e Criminal,2026-04-30,12,100.0,6
JATAÍ,Juizado Especial Cível e Criminal,2026-05-31,12,100.0,7
JATAÍ,Juizado Especial Cível e Criminal,2026-06-30,12,100.0,8
JATAÍ,Juizado Especial Cível e Criminal,2026-07-31,12,100.0,9
JATAÍ,Juizado Especial Cível e Criminal,2026-08-31,12,100.0,10
JATAÍ,Juizado Especial Cível e Criminal,2026-09-30,12,100.0,11
JATAÍ,Juizado Especial Cível e Criminal,2026-10-31,12,100.0,12
JATAÍ,Juizado de Violência Doméstica e Familiar Contra a Mulher,2025-11-30,12,94.55,1
JATAÍ,Juizado de Violência Doméstica e Familiar Contra a Mulher,2025-12-31,12,95.29,2
JATAÍ,Juizado de Violência Doméstica e Familiar Contra a Mulher,2026-01-31,12,96.02,3
JATAÍ,Juizado de Violência Doméstica e Familiar Contra a Mulher,2026-02-28,12,96.68,4
JATAÍ,Juizado de Violência Doméstica e Familiar Contra a Mulher,2026-03-31,12,97.42,5
JATAÍ,Juizado de Violência Doméstica e Familiar Contra a Mulher,2026-04-30,12,98.13,6
JATAÍ,Juizado de Violência Doméstica e Familiar Contra a Mulher,2026-05-31,12,98.87,7
JATAÍ,Juizado de Violência Doméstica e Familiar Contra a Mulher,2026-06-30,12,99.58,8
JATAÍ,Juizado de Violência Doméstica e Familiar Contra a Mulher,2026-07-31,12,100.0,9
JATAÍ,Juizado de Violência Doméstica e Familiar Contra a Mulher,2026-08-31,12,100.0,10
JATAÍ,Juizado de Violência Doméstica e Familiar Contra a Mulher,2026-09-30,12,100.0,11
JATAÍ,Juizado de Violência Doméstica e Familiar Contra a Mulher,2026-10-31,12,100.0,12
JATAÍ,Vara de Família e Sucessões,2025-11-30,12,82.35,1
JATAÍ,Vara de Família e Sucessões,2025-12-31,12,83.27,2
JATAÍ,Vara de Família e Sucessões,2026-01-31,12,84.19,3
JATAÍ,Vara de Família e Sucessões,2026-02-28,12,85.01,4
JATAÍ,Vara de Família e Sucessões,2026-03-31,12,85.93,5
JATAÍ,Vara de Família e Sucessões,2026-04-30,12,86.82,6
JATAÍ,Vara de Família e Sucessões,2026-05-31,12,87.74,7
JATAÍ,Vara de Família e Sucessões,2026-06-30,12,88.62,8
JATAÍ,Vara de Família e Sucessões,2026-07-31,12,89.54,9
JATAÍ,Vara de Família e Sucessões,2026-08-31,12,90.46,10
JATAÍ,Vara de Família e Sucessões,2026-09-30,12,91.34,11
JATAÍ,Vara de Família e Sucessões,2026-10-31,12,92.26,12
JATAÍ,"Vara de Fazendas Públicas, Registros Públicos e Infância e Juventude",2025-11-30,12,91.19,1
JATAÍ,"Vara de Fazendas Públicas, Registros Públicos e Infância e Juventude",2025-12-31,12,91.26,2
JATAÍ,"Vara de Fazendas Públicas, Registros Públicos e Infância e Juventude",2026-01-31,12,91.34,3
JATAÍ,"Vara de Fazendas Públicas, Registros Públicos e Infância e Juventude",2026-02-28,12,91.41,4
JATAÍ,"Vara de Fazendas Públicas, Registros Públicos e Infância e Juventude",2026-03-31,12,91.48,5
JATAÍ,"Vara de Fazendas Públicas, Registros Públicos e Infância e Juventude",2026-04-30,12,91.56,6
JATAÍ,"Vara de Fazendas Públicas, Registros Públicos e Infância e Juventude",2026-05-31,12,91.63,7
JATAÍ,"Vara de Fazendas Públicas, Registros Públicos e Infância e Juventude",2026-06-30,12,91.71,8
JATAÍ,"Vara de Fazendas Públicas, Registros Públicos e Infância e Juventude",2026-07-31,12,91.78,9
JATAÍ,"Vara de Fazendas Públicas, Registros Públicos e Infância e Juventude",2026-08-31,12,91.86,10
JATAÍ,"Vara de Fazendas Públicas, Registros Públicos e Infância e Juventude",2026-09-30,12,91.93,11
JATAÍ,"Vara de Fazendas Públicas, Registros Públicos e Infância e Juventude",2026-10-31,12,92.01,12
JOVIÂNIA,Vara Judicial,2025-11-30,12,100.0,1
JOVIÂNIA,Vara Judicial,2025-12-31,12,100.0,2
JOVIÂNIA,Vara Judicial,2026-01-31,12,100.0,3
JOVIÂNIA,Vara Judicial,2026-02-28,12,100.0,4
JOVIÂNIA,Vara Judicial,2026-03-31,12,100.0,5
JOVIÂNIA,Vara Judicial,2026-04-30,12,100.0,6
JOVIÂNIA,Vara Judicial,2026-05-31,12,100.0,7
JOVIÂNIA,Vara Judicial,2026-06-30,12,100.0,8
JOVIÂNIA,Vara Judicial,2026-07-31,12,100.0,9
JOVIÂNIA,Vara Judicial,2026-08-31,12,100.0,10
JOVIÂNIA,Vara Judicial,2026-09-30,12,100.0,11
JOVIÂNIA,Vara Judicial,2026-10-31,12,100.0,12
JUSSARA,"1ª Vara Judicial (Família e Sucessões, Infância e Juventude, Cível e Juizado Especial Cível)",2025-11-30,12,93.2,1
JUSSARA,"1ª Vara Judicial (Família e Sucessões, Infância e Juventude, Cível e Juizado Especial Cível)",2025-12-31,12,93.65,2
JUSSARA,"1ª Vara Judicial (Família e Sucessões, Infância e Juventude, Cível e Juizado Especial Cível)",2026-01-31,12,94.1,3
JUSSARA,"1ª Vara Judicial (Família e Sucessões, Infância e Juventude, Cível e Juizado Especial Cível)",2026-02-28,12,94.51,4
JUSSARA,"1ª Vara Judicial (Família e Sucessões, Infância e Juventude, Cível e Juizado Especial Cível)",2026-03-31,12,94.96,5
JUSSARA,"1ª Vara Judicial (Família e Sucessões, Infância e Juventude, Cível e Juizado Especial Cível)",2026-04-30,12,95.4,6
JUSSARA,"1ª Vara Judicial (Família e Sucessões, Infância e Juventude, Cível e Juizado Especial Cível)",2026-05-31,12,95.85,7
JUSSARA,"1ª Vara Judicial (Família e Sucessões, Infância e Juventude, Cível e Juizado Especial Cível)",2026-06-30,12,96.29,8
JUSSARA,"1ª Vara Judicial (Família e Sucessões, Infância e Juventude, Cível e Juizado Especial Cível)",2026-07-31,12,96.74,9
JUSSARA,"1ª Vara Judicial (Família e Sucessões, Infância e Juventude, Cível e Juizado Especial Cível)",2026-08-31,12,97.19,10
JUSSARA,"1ª Vara Judicial (Família e Sucessões, Infância e Juventude, Cível e Juizado Especial Cível)",2026-09-30,12,97.63,11
JUSSARA,"1ª Vara Judicial (Família e Sucessões, Infância e Juventude, Cível e Juizado Especial Cível)",2026-10-31,12,98.08,12
JUSSARA,"2ª Vara Judicial (Fazendas Públicas, Criminal, Execução Penal e Juizado Criminal)",2025-11-30,12,91.19,1
JUSSARA,"2ª Vara Judicial (Fazendas Públicas, Criminal, Execução Penal e Juizado Criminal)",2025-12-31,12,91.39,2
JUSSARA,"2ª Vara Judicial (Fazendas Públicas, Criminal, Execução Penal e Juizado Criminal)",2026-01-31,12,91.59,3
JUSSARA,"2ª Vara Judicial (Fazendas Públicas, Criminal, Execução Penal e Juizado Criminal)",2026-02-28,12,91.77,4
JUSSARA,"2ª Vara Judicial (Fazendas Públicas, Criminal, Execução Penal e Juizado Criminal)",2026-03-31,12,91.97,5
JUSSARA,"2ª Vara Judicial (Fazendas Públicas, Criminal, Execução Penal e Juizado Criminal)",2026-04-30,12,92.16,6
JUSSARA,"2ª Vara Judicial (Fazendas Públicas, Criminal, Execução Penal e Juizado Criminal)",2026-05-31,12,92.36,7
JUSSARA,"2ª Vara Judicial (Fazendas Públicas, Criminal, Execução Penal e Juizado Criminal)",2026-06-30,12,92.55,8
JUSSARA,"2ª Vara Judicial (Fazendas Públicas, Criminal, Execução Penal e Juizado Criminal)",2026-07-31,12,92.75,9
JUSSARA,"2ª Vara Judicial (Fazendas Públicas, Criminal, Execução Penal e Juizado Criminal)",2026-08-31,12,92.95,10
JUSSARA,"2ª Vara Judicial (Fazendas Públicas, Criminal, Execução Penal e Juizado Criminal)",2026-09-30,12,93.14,11
JUSSARA,"2ª Vara Judicial (Fazendas Públicas, Criminal, Execução Penal e Juizado Criminal)",2026-10-31,12,93.34,12
LEOPOLDO DE BULHÕES,Vara Judicial,2025-11-30,12,89.48,1
LEOPOLDO DE BULHÕES,Vara Judicial,2025-12-31,12,89.52,2
LEOPOLDO DE BULHÕES,Vara Judicial,2026-01-31,12,89.56,3
LEOPOLDO DE BULHÕES,Vara Judicial,2026-02-28,12,89.59,4
LEOPOLDO DE BULHÕES,Vara Judicial,2026-03-31,12,89.63,5
LEOPOLDO DE BULHÕES,Vara Judicial,2026-04-30,12,89.67,6
LEOPOLDO DE BULHÕES,Vara Judicial,2026-05-31,12,89.71,7
LEOPOLDO DE BULHÕES,Vara Judicial,2026-06-30,12,89.75,8
LEOPOLDO DE BULHÕES,Vara Judicial,2026-07-31,12,89.79,9
LEOPOLDO DE BULHÕES,Vara Judicial,2026-08-31,12,89.83,10
LEOPOLDO DE BULHÕES,Vara Judicial,2026-09-30,12,89.86,11
LEOPOLDO DE BULHÕES,Vara Judicial,2026-10-31,12,89.9,12
LUZIÂNIA,1ª Vara (Cível e da Faz. Púb. Estadual),2025-11-30,12,94.95,1
LUZIÂNIA,1ª Vara (Cível e da Faz. Púb. Estadual),2025-12-31,12,95.0,2
LUZIÂNIA,1ª Vara (Cível e da Faz. Púb. Estadual),2026-01-31,12,95.05,3
LUZIÂNIA,1ª Vara (Cível e da Faz. Púb. Estadual),2026-02-28,12,95.09,4
LUZIÂNIA,1ª Vara (Cível e da Faz. Púb. Estadual),2026-03-31,12,95.14,5
LUZIÂNIA,1ª Vara (Cível e da Faz. Púb. Estadual),2026-04-30,12,95.18,6
LUZIÂNIA,1ª Vara (Cível e da Faz. Púb. Estadual),2026-05-31,12,95.23,7
LUZIÂNIA,1ª Vara (Cível e da Faz. Púb. Estadual),2026-06-30,12,95.28,8
LUZIÂNIA,1ª Vara (Cível e da Faz. Púb. Estadual),2026-07-31,12,95.32,9
LUZIÂNIA,1ª Vara (Cível e da Faz. Púb. Estadual),2026-08-31,12,95.37,10
LUZIÂNIA,1ª Vara (Cível e da Faz. Púb. Estadual),2026-09-30,12,95.42,11
LUZIÂNIA,1ª Vara (Cível e da Faz. Púb. Estadual),2026-10-31,12,95.47,12
LUZIÂNIA,"1ª Vara Criminal (crimes dolosos contra a vida, Pres. Trib do Juri e Execuções Penais)",2025-11-30,12,92.98,1
LUZIÂNIA,"1ª Vara Criminal (crimes dolosos contra a vida, Pres. Trib do Juri e Execuções Penais)",2025-12-31,12,94.34,2
LUZIÂNIA,"1ª Vara Criminal (crimes dolosos contra a vida, Pres. Trib do Juri e Execuções Penais)",2026-01-31,12,95.69,3
LUZIÂNIA,"1ª Vara Criminal (crimes dolosos contra a vida, Pres. Trib do Juri e Execuções Penais)",2026-02-28,12,96.92,4
LUZIÂNIA,"1ª Vara Criminal (crimes dolosos contra a vida, Pres. Trib do Juri e Execuções Penais)",2026-03-31,12,98.27,5
LUZIÂNIA,"1ª Vara Criminal (crimes dolosos contra a vida, Pres. Trib do Juri e Execuções Penais)",2026-04-30,12,99.58,6
LUZIÂNIA,"1ª Vara Criminal (crimes dolosos contra a vida, Pres. Trib do Juri e Execuções Penais)",2026-05-31,12,100.0,7
LUZIÂNIA,"1ª Vara Criminal (crimes dolosos contra a vida, Pres. Trib do Juri e Execuções Penais)",2026-06-30,12,100.0,8
LUZIÂNIA,"1ª Vara Criminal (crimes dolosos contra a vida, Pres. Trib do Juri e Execuções Penais)",2026-07-31,12,100.0,9
LUZIÂNIA,"1ª Vara Criminal (crimes dolosos contra a vida, Pres. Trib do Juri e Execuções Penais)",2026-08-31,12,100.0,10
LUZIÂNIA,"1ª Vara Criminal (crimes dolosos contra a vida, Pres. Trib do Juri e Execuções Penais)",2026-09-30,12,100.0,11
LUZIÂNIA,"1ª Vara Criminal (crimes dolosos contra a vida, Pres. Trib do Juri e Execuções Penais)",2026-10-31,12,100.0,12
LUZIÂNIA,1ª Vara de Família e Sucessões,2025-11-30,12,91.93,1
LUZIÂNIA,1ª Vara de Família e Sucessões,2025-12-31,12,93.02,2
LUZIÂNIA,1ª Vara de Família e Sucessões,2026-01-31,12,94.11,3
LUZIÂNIA,1ª Vara de Família e Sucessões,2026-02-28,12,95.1,4
LUZIÂNIA,1ª Vara de Família e Sucessões,2026-03-31,12,96.19,5
LUZIÂNIA,1ª Vara de Família e Sucessões,2026-04-30,12,97.24,6
LUZIÂNIA,1ª Vara de Família e Sucessões,2026-05-31,12,98.33,7
LUZIÂNIA,1ª Vara de Família e Sucessões,2026-06-30,12,99.39,8
LUZIÂNIA,1ª Vara de Família e Sucessões,2026-07-31,12,100.0,9
LUZIÂNIA,1ª Vara de Família e Sucessões,2026-08-31,12,100.0,10
LUZIÂNIA,1ª Vara de Família e Sucessões,2026-09-30,12,100.0,11
LUZIÂNIA,1ª Vara de Família e Sucessões,2026-10-31,12,100.0,12
LUZIÂNIA,1° Juizado Especial Cível e Criminal,2025-11-30,12,85.77,1
LUZIÂNIA,1° Juizado Especial Cível e Criminal,2025-12-31,12,87.15,2
LUZIÂNIA,1° Juizado Especial Cível e Criminal,2026-01-31,12,88.54,3
LUZIÂNIA,1° Juizado Especial Cível e Criminal,2026-02-28,12,89.79,4
LUZIÂNIA,1° Juizado Especial Cível e Criminal,2026-03-31,12,91.17,5
LUZIÂNIA,1° Juizado Especial Cível e Criminal,2026-04-30,12,92.51,6
LUZIÂNIA,1° Juizado Especial Cível e Criminal,2026-05-31,12,93.9,7
LUZIÂNIA,1° Juizado Especial Cível e Criminal,2026-06-30,12,95.24,8
LUZIÂNIA,1° Juizado Especial Cível e Criminal,2026-07-31,12,96.62,9
LUZIÂNIA,1° Juizado Especial Cível e Criminal,2026-08-31,12,98.01,10
LUZIÂNIA,1° Juizado Especial Cível e Criminal,2026-09-30,12,99.35,11
LUZIÂNIA,1° Juizado Especial Cível e Criminal,2026-10-31,12,100.0,12
LUZIÂNIA,1° Juizado de Violência Doméstica e Familiar contra a Mulher,2025-11-30,12,100.0,1
LUZIÂNIA,1° Juizado de Violência Doméstica e Familiar contra a Mulher,2025-12-31,12,100.0,2
LUZIÂNIA,1° Juizado de Violência Doméstica e Familiar contra a Mulher,2026-01-31,12,100.0,3
LUZIÂNIA,1° Juizado de Violência Doméstica e Familiar contra a Mulher,2026-02-28,12,100.0,4
LUZIÂNIA,1° Juizado de Violência Doméstica e Familiar contra a Mulher,2026-03-31,12,100.0,5
LUZIÂNIA,1° Juizado de Violência Doméstica e Familiar contra a Mulher,2026-04-30,12,100.0,6
LUZIÂNIA,1° Juizado de Violência Doméstica e Familiar contra a Mulher,2026-05-31,12,100.0,7
LUZIÂNIA,1° Juizado de Violência Doméstica e Familiar contra a Mulher,2026-06-30,12,100.0,8
LUZIÂNIA,1° Juizado de Violência Doméstica e Familiar contra a Mulher,2026-07-31,12,100.0,9
LUZIÂNIA,1° Juizado de Violência Doméstica e Familiar contra a Mulher,2026-08-31,12,100.0,10
LUZIÂNIA,1° Juizado de Violência Doméstica e Familiar contra a Mulher,2026-09-30,12,100.0,11
LUZIÂNIA,1° Juizado de Violência Doméstica e Familiar contra a Mulher,2026-10-31,12,100.0,12
LUZIÂNIA,"2ª Vara (Cível, da Faz. Púb. Mun., de Reg. Púb. e Amb.)",2025-11-30,12,95.12,1
LUZIÂNIA,"2ª Vara (Cível, da Faz. Púb. Mun., de Reg. Púb. e Amb.)",2025-12-31,12,95.09,2
LUZIÂNIA,"2ª Vara (Cível, da Faz. Púb. Mun., de Reg. Púb. e Amb.)",2026-01-31,12,95.05,3
LUZIÂNIA,"2ª Vara (Cível, da Faz. Púb. Mun., de Reg. Púb. e Amb.)",2026-02-28,12,95.02,4
LUZIÂNIA,"2ª Vara (Cível, da Faz. Púb. Mun., de Reg. Púb. e Amb.)",2026-03-31,12,94.98,5
LUZIÂNIA,"2ª Vara (Cível, da Faz. Púb. Mun., de Reg. Púb. e Amb.)",2026-04-30,12,94.95,6
LUZIÂNIA,"2ª Vara (Cível, da Faz. Púb. Mun., de Reg. Púb. e Amb.)",2026-05-31,12,94.91,7
LUZIÂNIA,"2ª Vara (Cível, da Faz. Púb. Mun., de Reg. Púb. e Amb.)",2026-06-30,12,94.88,8
LUZIÂNIA,"2ª Vara (Cível, da Faz. Púb. Mun., de Reg. Púb. e Amb.)",2026-07-31,12,94.84,9
LUZIÂNIA,"2ª Vara (Cível, da Faz. Púb. Mun., de Reg. Púb. e Amb.)",2026-08-31,12,94.8,10
LUZIÂNIA,"2ª Vara (Cível, da Faz. Púb. Mun., de Reg. Púb. e Amb.)",2026-09-30,12,94.77,11
LUZIÂNIA,"2ª Vara (Cível, da Faz. Púb. Mun., de Reg. Púb. e Amb.)",2026-10-31,12,94.73,12
LUZIÂNIA,2ª Vara Criminal (crimes em geral),2025-11-30,12,96.74,1
LUZIÂNIA,2ª Vara Criminal (crimes em geral),2025-12-31,12,97.04,2
LUZIÂNIA,2ª Vara Criminal (crimes em geral),2026-01-31,12,97.33,3
LUZIÂNIA,2ª Vara Criminal (crimes em geral),2026-02-28,12,97.6,4
LUZIÂNIA,2ª Vara Criminal (crimes em geral),2026-03-31,12,97.89,5
LUZIÂNIA,2ª Vara Criminal (crimes em geral),2026-04-30,12,98.18,6
LUZIÂNIA,2ª Vara Criminal (crimes em geral),2026-05-31,12,98.47,7
LUZIÂNIA,2ª Vara Criminal (crimes em geral),2026-06-30,12,98.76,8
LUZIÂNIA,2ª Vara Criminal (crimes em geral),2026-07-31,12,99.05,9
LUZIÂNIA,2ª Vara Criminal (crimes em geral),2026-08-31,12,99.34,10
LUZIÂNIA,2ª Vara Criminal (crimes em geral),2026-09-30,12,99.63,11
LUZIÂNIA,2ª Vara Criminal (crimes em geral),2026-10-31,12,99.92,12
LUZIÂNIA,2ª Vara de Família e Sucessões,2025-11-30,12,98.01,1
LUZIÂNIA,2ª Vara de Família e Sucessões,2025-12-31,12,98.73,2
LUZIÂNIA,2ª Vara de Família e Sucessões,2026-01-31,12,99.45,3
LUZIÂNIA,2ª Vara de Família e Sucessões,2026-02-28,12,100.0,4
LUZIÂNIA,2ª Vara de Família e Sucessões,2026-03-31,12,100.0,5
LUZIÂNIA,2ª Vara de Família e Sucessões,2026-04-30,12,100.0,6
LUZIÂNIA,2ª Vara de Família e Sucessões,2026-05-31,12,100.0,7
LUZIÂNIA,2ª Vara de Família e Sucessões,2026-06-30,12,100.0,8
LUZIÂNIA,2ª Vara de Família e Sucessões,2026-07-31,12,100.0,9
LUZIÂNIA,2ª Vara de Família e Sucessões,2026-08-31,12,100.0,10
LUZIÂNIA,2ª Vara de Família e Sucessões,2026-09-30,12,100.0,11
LUZIÂNIA,2ª Vara de Família e Sucessões,2026-10-31,12,100.0,12
LUZIÂNIA,2° Juizado de Violência Doméstica e Familiar contra a Mulher,2025-11-30,12,100.0,1
LUZIÂNIA,2° Juizado de Violência Doméstica e Familiar contra a Mulher,2025-12-31,12,100.0,2
LUZIÂNIA,2° Juizado de Violência Doméstica e Familiar contra a Mulher,2026-01-31,12,100.0,3
LUZIÂNIA,2° Juizado de Violência Doméstica e Familiar contra a Mulher,2026-02-28,12,100.0,4
LUZIÂNIA,2° Juizado de Violência Doméstica e Familiar contra a Mulher,2026-03-31,12,100.0,5
LUZIÂNIA,2° Juizado de Violência Doméstica e Familiar contra a Mulher,2026-04-30,12,100.0,6
LUZIÂNIA,2° Juizado de Violência Doméstica e Familiar contra a Mulher,2026-05-31,12,100.0,7
LUZIÂNIA,2° Juizado de Violência Doméstica e Familiar contra a Mulher,2026-06-30,12,100.0,8
LUZIÂNIA,2° Juizado de Violência Doméstica e Familiar contra a Mulher,2026-07-31,12,100.0,9
LUZIÂNIA,2° Juizado de Violência Doméstica e Familiar contra a Mulher,2026-08-31,12,100.0,10
LUZIÂNIA,2° Juizado de Violência Doméstica e Familiar contra a Mulher,2026-09-30,12,100.0,11
LUZIÂNIA,2° Juizado de Violência Doméstica e Familiar contra a Mulher,2026-10-31,12,100.0,12
LUZIÂNIA,Juizado da Infância e da Juventude,2025-11-30,12,76.76,1
LUZIÂNIA,Juizado da Infância e da Juventude,2025-12-31,12,76.53,2
LUZIÂNIA,Juizado da Infância e da Juventude,2026-01-31,12,76.3,3
LUZIÂNIA,Juizado da Infância e da Juventude,2026-02-28,12,76.09,4
LUZIÂNIA,Juizado da Infância e da Juventude,2026-03-31,12,75.86,5
LUZIÂNIA,Juizado da Infância e da Juventude,2026-04-30,12,75.63,6
LUZIÂNIA,Juizado da Infância e da Juventude,2026-05-31,12,75.4,7
LUZIÂNIA,Juizado da Infância e da Juventude,2026-06-30,12,75.18,8
LUZIÂNIA,Juizado da Infância e da Juventude,2026-07-31,12,74.95,9
LUZIÂNIA,Juizado da Infância e da Juventude,2026-08-31,12,74.72,10
LUZIÂNIA,Juizado da Infância e da Juventude,2026-09-30,12,74.5,11
LUZIÂNIA,Juizado da Infância e da Juventude,2026-10-31,12,74.27,12
MARA ROSA,Vara Judicial,2025-11-30,12,93.57,1
MARA ROSA,Vara Judicial,2025-12-31,12,93.86,2
MARA ROSA,Vara Judicial,2026-01-31,12,94.16,3
MARA ROSA,Vara Judicial,2026-02-28,12,94.43,4
MARA ROSA,Vara Judicial,2026-03-31,12,94.72,5
MARA ROSA,Vara Judicial,2026-04-30,12,95.01,6
MARA ROSA,Vara Judicial,2026-05-31,12,95.3,7
MARA ROSA,Vara Judicial,2026-06-30,12,95.59,8
MARA ROSA,Vara Judicial,2026-07-31,12,95.89,9
MARA ROSA,Vara Judicial,2026-08-31,12,96.18,10
MARA ROSA,Vara Judicial,2026-09-30,12,96.47,11
MARA ROSA,Vara Judicial,2026-10-31,12,96.76,12
MAURILÂNDIA,Vara Judicial,2025-11-30,12,93.43,1
MAURILÂNDIA,Vara Judicial,2025-12-31,12,93.84,2
MAURILÂNDIA,Vara Judicial,2026-01-31,12,94.24,3
MAURILÂNDIA,Vara Judicial,2026-02-28,12,94.61,4
MAURILÂNDIA,Vara Judicial,2026-03-31,12,95.02,5
MAURILÂNDIA,Vara Judicial,2026-04-30,12,95.41,6
MAURILÂNDIA,Vara Judicial,2026-05-31,12,95.82,7
MAURILÂNDIA,Vara Judicial,2026-06-30,12,96.21,8
MAURILÂNDIA,Vara Judicial,2026-07-31,12,96.62,9
MAURILÂNDIA,Vara Judicial,2026-08-31,12,97.02,10
MAURILÂNDIA,Vara Judicial,2026-09-30,12,97.42,11
MAURILÂNDIA,Vara Judicial,2026-10-31,12,97.82,12
MINAÇU,"Vara Criminal (crime em geral, crimes dolosos contra a vida e Pres. do Trib. do Júri, Execução Penal e Juizado Especial Criminal)",2025-11-30,12,97.27,1
MINAÇU,"Vara Criminal (crime em geral, crimes dolosos contra a vida e Pres. do Trib. do Júri, Execução Penal e Juizado Especial Criminal)",2025-12-31,12,98.58,2
MINAÇU,"Vara Criminal (crime em geral, crimes dolosos contra a vida e Pres. do Trib. do Júri, Execução Penal e Juizado Especial Criminal)",2026-01-31,12,99.89,3
MINAÇU,"Vara Criminal (crime em geral, crimes dolosos contra a vida e Pres. do Trib. do Júri, Execução Penal e Juizado Especial Criminal)",2026-02-28,12,100.0,4
MINAÇU,"Vara Criminal (crime em geral, crimes dolosos contra a vida e Pres. do Trib. do Júri, Execução Penal e Juizado Especial Criminal)",2026-03-31,12,100.0,5
MINAÇU,"Vara Criminal (crime em geral, crimes dolosos contra a vida e Pres. do Trib. do Júri, Execução Penal e Juizado Especial Criminal)",2026-04-30,12,100.0,6
MINAÇU,"Vara Criminal (crime em geral, crimes dolosos contra a vida e Pres. do Trib. do Júri, Execução Penal e Juizado Especial Criminal)",2026-05-31,12,100.0,7
MINAÇU,"Vara Criminal (crime em geral, crimes dolosos contra a vida e Pres. do Trib. do Júri, Execução Penal e Juizado Especial Criminal)",2026-06-30,12,100.0,8
MINAÇU,"Vara Criminal (crime em geral, crimes dolosos contra a vida e Pres. do Trib. do Júri, Execução Penal e Juizado Especial Criminal)",2026-07-31,12,100.0,9
MINAÇU,"Vara Criminal (crime em geral, crimes dolosos contra a vida e Pres. do Trib. do Júri, Execução Penal e Juizado Especial Criminal)",2026-08-31,12,100.0,10
MINAÇU,"Vara Criminal (crime em geral, crimes dolosos contra a vida e Pres. do Trib. do Júri, Execução Penal e Juizado Especial Criminal)",2026-09-30,12,100.0,11
MINAÇU,"Vara Criminal (crime em geral, crimes dolosos contra a vida e Pres. do Trib. do Júri, Execução Penal e Juizado Especial Criminal)",2026-10-31,12,100.0,12
MINAÇU,"Vara Cível, Infância e Juventude e Juizado Especial Cível",2025-11-30,12,85.14,1
MINAÇU,"Vara Cível, Infância e Juventude e Juizado Especial Cível",2025-12-31,12,85.17,2
MINAÇU,"Vara Cível, Infância e Juventude e Juizado Especial Cível",2026-01-31,12,85.19,3
MINAÇU,"Vara Cível, Infância e Juventude e Juizado Especial Cível",2026-02-28,12,85.22,4
MINAÇU,"Vara Cível, Infância e Juventude e Juizado Especial Cível",2026-03-31,12,85.24,5
MINAÇU,"Vara Cível, Infância e Juventude e Juizado Especial Cível",2026-04-30,12,85.27,6
MINAÇU,"Vara Cível, Infância e Juventude e Juizado Especial Cível",2026-05-31,12,85.29,7
MINAÇU,"Vara Cível, Infância e Juventude e Juizado Especial Cível",2026-06-30,12,85.32,8
MINAÇU,"Vara Cível, Infância e Juventude e Juizado Especial Cível",2026-07-31,12,85.34,9
MINAÇU,"Vara Cível, Infância e Juventude e Juizado Especial Cível",2026-08-31,12,85.37,10
MINAÇU,"Vara Cível, Infância e Juventude e Juizado Especial Cível",2026-09-30,12,85.39,11
MINAÇU,"Vara Cível, Infância e Juventude e Juizado Especial Cível",2026-10-31,12,85.42,12
MINAÇU,Vara das Fazendas Públicas e Registro Público e de Família e Sucessões,2025-11-30,12,84.66,1
MINAÇU,Vara das Fazendas Públicas e Registro Público e de Família e Sucessões,2025-12-31,12,84.75,2
MINAÇU,Vara das Fazendas Públicas e Registro Público e de Família e Sucessões,2026-01-31,12,84.85,3
MINAÇU,Vara das Fazendas Públicas e Registro Público e de Família e Sucessões,2026-02-28,12,84.93,4
MINAÇU,Vara das Fazendas Públicas e Registro Público e de Família e Sucessões,2026-03-31,12,85.03,5
MINAÇU,Vara das Fazendas Públicas e Registro Público e de Família e Sucessões,2026-04-30,12,85.12,6
MINAÇU,Vara das Fazendas Públicas e Registro Público e de Família e Sucessões,2026-05-31,12,85.21,7
MINAÇU,Vara das Fazendas Públicas e Registro Público e de Família e Sucessões,2026-06-30,12,85.31,8
MINAÇU,Vara das Fazendas Públicas e Registro Público e de Família e Sucessões,2026-07-31,12,85.4,9
MINAÇU,Vara das Fazendas Públicas e Registro Público e de Família e Sucessões,2026-08-31,12,85.5,10
MINAÇU,Vara das Fazendas Públicas e Registro Público e de Família e Sucessões,2026-09-30,12,85.59,11
MINAÇU,Vara das Fazendas Públicas e Registro Público e de Família e Sucessões,2026-10-31,12,85.68,12
MINEIROS,1ª Vara (Cível e da Inf. e da Juventude),2025-11-30,12,96.03,1
MINEIROS,1ª Vara (Cível e da Inf. e da Juventude),2025-12-31,12,96.15,2
MINEIROS,1ª Vara (Cível e da Inf. e da Juventude),2026-01-31,12,96.28,3
MINEIROS,1ª Vara (Cível e da Inf. e da Juventude),2026-02-28,12,96.39,4
MINEIROS,1ª Vara (Cível e da Inf. e da Juventude),2026-03-31,12,96.51,5
MINEIROS,1ª Vara (Cível e da Inf. e da Juventude),2026-04-30,12,96.63,6
MINEIROS,1ª Vara (Cível e da Inf. e da Juventude),2026-05-31,12,96.76,7
MINEIROS,1ª Vara (Cível e da Inf. e da Juventude),2026-06-30,12,96.87,8
MINEIROS,1ª Vara (Cível e da Inf. e da Juventude),2026-07-31,12,97.0,9
MINEIROS,1ª Vara (Cível e da Inf. e da Juventude),2026-08-31,12,97.12,10
MINEIROS,1ª Vara (Cível e da Inf. e da Juventude),2026-09-30,12,97.24,11
MINEIROS,1ª Vara (Cível e da Inf. e da Juventude),2026-10-31,12,97.36,12
MINEIROS,1ª Vara Criminal (Crimes em Geral e Execuções Penais),2025-11-30,12,96.57,1
MINEIROS,1ª Vara Criminal (Crimes em Geral e Execuções Penais),2025-12-31,12,96.89,2
MINEIROS,1ª Vara Criminal (Crimes em Geral e Execuções Penais),2026-01-31,12,97.21,3
MINEIROS,1ª Vara Criminal (Crimes em Geral e Execuções Penais),2026-02-28,12,97.5,4
MINEIROS,1ª Vara Criminal (Crimes em Geral e Execuções Penais),2026-03-31,12,97.82,5
MINEIROS,1ª Vara Criminal (Crimes em Geral e Execuções Penais),2026-04-30,12,98.14,6
MINEIROS,1ª Vara Criminal (Crimes em Geral e Execuções Penais),2026-05-31,12,98.46,7
MINEIROS,1ª Vara Criminal (Crimes em Geral e Execuções Penais),2026-06-30,12,98.77,8
MINEIROS,1ª Vara Criminal (Crimes em Geral e Execuções Penais),2026-07-31,12,99.09,9
MINEIROS,1ª Vara Criminal (Crimes em Geral e Execuções Penais),2026-08-31,12,99.41,10
MINEIROS,1ª Vara Criminal (Crimes em Geral e Execuções Penais),2026-09-30,12,99.72,11
MINEIROS,1ª Vara Criminal (Crimes em Geral e Execuções Penais),2026-10-31,12,100.0,12
MINEIROS,"2ª Vara (Cív, das Faz Púb, de Reg Púb. e Amb.)",2025-11-30,12,92.33,1
MINEIROS,"2ª Vara (Cív, das Faz Púb, de Reg Púb. e Amb.)",2025-12-31,12,92.27,2
MINEIROS,"2ª Vara (Cív, das Faz Púb, de Reg Púb. e Amb.)",2026-01-31,12,92.21,3
MINEIROS,"2ª Vara (Cív, das Faz Púb, de Reg Púb. e Amb.)",2026-02-28,12,92.16,4
MINEIROS,"2ª Vara (Cív, das Faz Púb, de Reg Púb. e Amb.)",2026-03-31,12,92.09,5
MINEIROS,"2ª Vara (Cív, das Faz Púb, de Reg Púb. e Amb.)",2026-04-30,12,92.04,6
MINEIROS,"2ª Vara (Cív, das Faz Púb, de Reg Púb. e Amb.)",2026-05-31,12,91.98,7
MINEIROS,"2ª Vara (Cív, das Faz Púb, de Reg Púb. e Amb.)",2026-06-30,12,91.92,8
MINEIROS,"2ª Vara (Cív, das Faz Púb, de Reg Púb. e Amb.)",2026-07-31,12,91.86,9
MINEIROS,"2ª Vara (Cív, das Faz Púb, de Reg Púb. e Amb.)",2026-08-31,12,91.8,10
MINEIROS,"2ª Vara (Cív, das Faz Púb, de Reg Púb. e Amb.)",2026-09-30,12,91.74,11
MINEIROS,"2ª Vara (Cív, das Faz Púb, de Reg Púb. e Amb.)",2026-10-31,12,91.68,12
MINEIROS,"2ª Vara Criminal (Crimes em Geral, Crimes Dolosos contra a Vida e Presidência do Tribunal do Júri e Crimes Envolvendo Violência Doméstica - Lei 11.340/2006)",2025-11-30,12,98.74,1
MINEIROS,"2ª Vara Criminal (Crimes em Geral, Crimes Dolosos contra a Vida e Presidência do Tribunal do Júri e Crimes Envolvendo Violência Doméstica - Lei 11.340/2006)",2025-12-31,12,98.96,2
MINEIROS,"2ª Vara Criminal (Crimes em Geral, Crimes Dolosos contra a Vida e Presidência do Tribunal do Júri e Crimes Envolvendo Violência Doméstica - Lei 11.340/2006)",2026-01-31,12,99.19,3
MINEIROS,"2ª Vara Criminal (Crimes em Geral, Crimes Dolosos contra a Vida e Presidência do Tribunal do Júri e Crimes Envolvendo Violência Doméstica - Lei 11.340/2006)",2026-02-28,12,99.39,4
MINEIROS,"2ª Vara Criminal (Crimes em Geral, Crimes Dolosos contra a Vida e Presidência do Tribunal do Júri e Crimes Envolvendo Violência Doméstica - Lei 11.340/2006)",2026-03-31,12,99.61,5
MINEIROS,"2ª Vara Criminal (Crimes em Geral, Crimes Dolosos contra a Vida e Presidência do Tribunal do Júri e Crimes Envolvendo Violência Doméstica - Lei 11.340/2006)",2026-04-30,12,99.83,6
MINEIROS,"2ª Vara Criminal (Crimes em Geral, Crimes Dolosos contra a Vida e Presidência do Tribunal do Júri e Crimes Envolvendo Violência Doméstica - Lei 11.340/2006)",2026-05-31,12,100.0,7
MINEIROS,"2ª Vara Criminal (Crimes em Geral, Crimes Dolosos contra a Vida e Presidência do Tribunal do Júri e Crimes Envolvendo Violência Doméstica - Lei 11.340/2006)",2026-06-30,12,100.0,8
MINEIROS,"2ª Vara Criminal (Crimes em Geral, Crimes Dolosos contra a Vida e Presidência do Tribunal do Júri e Crimes Envolvendo Violência Doméstica - Lei 11.340/2006)",2026-07-31,12,100.0,9
MINEIROS,"2ª Vara Criminal (Crimes em Geral, Crimes Dolosos contra a Vida e Presidência do Tribunal do Júri e Crimes Envolvendo Violência Doméstica - Lei 11.340/2006)",2026-08-31,12,100.0,10
MINEIROS,"2ª Vara Criminal (Crimes em Geral, Crimes Dolosos contra a Vida e Presidência do Tribunal do Júri e Crimes Envolvendo Violência Doméstica - Lei 11.340/2006)",2026-09-30,12,100.0,11
MINEIROS,"2ª Vara Criminal (Crimes em Geral, Crimes Dolosos contra a Vida e Presidência do Tribunal do Júri e Crimes Envolvendo Violência Doméstica - Lei 11.340/2006)",2026-10-31,12,100.0,12
MINEIROS,Juizado Especial Cível e Criminal,2025-11-30,12,89.31,1
MINEIROS,Juizado Especial Cível e Criminal,2025-12-31,12,89.92,2
MINEIROS,Juizado Especial Cível e Criminal,2026-01-31,12,90.53,3
MINEIROS,Juizado Especial Cível e Criminal,2026-02-28,12,91.08,4
MINEIROS,Juizado Especial Cível e Criminal,2026-03-31,12,91.68,5
MINEIROS,Juizado Especial Cível e Criminal,2026-04-30,12,92.27,6
MINEIROS,Juizado Especial Cível e Criminal,2026-05-31,12,92.88,7
MINEIROS,Juizado Especial Cível e Criminal,2026-06-30,12,93.47,8
MINEIROS,Juizado Especial Cível e Criminal,2026-07-31,12,94.08,9
MINEIROS,Juizado Especial Cível e Criminal,2026-08-31,12,94.69,10
MINEIROS,Juizado Especial Cível e Criminal,2026-09-30,12,95.28,11
MINEIROS,Juizado Especial Cível e Criminal,2026-10-31,12,95.88,12
MINEIROS,"Vara de Família, Sucessões e Cível",2025-11-30,12,96.79,1
MINEIROS,"Vara de Família, Sucessões e Cível",2025-12-31,12,96.93,2
MINEIROS,"Vara de Família, Sucessões e Cível",2026-01-31,12,97.06,3
MINEIROS,"Vara de Família, Sucessões e Cível",2026-02-28,12,97.18,4
MINEIROS,"Vara de Família, Sucessões e Cível",2026-03-31,12,97.32,5
MINEIROS,"Vara de Família, Sucessões e Cível",2026-04-30,12,97.45,6
MINEIROS,"Vara de Família, Sucessões e Cível",2026-05-31,12,97.58,7
MINEIROS,"Vara de Família, Sucessões e Cível",2026-06-30,12,97.71,8
MINEIROS,"Vara de Família, Sucessões e Cível",2026-07-31,12,97.85,9
MINEIROS,"Vara de Família, Sucessões e Cível",2026-08-31,12,97.98,10
MINEIROS,"Vara de Família, Sucessões e Cível",2026-09-30,12,98.11,11
MINEIROS,"Vara de Família, Sucessões e Cível",2026-10-31,12,98.25,12
MONTES CLAROS DE GOIÁS,Vara Judicial,2025-11-30,12,100.0,1
MONTES CLAROS DE GOIÁS,Vara Judicial,2025-12-31,12,100.0,2
MONTES CLAROS DE GOIÁS,Vara Judicial,2026-01-31,12,100.0,3
MONTES CLAROS DE GOIÁS,Vara Judicial,2026-02-28,12,100.0,4
MONTES CLAROS DE GOIÁS,Vara Judicial,2026-03-31,12,100.0,5
MONTES CLAROS DE GOIÁS,Vara Judicial,2026-04-30,12,100.0,6
MONTES CLAROS DE GOIÁS,Vara Judicial,2026-05-31,12,100.0,7
MONTES CLAROS DE GOIÁS,Vara Judicial,2026-06-30,12,100.0,8
MONTES CLAROS DE GOIÁS,Vara Judicial,2026-07-31,12,100.0,9
MONTES CLAROS DE GOIÁS,Vara Judicial,2026-08-31,12,100.0,10
MONTES CLAROS DE GOIÁS,Vara Judicial,2026-09-30,12,100.0,11
MONTES CLAROS DE GOIÁS,Vara Judicial,2026-10-31,12,100.0,12
MONTIVIDIU,Vara Judicial,2025-11-30,12,95.2,1
MONTIVIDIU,Vara Judicial,2025-12-31,12,95.2,2
MONTIVIDIU,Vara Judicial,2026-01-31,12,95.2,3
MONTIVIDIU,Vara Judicial,2026-02-28,12,95.2,4
MONTIVIDIU,Vara Judicial,2026-03-31,12,95.2,5
MONTIVIDIU,Vara Judicial,2026-04-30,12,95.2,6
MONTIVIDIU,Vara Judicial,2026-05-31,12,95.19,7
MONTIVIDIU,Vara Judicial,2026-06-30,12,95.19,8
MONTIVIDIU,Vara Judicial,2026-07-31,12,95.19,9
MONTIVIDIU,Vara Judicial,2026-08-31,12,95.19,10
MONTIVIDIU,Vara Judicial,2026-09-30,12,95.19,11
MONTIVIDIU,Vara Judicial,2026-10-31,12,95.19,12
MORRINHOS,"1ª Vara (Cív., Criminal - crime em geral e exec. penais - e da Inf. e da Juv.)",2025-11-30,12,99.82,1
MORRINHOS,"1ª Vara (Cív., Criminal - crime em geral e exec. penais - e da Inf. e da Juv.)",2025-12-31,12,100.0,2
MORRINHOS,"1ª Vara (Cív., Criminal - crime em geral e exec. penais - e da Inf. e da Juv.)",2026-01-31,12,100.0,3
MORRINHOS,"1ª Vara (Cív., Criminal - crime em geral e exec. penais - e da Inf. e da Juv.)",2026-02-28,12,100.0,4
MORRINHOS,"1ª Vara (Cív., Criminal - crime em geral e exec. penais - e da Inf. e da Juv.)",2026-03-31,12,100.0,5
MORRINHOS,"1ª Vara (Cív., Criminal - crime em geral e exec. penais - e da Inf. e da Juv.)",2026-04-30,12,100.0,6
MORRINHOS,"1ª Vara (Cív., Criminal - crime em geral e exec. penais - e da Inf. e da Juv.)",2026-05-31,12,100.0,7
MORRINHOS,"1ª Vara (Cív., Criminal - crime em geral e exec. penais - e da Inf. e da Juv.)",2026-06-30,12,100.0,8
MORRINHOS,"1ª Vara (Cív., Criminal - crime em geral e exec. penais - e da Inf. e da Juv.)",2026-07-31,12,100.0,9
MORRINHOS,"1ª Vara (Cív., Criminal - crime em geral e exec. penais - e da Inf. e da Juv.)",2026-08-31,12,100.0,10
MORRINHOS,"1ª Vara (Cív., Criminal - crime em geral e exec. penais - e da Inf. e da Juv.)",2026-09-30,12,100.0,11
MORRINHOS,"1ª Vara (Cív., Criminal - crime em geral e exec. penais - e da Inf. e da Juv.)",2026-10-31,12,100.0,12
MORRINHOS,"2ª Vara (Cív. Criminal crime em geral, crimes dolosos contra a vida e Pres. do Trib. do Juri, das Faz. Púb. e de Reg. Púb. e Ambiental)",2025-11-30,12,97.44,1
MORRINHOS,"2ª Vara (Cív. Criminal crime em geral, crimes dolosos contra a vida e Pres. do Trib. do Juri, das Faz. Púb. e de Reg. Púb. e Ambiental)",2025-12-31,12,97.81,2
MORRINHOS,"2ª Vara (Cív. Criminal crime em geral, crimes dolosos contra a vida e Pres. do Trib. do Juri, das Faz. Púb. e de Reg. Púb. e Ambiental)",2026-01-31,12,98.17,3
MORRINHOS,"2ª Vara (Cív. Criminal crime em geral, crimes dolosos contra a vida e Pres. do Trib. do Juri, das Faz. Púb. e de Reg. Púb. e Ambiental)",2026-02-28,12,98.5,4
MORRINHOS,"2ª Vara (Cív. Criminal crime em geral, crimes dolosos contra a vida e Pres. do Trib. do Juri, das Faz. Púb. e de Reg. Púb. e Ambiental)",2026-03-31,12,98.87,5
MORRINHOS,"2ª Vara (Cív. Criminal crime em geral, crimes dolosos contra a vida e Pres. do Trib. do Juri, das Faz. Púb. e de Reg. Púb. e Ambiental)",2026-04-30,12,99.22,6
MORRINHOS,"2ª Vara (Cív. Criminal crime em geral, crimes dolosos contra a vida e Pres. do Trib. do Juri, das Faz. Púb. e de Reg. Púb. e Ambiental)",2026-05-31,12,99.59,7
MORRINHOS,"2ª Vara (Cív. Criminal crime em geral, crimes dolosos contra a vida e Pres. do Trib. do Juri, das Faz. Púb. e de Reg. Púb. e Ambiental)",2026-06-30,12,99.94,8
MORRINHOS,"2ª Vara (Cív. Criminal crime em geral, crimes dolosos contra a vida e Pres. do Trib. do Juri, das Faz. Púb. e de Reg. Púb. e Ambiental)",2026-07-31,12,100.0,9
MORRINHOS,"2ª Vara (Cív. Criminal crime em geral, crimes dolosos contra a vida e Pres. do Trib. do Juri, das Faz. Púb. e de Reg. Púb. e Ambiental)",2026-08-31,12,100.0,10
MORRINHOS,"2ª Vara (Cív. Criminal crime em geral, crimes dolosos contra a vida e Pres. do Trib. do Juri, das Faz. Púb. e de Reg. Púb. e Ambiental)",2026-09-30,12,100.0,11
MORRINHOS,"2ª Vara (Cív. Criminal crime em geral, crimes dolosos contra a vida e Pres. do Trib. do Juri, das Faz. Púb. e de Reg. Púb. e Ambiental)",2026-10-31,12,100.0,12
MORRINHOS,Juizado Especial Cível e Criminal,2025-11-30,12,72.59,1
MORRINHOS,Juizado Especial Cível e Criminal,2025-12-31,12,74.57,2
MORRINHOS,Juizado Especial Cível e Criminal,2026-01-31,12,76.56,3
MORRINHOS,Juizado Especial Cível e Criminal,2026-02-28,12,78.35,4
MORRINHOS,Juizado Especial Cível e Criminal,2026-03-31,12,80.34,5
MORRINHOS,Juizado Especial Cível e Criminal,2026-04-30,12,82.26,6
MORRINHOS,Juizado Especial Cível e Criminal,2026-05-31,12,84.24,7
MORRINHOS,Juizado Especial Cível e Criminal,2026-06-30,12,86.16,8
MORRINHOS,Juizado Especial Cível e Criminal,2026-07-31,12,88.15,9
MORRINHOS,Juizado Especial Cível e Criminal,2026-08-31,12,90.14,10
MORRINHOS,Juizado Especial Cível e Criminal,2026-09-30,12,92.06,11
MORRINHOS,Juizado Especial Cível e Criminal,2026-10-31,12,94.04,12
MOSSÂMEDES,Vara Judicial,2025-11-30,12,92.09,1
MOSSÂMEDES,Vara Judicial,2025-12-31,12,92.38,2
MOSSÂMEDES,Vara Judicial,2026-01-31,12,92.68,3
MOSSÂMEDES,Vara Judicial,2026-02-28,12,92.94,4
MOSSÂMEDES,Vara Judicial,2026-03-31,12,93.23,5
MOSSÂMEDES,Vara Judicial,2026-04-30,12,93.52,6
MOSSÂMEDES,Vara Judicial,2026-05-31,12,93.81,7
MOSSÂMEDES,Vara Judicial,2026-06-30,12,94.09,8
MOSSÂMEDES,Vara Judicial,2026-07-31,12,94.39,9
MOSSÂMEDES,Vara Judicial,2026-08-31,12,94.68,10
MOSSÂMEDES,Vara Judicial,2026-09-30,12,94.96,11
MOSSÂMEDES,Vara Judicial,2026-10-31,12,95.26,12
MOZARLÂNDIA,"1ª Vara Judicial (Família e Sucessões, Infância e Juventude, Cível e Juizado Especial Cível)",2025-11-30,12,89.11,1
MOZARLÂNDIA,"1ª Vara Judicial (Família e Sucessões, Infância e Juventude, Cível e Juizado Especial Cível)",2025-12-31,12,89.32,2
MOZARLÂNDIA,"1ª Vara Judicial (Família e Sucessões, Infância e Juventude, Cível e Juizado Especial Cível)",2026-01-31,12,89.54,3
MOZARLÂNDIA,"1ª Vara Judicial (Família e Sucessões, Infância e Juventude, Cível e Juizado Especial Cível)",2026-02-28,12,89.74,4
MOZARLÂNDIA,"1ª Vara Judicial (Família e Sucessões, Infância e Juventude, Cível e Juizado Especial Cível)",2026-03-31,12,89.96,5
MOZARLÂNDIA,"1ª Vara Judicial (Família e Sucessões, Infância e Juventude, Cível e Juizado Especial Cível)",2026-04-30,12,90.17,6
MOZARLÂNDIA,"1ª Vara Judicial (Família e Sucessões, Infância e Juventude, Cível e Juizado Especial Cível)",2026-05-31,12,90.39,7
MOZARLÂNDIA,"1ª Vara Judicial (Família e Sucessões, Infância e Juventude, Cível e Juizado Especial Cível)",2026-06-30,12,90.6,8
MOZARLÂNDIA,"1ª Vara Judicial (Família e Sucessões, Infância e Juventude, Cível e Juizado Especial Cível)",2026-07-31,12,90.81,9
MOZARLÂNDIA,"1ª Vara Judicial (Família e Sucessões, Infância e Juventude, Cível e Juizado Especial Cível)",2026-08-31,12,91.03,10
MOZARLÂNDIA,"1ª Vara Judicial (Família e Sucessões, Infância e Juventude, Cível e Juizado Especial Cível)",2026-09-30,12,91.24,11
MOZARLÂNDIA,"1ª Vara Judicial (Família e Sucessões, Infância e Juventude, Cível e Juizado Especial Cível)",2026-10-31,12,91.46,12
MOZARLÂNDIA,"2ª Vara Judicial (Fazendas Públicas, Criminal, Execução Penal e Juizado Criminal)",2025-11-30,12,94.9,1
MOZARLÂNDIA,"2ª Vara Judicial (Fazendas Públicas, Criminal, Execução Penal e Juizado Criminal)",2025-12-31,12,94.94,2
MOZARLÂNDIA,"2ª Vara Judicial (Fazendas Públicas, Criminal, Execução Penal e Juizado Criminal)",2026-01-31,12,94.97,3
MOZARLÂNDIA,"2ª Vara Judicial (Fazendas Públicas, Criminal, Execução Penal e Juizado Criminal)",2026-02-28,12,95.0,4
MOZARLÂNDIA,"2ª Vara Judicial (Fazendas Públicas, Criminal, Execução Penal e Juizado Criminal)",2026-03-31,12,95.04,5
MOZARLÂNDIA,"2ª Vara Judicial (Fazendas Públicas, Criminal, Execução Penal e Juizado Criminal)",2026-04-30,12,95.07,6
MOZARLÂNDIA,"2ª Vara Judicial (Fazendas Públicas, Criminal, Execução Penal e Juizado Criminal)",2026-05-31,12,95.1,7
MOZARLÂNDIA,"2ª Vara Judicial (Fazendas Públicas, Criminal, Execução Penal e Juizado Criminal)",2026-06-30,12,95.14,8
MOZARLÂNDIA,"2ª Vara Judicial (Fazendas Públicas, Criminal, Execução Penal e Juizado Criminal)",2026-07-31,12,95.17,9
MOZARLÂNDIA,"2ª Vara Judicial (Fazendas Públicas, Criminal, Execução Penal e Juizado Criminal)",2026-08-31,12,95.2,10
MOZARLÂNDIA,"2ª Vara Judicial (Fazendas Públicas, Criminal, Execução Penal e Juizado Criminal)",2026-09-30,12,95.24,11
MOZARLÂNDIA,"2ª Vara Judicial (Fazendas Públicas, Criminal, Execução Penal e Juizado Criminal)",2026-10-31,12,95.27,12
NAZÁRIO,Vara Judicial,2025-11-30,12,94.82,1
NAZÁRIO,Vara Judicial,2025-12-31,12,95.03,2
NAZÁRIO,Vara Judicial,2026-01-31,12,95.24,3
NAZÁRIO,Vara Judicial,2026-02-28,12,95.43,4
NAZÁRIO,Vara Judicial,2026-03-31,12,95.64,5
NAZÁRIO,Vara Judicial,2026-04-30,12,95.84,6
NAZÁRIO,Vara Judicial,2026-05-31,12,96.05,7
NAZÁRIO,Vara Judicial,2026-06-30,12,96.26,8
NAZÁRIO,Vara Judicial,2026-07-31,12,96.47,9
NAZÁRIO,Vara Judicial,2026-08-31,12,96.68,10
NAZÁRIO,Vara Judicial,2026-09-30,12,96.88,11
NAZÁRIO,Vara Judicial,2026-10-31,12,97.09,12
NERÓPOLIS,"1ª Vara Judicial (Família e Sucessões, Infância e Juventude, Cível e Juizado Especial Cível)",2025-11-30,12,86.56,1
NERÓPOLIS,"1ª Vara Judicial (Família e Sucessões, Infância e Juventude, Cível e Juizado Especial Cível)",2025-12-31,12,86.64,2
NERÓPOLIS,"1ª Vara Judicial (Família e Sucessões, Infância e Juventude, Cível e Juizado Especial Cível)",2026-01-31,12,86.72,3
NERÓPOLIS,"1ª Vara Judicial (Família e Sucessões, Infância e Juventude, Cível e Juizado Especial Cível)",2026-02-28,12,86.79,4
NERÓPOLIS,"1ª Vara Judicial (Família e Sucessões, Infância e Juventude, Cível e Juizado Especial Cível)",2026-03-31,12,86.87,5
NERÓPOLIS,"1ª Vara Judicial (Família e Sucessões, Infância e Juventude, Cível e Juizado Especial Cível)",2026-04-30,12,86.95,6
NERÓPOLIS,"1ª Vara Judicial (Família e Sucessões, Infância e Juventude, Cível e Juizado Especial Cível)",2026-05-31,12,87.03,7
NERÓPOLIS,"1ª Vara Judicial (Família e Sucessões, Infância e Juventude, Cível e Juizado Especial Cível)",2026-06-30,12,87.11,8
NERÓPOLIS,"1ª Vara Judicial (Família e Sucessões, Infância e Juventude, Cível e Juizado Especial Cível)",2026-07-31,12,87.19,9
NERÓPOLIS,"1ª Vara Judicial (Família e Sucessões, Infância e Juventude, Cível e Juizado Especial Cível)",2026-08-31,12,87.27,10
NERÓPOLIS,"1ª Vara Judicial (Família e Sucessões, Infância e Juventude, Cível e Juizado Especial Cível)",2026-09-30,12,87.35,11
NERÓPOLIS,"1ª Vara Judicial (Família e Sucessões, Infância e Juventude, Cível e Juizado Especial Cível)",2026-10-31,12,87.43,12
NERÓPOLIS,"2ª Vara Judicial (Fazendas Públicas, Criminal, Execução Penal e Juizado Criminal)",2025-11-30,12,94.3,1
NERÓPOLIS,"2ª Vara Judicial (Fazendas Públicas, Criminal, Execução Penal e Juizado Criminal)",2025-12-31,12,94.58,2
NERÓPOLIS,"2ª Vara Judicial (Fazendas Públicas, Criminal, Execução Penal e Juizado Criminal)",2026-01-31,12,94.85,3
NERÓPOLIS,"2ª Vara Judicial (Fazendas Públicas, Criminal, Execução Penal e Juizado Criminal)",2026-02-28,12,95.1,4
NERÓPOLIS,"2ª Vara Judicial (Fazendas Públicas, Criminal, Execução Penal e Juizado Criminal)",2026-03-31,12,95.37,5
NERÓPOLIS,"2ª Vara Judicial (Fazendas Públicas, Criminal, Execução Penal e Juizado Criminal)",2026-04-30,12,95.63,6
NERÓPOLIS,"2ª Vara Judicial (Fazendas Públicas, Criminal, Execução Penal e Juizado Criminal)",2026-05-31,12,95.91,7
NERÓPOLIS,"2ª Vara Judicial (Fazendas Públicas, Criminal, Execução Penal e Juizado Criminal)",2026-06-30,12,96.17,8
NERÓPOLIS,"2ª Vara Judicial (Fazendas Públicas, Criminal, Execução Penal e Juizado Criminal)",2026-07-31,12,96.45,9
NERÓPOLIS,"2ª Vara Judicial (Fazendas Públicas, Criminal, Execução Penal e Juizado Criminal)",2026-08-31,12,96.72,10
NERÓPOLIS,"2ª Vara Judicial (Fazendas Públicas, Criminal, Execução Penal e Juizado Criminal)",2026-09-30,12,96.98,11
NERÓPOLIS,"2ª Vara Judicial (Fazendas Públicas, Criminal, Execução Penal e Juizado Criminal)",2026-10-31,12,97.26,12
NIQUELÂNDIA,"Vara Criminal (crime em geral, crimes dolosos contra a vida e Pres. do Trib. do Júri Execução Penal e Infância e Juventude Infracional) e Juizado Especial Criminal",2025-11-30,12,97.57,1
NIQUELÂNDIA,"Vara Criminal (crime em geral, crimes dolosos contra a vida e Pres. do Trib. do Júri Execução Penal e Infância e Juventude Infracional) e Juizado Especial Criminal",2025-12-31,12,97.76,2
NIQUELÂNDIA,"Vara Criminal (crime em geral, crimes dolosos contra a vida e Pres. do Trib. do Júri Execução Penal e Infância e Juventude Infracional) e Juizado Especial Criminal",2026-01-31,12,97.94,3
NIQUELÂNDIA,"Vara Criminal (crime em geral, crimes dolosos contra a vida e Pres. do Trib. do Júri Execução Penal e Infância e Juventude Infracional) e Juizado Especial Criminal",2026-02-28,12,98.11,4
NIQUELÂNDIA,"Vara Criminal (crime em geral, crimes dolosos contra a vida e Pres. do Trib. do Júri Execução Penal e Infância e Juventude Infracional) e Juizado Especial Criminal",2026-03-31,12,98.3,5
NIQUELÂNDIA,"Vara Criminal (crime em geral, crimes dolosos contra a vida e Pres. do Trib. do Júri Execução Penal e Infância e Juventude Infracional) e Juizado Especial Criminal",2026-04-30,12,98.48,6
NIQUELÂNDIA,"Vara Criminal (crime em geral, crimes dolosos contra a vida e Pres. do Trib. do Júri Execução Penal e Infância e Juventude Infracional) e Juizado Especial Criminal",2026-05-31,12,98.66,7
NIQUELÂNDIA,"Vara Criminal (crime em geral, crimes dolosos contra a vida e Pres. do Trib. do Júri Execução Penal e Infância e Juventude Infracional) e Juizado Especial Criminal",2026-06-30,12,98.85,8
NIQUELÂNDIA,"Vara Criminal (crime em geral, crimes dolosos contra a vida e Pres. do Trib. do Júri Execução Penal e Infância e Juventude Infracional) e Juizado Especial Criminal",2026-07-31,12,99.03,9
NIQUELÂNDIA,"Vara Criminal (crime em geral, crimes dolosos contra a vida e Pres. do Trib. do Júri Execução Penal e Infância e Juventude Infracional) e Juizado Especial Criminal",2026-08-31,12,99.22,10
NIQUELÂNDIA,"Vara Criminal (crime em geral, crimes dolosos contra a vida e Pres. do Trib. do Júri Execução Penal e Infância e Juventude Infracional) e Juizado Especial Criminal",2026-09-30,12,99.4,11
NIQUELÂNDIA,"Vara Criminal (crime em geral, crimes dolosos contra a vida e Pres. do Trib. do Júri Execução Penal e Infância e Juventude Infracional) e Juizado Especial Criminal",2026-10-31,12,99.59,12
NIQUELÂNDIA,Vara Cível e Juizado Especial Cível,2025-11-30,12,90.87,1
NIQUELÂNDIA,Vara Cível e Juizado Especial Cível,2025-12-31,12,91.08,2
NIQUELÂNDIA,Vara Cível e Juizado Especial Cível,2026-01-31,12,91.3,3
NIQUELÂNDIA,Vara Cível e Juizado Especial Cível,2026-02-28,12,91.49,4
NIQUELÂNDIA,Vara Cível e Juizado Especial Cível,2026-03-31,12,91.71,5
NIQUELÂNDIA,Vara Cível e Juizado Especial Cível,2026-04-30,12,91.92,6
NIQUELÂNDIA,Vara Cível e Juizado Especial Cível,2026-05-31,12,92.13,7
NIQUELÂNDIA,Vara Cível e Juizado Especial Cível,2026-06-30,12,92.34,8
NIQUELÂNDIA,Vara Cível e Juizado Especial Cível,2026-07-31,12,92.55,9
NIQUELÂNDIA,Vara Cível e Juizado Especial Cível,2026-08-31,12,92.77,10
NIQUELÂNDIA,Vara Cível e Juizado Especial Cível,2026-09-30,12,92.98,11
NIQUELÂNDIA,Vara Cível e Juizado Especial Cível,2026-10-31,12,93.19,12
NIQUELÂNDIA,"Vara de Família, Sucessões, da Infância e da Juventude Cível e das Fazendas Públicas e Registro Público",2025-11-30,12,91.82,1
NIQUELÂNDIA,"Vara de Família, Sucessões, da Infância e da Juventude Cível e das Fazendas Públicas e Registro Público",2025-12-31,12,91.89,2
NIQUELÂNDIA,"Vara de Família, Sucessões, da Infância e da Juventude Cível e das Fazendas Públicas e Registro Público",2026-01-31,12,91.96,3
NIQUELÂNDIA,"Vara de Família, Sucessões, da Infância e da Juventude Cível e das Fazendas Públicas e Registro Público",2026-02-28,12,92.02,4
NIQUELÂNDIA,"Vara de Família, Sucessões, da Infância e da Juventude Cível e das Fazendas Públicas e Registro Público",2026-03-31,12,92.09,5
NIQUELÂNDIA,"Vara de Família, Sucessões, da Infância e da Juventude Cível e das Fazendas Públicas e Registro Público",2026-04-30,12,92.16,6
NIQUELÂNDIA,"Vara de Família, Sucessões, da Infância e da Juventude Cível e das Fazendas Públicas e Registro Público",2026-05-31,12,92.23,7
NIQUELÂNDIA,"Vara de Família, Sucessões, da Infância e da Juventude Cível e das Fazendas Públicas e Registro Público",2026-06-30,12,92.3,8
NIQUELÂNDIA,"Vara de Família, Sucessões, da Infância e da Juventude Cível e das Fazendas Públicas e Registro Público",2026-07-31,12,92.37,9
NIQUELÂNDIA,"Vara de Família, Sucessões, da Infância e da Juventude Cível e das Fazendas Públicas e Registro Público",2026-08-31,12,92.44,10
NIQUELÂNDIA,"Vara de Família, Sucessões, da Infância e da Juventude Cível e das Fazendas Públicas e Registro Público",2026-09-30,12,92.51,11
NIQUELÂNDIA,"Vara de Família, Sucessões, da Infância e da Juventude Cível e das Fazendas Públicas e Registro Público",2026-10-31,12,92.58,12
NOVA CRIXÁS,Vara Judicial,2025-11-30,12,95.09,1
NOVA CRIXÁS,Vara Judicial,2025-12-31,12,95.25,2
NOVA CRIXÁS,Vara Judicial,2026-01-31,12,95.41,3
NOVA CRIXÁS,Vara Judicial,2026-02-28,12,95.55,4
NOVA CRIXÁS,Vara Judicial,2026-03-31,12,95.7,5
NOVA CRIXÁS,Vara Judicial,2026-04-30,12,95.85,6
NOVA CRIXÁS,Vara Judicial,2026-05-31,12,96.01,7
NOVA CRIXÁS,Vara Judicial,2026-06-30,12,96.16,8
NOVA CRIXÁS,Vara Judicial,2026-07-31,12,96.32,9
NOVA CRIXÁS,Vara Judicial,2026-08-31,12,96.48,10
NOVA CRIXÁS,Vara Judicial,2026-09-30,12,96.63,11
NOVA CRIXÁS,Vara Judicial,2026-10-31,12,96.78,12
NOVO GAMA,"1ª Vara (Cível, de Família, Sucessões e da Infância e da Juventude)",2025-11-30,12,91.75,1
NOVO GAMA,"1ª Vara (Cível, de Família, Sucessões e da Infância e da Juventude)",2025-12-31,12,91.88,2
NOVO GAMA,"1ª Vara (Cível, de Família, Sucessões e da Infância e da Juventude)",2026-01-31,12,92.01,3
NOVO GAMA,"1ª Vara (Cível, de Família, Sucessões e da Infância e da Juventude)",2026-02-28,12,92.13,4
NOVO GAMA,"1ª Vara (Cível, de Família, Sucessões e da Infância e da Juventude)",2026-03-31,12,92.27,5
NOVO GAMA,"1ª Vara (Cível, de Família, Sucessões e da Infância e da Juventude)",2026-04-30,12,92.4,6
NOVO GAMA,"1ª Vara (Cível, de Família, Sucessões e da Infância e da Juventude)",2026-05-31,12,92.53,7
NOVO GAMA,"1ª Vara (Cível, de Família, Sucessões e da Infância e da Juventude)",2026-06-30,12,92.66,8
NOVO GAMA,"1ª Vara (Cível, de Família, Sucessões e da Infância e da Juventude)",2026-07-31,12,92.79,9
NOVO GAMA,"1ª Vara (Cível, de Família, Sucessões e da Infância e da Juventude)",2026-08-31,12,92.93,10
NOVO GAMA,"1ª Vara (Cível, de Família, Sucessões e da Infância e da Juventude)",2026-09-30,12,93.05,11
NOVO GAMA,"1ª Vara (Cível, de Família, Sucessões e da Infância e da Juventude)",2026-10-31,12,93.19,12
NOVO GAMA,"1ª Vara Criminal (Crimes em Geral, Crimes Dolosos Contra a Vida e Execução Penal) e Juizado Especial Criminal",2025-11-30,12,100.0,1
NOVO GAMA,"1ª Vara Criminal (Crimes em Geral, Crimes Dolosos Contra a Vida e Execução Penal) e Juizado Especial Criminal",2025-12-31,12,100.0,2
NOVO GAMA,"1ª Vara Criminal (Crimes em Geral, Crimes Dolosos Contra a Vida e Execução Penal) e Juizado Especial Criminal",2026-01-31,12,100.0,3
NOVO GAMA,"1ª Vara Criminal (Crimes em Geral, Crimes Dolosos Contra a Vida e Execução Penal) e Juizado Especial Criminal",2026-02-28,12,100.0,4
NOVO GAMA,"1ª Vara Criminal (Crimes em Geral, Crimes Dolosos Contra a Vida e Execução Penal) e Juizado Especial Criminal",2026-03-31,12,100.0,5
NOVO GAMA,"1ª Vara Criminal (Crimes em Geral, Crimes Dolosos Contra a Vida e Execução Penal) e Juizado Especial Criminal",2026-04-30,12,100.0,6
NOVO GAMA,"1ª Vara Criminal (Crimes em Geral, Crimes Dolosos Contra a Vida e Execução Penal) e Juizado Especial Criminal",2026-05-31,12,100.0,7
NOVO GAMA,"1ª Vara Criminal (Crimes em Geral, Crimes Dolosos Contra a Vida e Execução Penal) e Juizado Especial Criminal",2026-06-30,12,100.0,8
NOVO GAMA,"1ª Vara Criminal (Crimes em Geral, Crimes Dolosos Contra a Vida e Execução Penal) e Juizado Especial Criminal",2026-07-31,12,100.0,9
NOVO GAMA,"1ª Vara Criminal (Crimes em Geral, Crimes Dolosos Contra a Vida e Execução Penal) e Juizado Especial Criminal",2026-08-31,12,100.0,10
NOVO GAMA,"1ª Vara Criminal (Crimes em Geral, Crimes Dolosos Contra a Vida e Execução Penal) e Juizado Especial Criminal",2026-09-30,12,100.0,11
NOVO GAMA,"1ª Vara Criminal (Crimes em Geral, Crimes Dolosos Contra a Vida e Execução Penal) e Juizado Especial Criminal",2026-10-31,12,100.0,12
NOVO GAMA,"2ª Vara (Cível, das Fazendas Públicas, de Registros Públicos e Ambiental) e Juizado Especial Cível",2025-11-30,12,85.02,1
NOVO GAMA,"2ª Vara (Cível, das Fazendas Públicas, de Registros Públicos e Ambiental) e Juizado Especial Cível",2025-12-31,12,85.14,2
NOVO GAMA,"2ª Vara (Cível, das Fazendas Públicas, de Registros Públicos e Ambiental) e Juizado Especial Cível",2026-01-31,12,85.26,3
NOVO GAMA,"2ª Vara (Cível, das Fazendas Públicas, de Registros Públicos e Ambiental) e Juizado Especial Cível",2026-02-28,12,85.37,4
NOVO GAMA,"2ª Vara (Cível, das Fazendas Públicas, de Registros Públicos e Ambiental) e Juizado Especial Cível",2026-03-31,12,85.49,5
NOVO GAMA,"2ª Vara (Cível, das Fazendas Públicas, de Registros Públicos e Ambiental) e Juizado Especial Cível",2026-04-30,12,85.61,6
NOVO GAMA,"2ª Vara (Cível, das Fazendas Públicas, de Registros Públicos e Ambiental) e Juizado Especial Cível",2026-05-31,12,85.73,7
NOVO GAMA,"2ª Vara (Cível, das Fazendas Públicas, de Registros Públicos e Ambiental) e Juizado Especial Cível",2026-06-30,12,85.85,8
NOVO GAMA,"2ª Vara (Cível, das Fazendas Públicas, de Registros Públicos e Ambiental) e Juizado Especial Cível",2026-07-31,12,85.97,9
NOVO GAMA,"2ª Vara (Cível, das Fazendas Públicas, de Registros Públicos e Ambiental) e Juizado Especial Cível",2026-08-31,12,86.09,10
NOVO GAMA,"2ª Vara (Cível, das Fazendas Públicas, de Registros Públicos e Ambiental) e Juizado Especial Cível",2026-09-30,12,86.21,11
NOVO GAMA,"2ª Vara (Cível, das Fazendas Públicas, de Registros Públicos e Ambiental) e Juizado Especial Cível",2026-10-31,12,86.33,12
NOVO GAMA,2ª Vara Criminal (crimes em geral e crimes envolvendo violência doméstica),2025-11-30,12,90.43,1
NOVO GAMA,2ª Vara Criminal (crimes em geral e crimes envolvendo violência doméstica),2025-12-31,12,91.58,2
NOVO GAMA,2ª Vara Criminal (crimes em geral e crimes envolvendo violência doméstica),2026-01-31,12,92.73,3
NOVO GAMA,2ª Vara Criminal (crimes em geral e crimes envolvendo violência doméstica),2026-02-28,12,93.77,4
NOVO GAMA,2ª Vara Criminal (crimes em geral e crimes envolvendo violência doméstica),2026-03-31,12,94.92,5
NOVO GAMA,2ª Vara Criminal (crimes em geral e crimes envolvendo violência doméstica),2026-04-30,12,96.03,6
NOVO GAMA,2ª Vara Criminal (crimes em geral e crimes envolvendo violência doméstica),2026-05-31,12,97.18,7
NOVO GAMA,2ª Vara Criminal (crimes em geral e crimes envolvendo violência doméstica),2026-06-30,12,98.29,8
NOVO GAMA,2ª Vara Criminal (crimes em geral e crimes envolvendo violência doméstica),2026-07-31,12,99.44,9
NOVO GAMA,2ª Vara Criminal (crimes em geral e crimes envolvendo violência doméstica),2026-08-31,12,100.0,10
NOVO GAMA,2ª Vara Criminal (crimes em geral e crimes envolvendo violência doméstica),2026-09-30,12,100.0,11
NOVO GAMA,2ª Vara Criminal (crimes em geral e crimes envolvendo violência doméstica),2026-10-31,12,100.0,12
ORIZONA,Vara Judicial,2025-11-30,12,99.83,1
ORIZONA,Vara Judicial,2025-12-31,12,100.0,2
ORIZONA,Vara Judicial,2026-01-31,12,100.0,3
ORIZONA,Vara Judicial,2026-02-28,12,100.0,4
ORIZONA,Vara Judicial,2026-03-31,12,100.0,5
ORIZONA,Vara Judicial,2026-04-30,12,100.0,6
ORIZONA,Vara Judicial,2026-05-31,12,100.0,7
ORIZONA,Vara Judicial,2026-06-30,12,100.0,8
ORIZONA,Vara Judicial,2026-07-31,12,100.0,9
ORIZONA,Vara Judicial,2026-08-31,12,100.0,10
ORIZONA,Vara Judicial,2026-09-30,12,100.0,11
ORIZONA,Vara Judicial,2026-10-31,12,100.0,12
PADRE BERNARDO,"1ª Vara Judicial (Família e Sucessões, Infância e Juventude, Cível e Juizado Especial Cível)",2025-11-30,12,100.0,1
PADRE BERNARDO,"1ª Vara Judicial (Família e Sucessões, Infância e Juventude, Cível e Juizado Especial Cível)",2025-12-31,12,100.0,2
PADRE BERNARDO,"1ª Vara Judicial (Família e Sucessões, Infância e Juventude, Cível e Juizado Especial Cível)",2026-01-31,12,100.0,3
PADRE BERNARDO,"1ª Vara Judicial (Família e Sucessões, Infância e Juventude, Cível e Juizado Especial Cível)",2026-02-28,12,100.0,4
PADRE BERNARDO,"1ª Vara Judicial (Família e Sucessões, Infância e Juventude, Cível e Juizado Especial Cível)",2026-03-31,12,100.0,5
PADRE BERNARDO,"1ª Vara Judicial (Família e Sucessões, Infância e Juventude, Cível e Juizado Especial Cível)",2026-04-30,12,100.0,6
PADRE BERNARDO,"1ª Vara Judicial (Família e Sucessões, Infância e Juventude, Cível e Juizado Especial Cível)",2026-05-31,12,100.0,7
PADRE BERNARDO,"1ª Vara Judicial (Família e Sucessões, Infância e Juventude, Cível e Juizado Especial Cível)",2026-06-30,12,100.0,8
PADRE BERNARDO,"1ª Vara Judicial (Família e Sucessões, Infância e Juventude, Cível e Juizado Especial Cível)",2026-07-31,12,100.0,9
PADRE BERNARDO,"1ª Vara Judicial (Família e Sucessões, Infância e Juventude, Cível e Juizado Especial Cível)",2026-08-31,12,100.0,10
PADRE BERNARDO,"1ª Vara Judicial (Família e Sucessões, Infância e Juventude, Cível e Juizado Especial Cível)",2026-09-30,12,100.0,11
PADRE BERNARDO,"1ª Vara Judicial (Família e Sucessões, Infância e Juventude, Cível e Juizado Especial Cível)",2026-10-31,12,100.0,12
PADRE BERNARDO,"2ª Vara Judicial (Fazendas Públicas, Criminal, Execução Penal e Juizado Criminal)",2025-11-30,12,100.0,1
PADRE BERNARDO,"2ª Vara Judicial (Fazendas Públicas, Criminal, Execução Penal e Juizado Criminal)",2025-12-31,12,100.0,2
PADRE BERNARDO,"2ª Vara Judicial (Fazendas Públicas, Criminal, Execução Penal e Juizado Criminal)",2026-01-31,12,100.0,3
PADRE BERNARDO,"2ª Vara Judicial (Fazendas Públicas, Criminal, Execução Penal e Juizado Criminal)",2026-02-28,12,100.0,4
PADRE BERNARDO,"2ª Vara Judicial (Fazendas Públicas, Criminal, Execução Penal e Juizado Criminal)",2026-03-31,12,100.0,5
PADRE BERNARDO,"2ª Vara Judicial (Fazendas Públicas, Criminal, Execução Penal e Juizado Criminal)",2026-04-30,12,100.0,6
PADRE BERNARDO,"2ª Vara Judicial (Fazendas Públicas, Criminal, Execução Penal e Juizado Criminal)",2026-05-31,12,100.0,7
PADRE BERNARDO,"2ª Vara Judicial (Fazendas Públicas, Criminal, Execução Penal e Juizado Criminal)",2026-06-30,12,100.0,8
PADRE BERNARDO,"2ª Vara Judicial (Fazendas Públicas, Criminal, Execução Penal e Juizado Criminal)",2026-07-31,12,100.0,9
PADRE BERNARDO,"2ª Vara Judicial (Fazendas Públicas, Criminal, Execução Penal e Juizado Criminal)",2026-08-31,12,100.0,10
PADRE BERNARDO,"2ª Vara Judicial (Fazendas Públicas, Criminal, Execução Penal e Juizado Criminal)",2026-09-30,12,100.0,11
PADRE BERNARDO,"2ª Vara Judicial (Fazendas Públicas, Criminal, Execução Penal e Juizado Criminal)",2026-10-31,12,100.0,12
PALMEIRAS DE GOIÁS,Vara Judicial,2025-11-30,12,98.32,1
PALMEIRAS DE GOIÁS,Vara Judicial,2025-12-31,12,98.64,2
PALMEIRAS DE GOIÁS,Vara Judicial,2026-01-31,12,98.96,3
PALMEIRAS DE GOIÁS,Vara Judicial,2026-02-28,12,99.25,4
PALMEIRAS DE GOIÁS,Vara Judicial,2026-03-31,12,99.57,5
PALMEIRAS DE GOIÁS,Vara Judicial,2026-04-30,12,99.88,6
PALMEIRAS DE GOIÁS,Vara Judicial,2026-05-31,12,100.0,7
PALMEIRAS DE GOIÁS,Vara Judicial,2026-06-30,12,100.0,8
PALMEIRAS DE GOIÁS,Vara Judicial,2026-07-31,12,100.0,9
PALMEIRAS DE GOIÁS,Vara Judicial,2026-08-31,12,100.0,10
PALMEIRAS DE GOIÁS,Vara Judicial,2026-09-30,12,100.0,11
PALMEIRAS DE GOIÁS,Vara Judicial,2026-10-31,12,100.0,12
PARANAIGUARA,Vara Judicial,2025-11-30,12,100.0,1
PARANAIGUARA,Vara Judicial,2025-12-31,12,100.0,2
PARANAIGUARA,Vara Judicial,2026-01-31,12,100.0,3
PARANAIGUARA,Vara Judicial,2026-02-28,12,100.0,4
PARANAIGUARA,Vara Judicial,2026-03-31,12,100.0,5
PARANAIGUARA,Vara Judicial,2026-04-30,12,100.0,6
PARANAIGUARA,Vara Judicial,2026-05-31,12,100.0,7
PARANAIGUARA,Vara Judicial,2026-06-30,12,100.0,8
PARANAIGUARA,Vara Judicial,2026-07-31,12,100.0,9
PARANAIGUARA,Vara Judicial,2026-08-31,12,100.0,10
PARANAIGUARA,Vara Judicial,2026-09-30,12,100.0,11
PARANAIGUARA,Vara Judicial,2026-10-31,12,100.0,12
PARAÚNA,Vara Judicial,2025-11-30,12,94.12,1
PARAÚNA,Vara Judicial,2025-12-31,12,94.33,2
PARAÚNA,Vara Judicial,2026-01-31,12,94.55,3
PARAÚNA,Vara Judicial,2026-02-28,12,94.75,4
PARAÚNA,Vara Judicial,2026-03-31,12,94.96,5
PARAÚNA,Vara Judicial,2026-04-30,12,95.17,6
PARAÚNA,Vara Judicial,2026-05-31,12,95.39,7
PARAÚNA,Vara Judicial,2026-06-30,12,95.6,8
PARAÚNA,Vara Judicial,2026-07-31,12,95.82,9
PARAÚNA,Vara Judicial,2026-08-31,12,96.04,10
PARAÚNA,Vara Judicial,2026-09-30,12,96.25,11
PARAÚNA,Vara Judicial,2026-10-31,12,96.46,12
PETROLINA DE GOIÁS,Vara Judicial,2025-11-30,12,96.94,1
PETROLINA DE GOIÁS,Vara Judicial,2025-12-31,12,97.17,2
PETROLINA DE GOIÁS,Vara Judicial,2026-01-31,12,97.39,3
PETROLINA DE GOIÁS,Vara Judicial,2026-02-28,12,97.6,4
PETROLINA DE GOIÁS,Vara Judicial,2026-03-31,12,97.83,5
PETROLINA DE GOIÁS,Vara Judicial,2026-04-30,12,98.05,6
PETROLINA DE GOIÁS,Vara Judicial,2026-05-31,12,98.28,7
PETROLINA DE GOIÁS,Vara Judicial,2026-06-30,12,98.5,8
PETROLINA DE GOIÁS,Vara Judicial,2026-07-31,12,98.73,9
PETROLINA DE GOIÁS,Vara Judicial,2026-08-31,12,98.95,10
PETROLINA DE GOIÁS,Vara Judicial,2026-09-30,12,99.18,11
PETROLINA DE GOIÁS,Vara Judicial,2026-10-31,12,99.4,12
PIRACANJUBA,"1ª Vara Judicial (Família e Sucessões, Infância e Juventude, Cível e Juizado Especial Cível)",2025-11-30,12,97.99,1
PIRACANJUBA,"1ª Vara Judicial (Família e Sucessões, Infância e Juventude, Cível e Juizado Especial Cível)",2025-12-31,12,98.69,2
PIRACANJUBA,"1ª Vara Judicial (Família e Sucessões, Infância e Juventude, Cível e Juizado Especial Cível)",2026-01-31,12,99.39,3
PIRACANJUBA,"1ª Vara Judicial (Família e Sucessões, Infância e Juventude, Cível e Juizado Especial Cível)",2026-02-28,12,100.0,4
PIRACANJUBA,"1ª Vara Judicial (Família e Sucessões, Infância e Juventude, Cível e Juizado Especial Cível)",2026-03-31,12,100.0,5
PIRACANJUBA,"1ª Vara Judicial (Família e Sucessões, Infância e Juventude, Cível e Juizado Especial Cível)",2026-04-30,12,100.0,6
PIRACANJUBA,"1ª Vara Judicial (Família e Sucessões, Infância e Juventude, Cível e Juizado Especial Cível)",2026-05-31,12,100.0,7
PIRACANJUBA,"1ª Vara Judicial (Família e Sucessões, Infância e Juventude, Cível e Juizado Especial Cível)",2026-06-30,12,100.0,8
PIRACANJUBA,"1ª Vara Judicial (Família e Sucessões, Infância e Juventude, Cível e Juizado Especial Cível)",2026-07-31,12,100.0,9
PIRACANJUBA,"1ª Vara Judicial (Família e Sucessões, Infância e Juventude, Cível e Juizado Especial Cível)",2026-08-31,12,100.0,10
PIRACANJUBA,"1ª Vara Judicial (Família e Sucessões, Infância e Juventude, Cível e Juizado Especial Cível)",2026-09-30,12,100.0,11
PIRACANJUBA,"1ª Vara Judicial (Família e Sucessões, Infância e Juventude, Cível e Juizado Especial Cível)",2026-10-31,12,100.0,12
PIRACANJUBA,"2ª Vara Judicial (Fazendas Públicas, Criminal, Execução Penal e Juizado Criminal)",2025-11-30,12,94.87,1
PIRACANJUBA,"2ª Vara Judicial (Fazendas Públicas, Criminal, Execução Penal e Juizado Criminal)",2025-12-31,12,95.69,2
PIRACANJUBA,"2ª Vara Judicial (Fazendas Públicas, Criminal, Execução Penal e Juizado Criminal)",2026-01-31,12,96.52,3
PIRACANJUBA,"2ª Vara Judicial (Fazendas Públicas, Criminal, Execução Penal e Juizado Criminal)",2026-02-28,12,97.27,4
PIRACANJUBA,"2ª Vara Judicial (Fazendas Públicas, Criminal, Execução Penal e Juizado Criminal)",2026-03-31,12,98.1,5
PIRACANJUBA,"2ª Vara Judicial (Fazendas Públicas, Criminal, Execução Penal e Juizado Criminal)",2026-04-30,12,98.9,6
PIRACANJUBA,"2ª Vara Judicial (Fazendas Públicas, Criminal, Execução Penal e Juizado Criminal)",2026-05-31,12,99.73,7
PIRACANJUBA,"2ª Vara Judicial (Fazendas Públicas, Criminal, Execução Penal e Juizado Criminal)",2026-06-30,12,100.0,8
PIRACANJUBA,"2ª Vara Judicial (Fazendas Públicas, Criminal, Execução Penal e Juizado Criminal)",2026-07-31,12,100.0,9
PIRACANJUBA,"2ª Vara Judicial (Fazendas Públicas, Criminal, Execução Penal e Juizado Criminal)",2026-08-31,12,100.0,10
PIRACANJUBA,"2ª Vara Judicial (Fazendas Públicas, Criminal, Execução Penal e Juizado Criminal)",2026-09-30,12,100.0,11
PIRACANJUBA,"2ª Vara Judicial (Fazendas Públicas, Criminal, Execução Penal e Juizado Criminal)",2026-10-31,12,100.0,12
PIRANHAS,Vara Judicial,2025-11-30,12,99.06,1
PIRANHAS,Vara Judicial,2025-12-31,12,99.67,2
PIRANHAS,Vara Judicial,2026-01-31,12,100.0,3
PIRANHAS,Vara Judicial,2026-02-28,12,100.0,4
PIRANHAS,Vara Judicial,2026-03-31,12,100.0,5
PIRANHAS,Vara Judicial,2026-04-30,12,100.0,6
PIRANHAS,Vara Judicial,2026-05-31,12,100.0,7
PIRANHAS,Vara Judicial,2026-06-30,12,100.0,8
PIRANHAS,Vara Judicial,2026-07-31,12,100.0,9
PIRANHAS,Vara Judicial,2026-08-31,12,100.0,10
PIRANHAS,Vara Judicial,2026-09-30,12,100.0,11
PIRANHAS,Vara Judicial,2026-10-31,12,100.0,12
PIRENÓPOLIS,"1ª Vara Judicial (Família e Sucessões, Infância e Juventude, Cível e Juizado Especial Cível)",2025-11-30,12,87.63,1
PIRENÓPOLIS,"1ª Vara Judicial (Família e Sucessões, Infância e Juventude, Cível e Juizado Especial Cível)",2025-12-31,12,87.97,2
PIRENÓPOLIS,"1ª Vara Judicial (Família e Sucessões, Infância e Juventude, Cível e Juizado Especial Cível)",2026-01-31,12,88.32,3
PIRENÓPOLIS,"1ª Vara Judicial (Família e Sucessões, Infância e Juventude, Cível e Juizado Especial Cível)",2026-02-28,12,88.62,4
PIRENÓPOLIS,"1ª Vara Judicial (Família e Sucessões, Infância e Juventude, Cível e Juizado Especial Cível)",2026-03-31,12,88.97,5
PIRENÓPOLIS,"1ª Vara Judicial (Família e Sucessões, Infância e Juventude, Cível e Juizado Especial Cível)",2026-04-30,12,89.3,6
PIRENÓPOLIS,"1ª Vara Judicial (Família e Sucessões, Infância e Juventude, Cível e Juizado Especial Cível)",2026-05-31,12,89.64,7
PIRENÓPOLIS,"1ª Vara Judicial (Família e Sucessões, Infância e Juventude, Cível e Juizado Especial Cível)",2026-06-30,12,89.97,8
PIRENÓPOLIS,"1ª Vara Judicial (Família e Sucessões, Infância e Juventude, Cível e Juizado Especial Cível)",2026-07-31,12,90.31,9
PIRENÓPOLIS,"1ª Vara Judicial (Família e Sucessões, Infância e Juventude, Cível e Juizado Especial Cível)",2026-08-31,12,90.66,10
PIRENÓPOLIS,"1ª Vara Judicial (Família e Sucessões, Infância e Juventude, Cível e Juizado Especial Cível)",2026-09-30,12,90.99,11
PIRENÓPOLIS,"1ª Vara Judicial (Família e Sucessões, Infância e Juventude, Cível e Juizado Especial Cível)",2026-10-31,12,91.33,12
PIRENÓPOLIS,"2ª Vara Judicial (Fazendas Públicas, Criminal, Execução Penal e Juizado Criminal)",2025-11-30,12,97.74,1
PIRENÓPOLIS,"2ª Vara Judicial (Fazendas Públicas, Criminal, Execução Penal e Juizado Criminal)",2025-12-31,12,98.3,2
PIRENÓPOLIS,"2ª Vara Judicial (Fazendas Públicas, Criminal, Execução Penal e Juizado Criminal)",2026-01-31,12,98.86,3
PIRENÓPOLIS,"2ª Vara Judicial (Fazendas Públicas, Criminal, Execução Penal e Juizado Criminal)",2026-02-28,12,99.36,4
PIRENÓPOLIS,"2ª Vara Judicial (Fazendas Públicas, Criminal, Execução Penal e Juizado Criminal)",2026-03-31,12,99.92,5
PIRENÓPOLIS,"2ª Vara Judicial (Fazendas Públicas, Criminal, Execução Penal e Juizado Criminal)",2026-04-30,12,100.0,6
PIRENÓPOLIS,"2ª Vara Judicial (Fazendas Públicas, Criminal, Execução Penal e Juizado Criminal)",2026-05-31,12,100.0,7
PIRENÓPOLIS,"2ª Vara Judicial (Fazendas Públicas, Criminal, Execução Penal e Juizado Criminal)",2026-06-30,12,100.0,8
PIRENÓPOLIS,"2ª Vara Judicial (Fazendas Públicas, Criminal, Execução Penal e Juizado Criminal)",2026-07-31,12,100.0,9
PIRENÓPOLIS,"2ª Vara Judicial (Fazendas Públicas, Criminal, Execução Penal e Juizado Criminal)",2026-08-31,12,100.0,10
PIRENÓPOLIS,"2ª Vara Judicial (Fazendas Públicas, Criminal, Execução Penal e Juizado Criminal)",2026-09-30,12,100.0,11
PIRENÓPOLIS,"2ª Vara Judicial (Fazendas Públicas, Criminal, Execução Penal e Juizado Criminal)",2026-10-31,12,100.0,12
PIRES DO RIO,"1ª Vara Judicial (Família e Sucessões, Infância e Juventude, Cível e Juizado Especial Cível)",2025-11-30,12,100.0,1
PIRES DO RIO,"1ª Vara Judicial (Família e Sucessões, Infância e Juventude, Cível e Juizado Especial Cível)",2025-12-31,12,100.0,2
PIRES DO RIO,"1ª Vara Judicial (Família e Sucessões, Infância e Juventude, Cível e Juizado Especial Cível)",2026-01-31,12,100.0,3
PIRES DO RIO,"1ª Vara Judicial (Família e Sucessões, Infância e Juventude, Cível e Juizado Especial Cível)",2026-02-28,12,100.0,4
PIRES DO RIO,"1ª Vara Judicial (Família e Sucessões, Infância e Juventude, Cível e Juizado Especial Cível)",2026-03-31,12,100.0,5
PIRES DO RIO,"1ª Vara Judicial (Família e Sucessões, Infância e Juventude, Cível e Juizado Especial Cível)",2026-04-30,12,100.0,6
PIRES DO RIO,"1ª Vara Judicial (Família e Sucessões, Infância e Juventude, Cível e Juizado Especial Cível)",2026-05-31,12,100.0,7
PIRES DO RIO,"1ª Vara Judicial (Família e Sucessões, Infância e Juventude, Cível e Juizado Especial Cível)",2026-06-30,12,100.0,8
PIRES DO RIO,"1ª Vara Judicial (Família e Sucessões, Infância e Juventude, Cível e Juizado Especial Cível)",2026-07-31,12,100.0,9
PIRES DO RIO,"1ª Vara Judicial (Família e Sucessões, Infância e Juventude, Cível e Juizado Especial Cível)",2026-08-31,12,100.0,10
PIRES DO RIO,"1ª Vara Judicial (Família e Sucessões, Infância e Juventude, Cível e Juizado Especial Cível)",2026-09-30,12,100.0,11
PIRES DO RIO,"1ª Vara Judicial (Família e Sucessões, Infância e Juventude, Cível e Juizado Especial Cível)",2026-10-31,12,100.0,12
PIRES DO RIO,"2ª Vara Judicial (Fazendas Públicas, Criminal, Execução Penal e Juizado Criminal)",2025-11-30,12,92.21,1
PIRES DO RIO,"2ª Vara Judicial (Fazendas Públicas, Criminal, Execução Penal e Juizado Criminal)",2025-12-31,12,93.16,2
PIRES DO RIO,"2ª Vara Judicial (Fazendas Públicas, Criminal, Execução Penal e Juizado Criminal)",2026-01-31,12,94.1,3
PIRES DO RIO,"2ª Vara Judicial (Fazendas Públicas, Criminal, Execução Penal e Juizado Criminal)",2026-02-28,12,94.95,4
PIRES DO RIO,"2ª Vara Judicial (Fazendas Públicas, Criminal, Execução Penal e Juizado Criminal)",2026-03-31,12,95.9,5
PIRES DO RIO,"2ª Vara Judicial (Fazendas Públicas, Criminal, Execução Penal e Juizado Criminal)",2026-04-30,12,96.81,6
PIRES DO RIO,"2ª Vara Judicial (Fazendas Públicas, Criminal, Execução Penal e Juizado Criminal)",2026-05-31,12,97.75,7
PIRES DO RIO,"2ª Vara Judicial (Fazendas Públicas, Criminal, Execução Penal e Juizado Criminal)",2026-06-30,12,98.66,8
PIRES DO RIO,"2ª Vara Judicial (Fazendas Públicas, Criminal, Execução Penal e Juizado Criminal)",2026-07-31,12,99.61,9
PIRES DO RIO,"2ª Vara Judicial (Fazendas Públicas, Criminal, Execução Penal e Juizado Criminal)",2026-08-31,12,100.0,10
PIRES DO RIO,"2ª Vara Judicial (Fazendas Públicas, Criminal, Execução Penal e Juizado Criminal)",2026-09-30,12,100.0,11
PIRES DO RIO,"2ª Vara Judicial (Fazendas Públicas, Criminal, Execução Penal e Juizado Criminal)",2026-10-31,12,100.0,12
PLANALTINA,"1ª Vara (Cível, de Família, Sucessões e da Infância e da Juventude)",2025-11-30,12,100.0,1
PLANALTINA,"1ª Vara (Cível, de Família, Sucessões e da Infância e da Juventude)",2025-12-31,12,100.0,2
PLANALTINA,"1ª Vara (Cível, de Família, Sucessões e da Infância e da Juventude)",2026-01-31,12,100.0,3
PLANALTINA,"1ª Vara (Cível, de Família, Sucessões e da Infância e da Juventude)",2026-02-28,12,100.0,4
PLANALTINA,"1ª Vara (Cível, de Família, Sucessões e da Infância e da Juventude)",2026-03-31,12,100.0,5
PLANALTINA,"1ª Vara (Cível, de Família, Sucessões e da Infância e da Juventude)",2026-04-30,12,100.0,6
PLANALTINA,"1ª Vara (Cível, de Família, Sucessões e da Infância e da Juventude)",2026-05-31,12,100.0,7
PLANALTINA,"1ª Vara (Cível, de Família, Sucessões e da Infância e da Juventude)",2026-06-30,12,100.0,8
PLANALTINA,"1ª Vara (Cível, de Família, Sucessões e da Infância e da Juventude)",2026-07-31,12,100.0,9
PLANALTINA,"1ª Vara (Cível, de Família, Sucessões e da Infância e da Juventude)",2026-08-31,12,100.0,10
PLANALTINA,"1ª Vara (Cível, de Família, Sucessões e da Infância e da Juventude)",2026-09-30,12,100.0,11
PLANALTINA,"1ª Vara (Cível, de Família, Sucessões e da Infância e da Juventude)",2026-10-31,12,100.0,12
PLANALTINA,"1ª Vara Criminal (crimes dolosos contra a vida e Presidência do Tribunal do Júri, Execução Penal e crimes envolvendo violência doméstica)",2025-11-30,12,95.37,1
PLANALTINA,"1ª Vara Criminal (crimes dolosos contra a vida e Presidência do Tribunal do Júri, Execução Penal e crimes envolvendo violência doméstica)",2025-12-31,12,96.05,2
PLANALTINA,"1ª Vara Criminal (crimes dolosos contra a vida e Presidência do Tribunal do Júri, Execução Penal e crimes envolvendo violência doméstica)",2026-01-31,12,96.72,3
PLANALTINA,"1ª Vara Criminal (crimes dolosos contra a vida e Presidência do Tribunal do Júri, Execução Penal e crimes envolvendo violência doméstica)",2026-02-28,12,97.34,4
PLANALTINA,"1ª Vara Criminal (crimes dolosos contra a vida e Presidência do Tribunal do Júri, Execução Penal e crimes envolvendo violência doméstica)",2026-03-31,12,98.01,5
PLANALTINA,"1ª Vara Criminal (crimes dolosos contra a vida e Presidência do Tribunal do Júri, Execução Penal e crimes envolvendo violência doméstica)",2026-04-30,12,98.67,6
PLANALTINA,"1ª Vara Criminal (crimes dolosos contra a vida e Presidência do Tribunal do Júri, Execução Penal e crimes envolvendo violência doméstica)",2026-05-31,12,99.35,7
PLANALTINA,"1ª Vara Criminal (crimes dolosos contra a vida e Presidência do Tribunal do Júri, Execução Penal e crimes envolvendo violência doméstica)",2026-06-30,12,100.0,8
PLANALTINA,"1ª Vara Criminal (crimes dolosos contra a vida e Presidência do Tribunal do Júri, Execução Penal e crimes envolvendo violência doméstica)",2026-07-31,12,100.0,9
PLANALTINA,"1ª Vara Criminal (crimes dolosos contra a vida e Presidência do Tribunal do Júri, Execução Penal e crimes envolvendo violência doméstica)",2026-08-31,12,100.0,10
PLANALTINA,"1ª Vara Criminal (crimes dolosos contra a vida e Presidência do Tribunal do Júri, Execução Penal e crimes envolvendo violência doméstica)",2026-09-30,12,100.0,11
PLANALTINA,"1ª Vara Criminal (crimes dolosos contra a vida e Presidência do Tribunal do Júri, Execução Penal e crimes envolvendo violência doméstica)",2026-10-31,12,100.0,12
PLANALTINA,"2ª Vara (Cível, das Fazendas Públicas, de Registros Públicos e Ambiental)",2025-11-30,12,94.65,1
PLANALTINA,"2ª Vara (Cível, das Fazendas Públicas, de Registros Públicos e Ambiental)",2025-12-31,12,94.61,2
PLANALTINA,"2ª Vara (Cível, das Fazendas Públicas, de Registros Públicos e Ambiental)",2026-01-31,12,94.57,3
PLANALTINA,"2ª Vara (Cível, das Fazendas Públicas, de Registros Públicos e Ambiental)",2026-02-28,12,94.54,4
PLANALTINA,"2ª Vara (Cível, das Fazendas Públicas, de Registros Públicos e Ambiental)",2026-03-31,12,94.5,5
PLANALTINA,"2ª Vara (Cível, das Fazendas Públicas, de Registros Públicos e Ambiental)",2026-04-30,12,94.47,6
PLANALTINA,"2ª Vara (Cível, das Fazendas Públicas, de Registros Públicos e Ambiental)",2026-05-31,12,94.43,7
PLANALTINA,"2ª Vara (Cível, das Fazendas Públicas, de Registros Públicos e Ambiental)",2026-06-30,12,94.39,8
PLANALTINA,"2ª Vara (Cível, das Fazendas Públicas, de Registros Públicos e Ambiental)",2026-07-31,12,94.36,9
PLANALTINA,"2ª Vara (Cível, das Fazendas Públicas, de Registros Públicos e Ambiental)",2026-08-31,12,94.32,10
PLANALTINA,"2ª Vara (Cível, das Fazendas Públicas, de Registros Públicos e Ambiental)",2026-09-30,12,94.28,11
PLANALTINA,"2ª Vara (Cível, das Fazendas Públicas, de Registros Públicos e Ambiental)",2026-10-31,12,94.25,12
PLANALTINA,2ª Vara Criminal (crimes em geral),2025-11-30,12,88.75,1
PLANALTINA,2ª Vara Criminal (crimes em geral),2025-12-31,12,89.95,2
PLANALTINA,2ª Vara Criminal (crimes em geral),2026-01-31,12,91.14,3
PLANALTINA,2ª Vara Criminal (crimes em geral),2026-02-28,12,92.22,4
PLANALTINA,2ª Vara Criminal (crimes em geral),2026-03-31,12,93.41,5
PLANALTINA,2ª Vara Criminal (crimes em geral),2026-04-30,12,94.56,6
PLANALTINA,2ª Vara Criminal (crimes em geral),2026-05-31,12,95.76,7
PLANALTINA,2ª Vara Criminal (crimes em geral),2026-06-30,12,96.91,8
PLANALTINA,2ª Vara Criminal (crimes em geral),2026-07-31,12,98.1,9
PLANALTINA,2ª Vara Criminal (crimes em geral),2026-08-31,12,99.3,10
PLANALTINA,2ª Vara Criminal (crimes em geral),2026-09-30,12,100.0,11
PLANALTINA,2ª Vara Criminal (crimes em geral),2026-10-31,12,100.0,12
PLANALTINA,Juizado Especial Cível e Criminal,2025-11-30,12,94.75,1
PLANALTINA,Juizado Especial Cível e Criminal,2025-12-31,12,94.98,2
PLANALTINA,Juizado Especial Cível e Criminal,2026-01-31,12,95.2,3
PLANALTINA,Juizado Especial Cível e Criminal,2026-02-28,12,95.4,4
PLANALTINA,Juizado Especial Cível e Criminal,2026-03-31,12,95.63,5
PLANALTINA,Juizado Especial Cível e Criminal,2026-04-30,12,95.85,6
PLANALTINA,Juizado Especial Cível e Criminal,2026-05-31,12,96.07,7
PLANALTINA,Juizado Especial Cível e Criminal,2026-06-30,12,96.29,8
PLANALTINA,Juizado Especial Cível e Criminal,2026-07-31,12,96.51,9
PLANALTINA,Juizado Especial Cível e Criminal,2026-08-31,12,96.74,10
PLANALTINA,Juizado Especial Cível e Criminal,2026-09-30,12,96.95,11
PLANALTINA,Juizado Especial Cível e Criminal,2026-10-31,12,97.18,12
PONTALINA,Vara Judicial,2025-11-30,12,97.9,1
PONTALINA,Vara Judicial,2025-12-31,12,98.46,2
PONTALINA,Vara Judicial,2026-01-31,12,99.01,3
PONTALINA,Vara Judicial,2026-02-28,12,99.52,4
PONTALINA,Vara Judicial,2026-03-31,12,100.0,5
PONTALINA,Vara Judicial,2026-04-30,12,100.0,6
PONTALINA,Vara Judicial,2026-05-31,12,100.0,7
PONTALINA,Vara Judicial,2026-06-30,12,100.0,8
PONTALINA,Vara Judicial,2026-07-31,12,100.0,9
PONTALINA,Vara Judicial,2026-08-31,12,100.0,10
PONTALINA,Vara Judicial,2026-09-30,12,100.0,11
PONTALINA,Vara Judicial,2026-10-31,12,100.0,12
PORANGATU,"1ª Vara Cível, de Família e Sucessões e da Infância e Juventude",2025-11-30,12,93.63,1
PORANGATU,"1ª Vara Cível, de Família e Sucessões e da Infância e Juventude",2025-12-31,12,93.85,2
PORANGATU,"1ª Vara Cível, de Família e Sucessões e da Infância e Juventude",2026-01-31,12,94.06,3
PORANGATU,"1ª Vara Cível, de Família e Sucessões e da Infância e Juventude",2026-02-28,12,94.25,4
PORANGATU,"1ª Vara Cível, de Família e Sucessões e da Infância e Juventude",2026-03-31,12,94.46,5
PORANGATU,"1ª Vara Cível, de Família e Sucessões e da Infância e Juventude",2026-04-30,12,94.66,6
PORANGATU,"1ª Vara Cível, de Família e Sucessões e da Infância e Juventude",2026-05-31,12,94.88,7
PORANGATU,"1ª Vara Cível, de Família e Sucessões e da Infância e Juventude",2026-06-30,12,95.08,8
PORANGATU,"1ª Vara Cível, de Família e Sucessões e da Infância e Juventude",2026-07-31,12,95.29,9
PORANGATU,"1ª Vara Cível, de Família e Sucessões e da Infância e Juventude",2026-08-31,12,95.5,10
PORANGATU,"1ª Vara Cível, de Família e Sucessões e da Infância e Juventude",2026-09-30,12,95.71,11
PORANGATU,"1ª Vara Cível, de Família e Sucessões e da Infância e Juventude",2026-10-31,12,95.92,12
PORANGATU,"2ª Vara Cível, das Fazendas Públicas e de Registros Públicos",2025-11-30,12,91.28,1
PORANGATU,"2ª Vara Cível, das Fazendas Públicas e de Registros Públicos",2025-12-31,12,91.16,2
PORANGATU,"2ª Vara Cível, das Fazendas Públicas e de Registros Públicos",2026-01-31,12,91.03,3
PORANGATU,"2ª Vara Cível, das Fazendas Públicas e de Registros Públicos",2026-02-28,12,90.92,4
PORANGATU,"2ª Vara Cível, das Fazendas Públicas e de Registros Públicos",2026-03-31,12,90.8,5
PORANGATU,"2ª Vara Cível, das Fazendas Públicas e de Registros Públicos",2026-04-30,12,90.68,6
PORANGATU,"2ª Vara Cível, das Fazendas Públicas e de Registros Públicos",2026-05-31,12,90.56,7
PORANGATU,"2ª Vara Cível, das Fazendas Públicas e de Registros Públicos",2026-06-30,12,90.44,8
PORANGATU,"2ª Vara Cível, das Fazendas Públicas e de Registros Públicos",2026-07-31,12,90.32,9
PORANGATU,"2ª Vara Cível, das Fazendas Públicas e de Registros Públicos",2026-08-31,12,90.2,10
PORANGATU,"2ª Vara Cível, das Fazendas Públicas e de Registros Públicos",2026-09-30,12,90.08,11
PORANGATU,"2ª Vara Cível, das Fazendas Públicas e de Registros Públicos",2026-10-31,12,89.96,12
PORANGATU,Juizado Especial Cível e Criminal,2025-11-30,12,93.47,1
PORANGATU,Juizado Especial Cível e Criminal,2025-12-31,12,95.67,2
PORANGATU,Juizado Especial Cível e Criminal,2026-01-31,12,97.87,3
PORANGATU,Juizado Especial Cível e Criminal,2026-02-28,12,99.86,4
PORANGATU,Juizado Especial Cível e Criminal,2026-03-31,12,100.0,5
PORANGATU,Juizado Especial Cível e Criminal,2026-04-30,12,100.0,6
PORANGATU,Juizado Especial Cível e Criminal,2026-05-31,12,100.0,7
PORANGATU,Juizado Especial Cível e Criminal,2026-06-30,12,100.0,8
PORANGATU,Juizado Especial Cível e Criminal,2026-07-31,12,100.0,9
PORANGATU,Juizado Especial Cível e Criminal,2026-08-31,12,100.0,10
PORANGATU,Juizado Especial Cível e Criminal,2026-09-30,12,100.0,11
PORANGATU,Juizado Especial Cível e Criminal,2026-10-31,12,100.0,12
PORANGATU,Vara Criminal,2025-11-30,12,100.0,1
PORANGATU,Vara Criminal,2025-12-31,12,100.0,2
PORANGATU,Vara Criminal,2026-01-31,12,100.0,3
PORANGATU,Vara Criminal,2026-02-28,12,100.0,4
PORANGATU,Vara Criminal,2026-03-31,12,100.0,5
PORANGATU,Vara Criminal,2026-04-30,12,100.0,6
PORANGATU,Vara Criminal,2026-05-31,12,100.0,7
PORANGATU,Vara Criminal,2026-06-30,12,100.0,8
PORANGATU,Vara Criminal,2026-07-31,12,100.0,9
PORANGATU,Vara Criminal,2026-08-31,12,100.0,10
PORANGATU,Vara Criminal,2026-09-30,12,100.0,11
PORANGATU,Vara Criminal,2026-10-31,12,100.0,12
POSSE,"1ª Vara Judicial (Família e Sucessões, Infância e Juventude, Cível, de Registros Públicos, Ambiental e Juizado Especial Cível)",2025-11-30,12,95.09,1
POSSE,"1ª Vara Judicial (Família e Sucessões, Infância e Juventude, Cível, de Registros Públicos, Ambiental e Juizado Especial Cível)",2025-12-31,12,95.62,2
POSSE,"1ª Vara Judicial (Família e Sucessões, Infância e Juventude, Cível, de Registros Públicos, Ambiental e Juizado Especial Cível)",2026-01-31,12,96.15,3
POSSE,"1ª Vara Judicial (Família e Sucessões, Infância e Juventude, Cível, de Registros Públicos, Ambiental e Juizado Especial Cível)",2026-02-28,12,96.63,4
POSSE,"1ª Vara Judicial (Família e Sucessões, Infância e Juventude, Cível, de Registros Públicos, Ambiental e Juizado Especial Cível)",2026-03-31,12,97.16,5
POSSE,"1ª Vara Judicial (Família e Sucessões, Infância e Juventude, Cível, de Registros Públicos, Ambiental e Juizado Especial Cível)",2026-04-30,12,97.67,6
POSSE,"1ª Vara Judicial (Família e Sucessões, Infância e Juventude, Cível, de Registros Públicos, Ambiental e Juizado Especial Cível)",2026-05-31,12,98.2,7
POSSE,"1ª Vara Judicial (Família e Sucessões, Infância e Juventude, Cível, de Registros Públicos, Ambiental e Juizado Especial Cível)",2026-06-30,12,98.72,8
POSSE,"1ª Vara Judicial (Família e Sucessões, Infância e Juventude, Cível, de Registros Públicos, Ambiental e Juizado Especial Cível)",2026-07-31,12,99.25,9
POSSE,"1ª Vara Judicial (Família e Sucessões, Infância e Juventude, Cível, de Registros Públicos, Ambiental e Juizado Especial Cível)",2026-08-31,12,99.78,10
POSSE,"1ª Vara Judicial (Família e Sucessões, Infância e Juventude, Cível, de Registros Públicos, Ambiental e Juizado Especial Cível)",2026-09-30,12,100.0,11
POSSE,"1ª Vara Judicial (Família e Sucessões, Infância e Juventude, Cível, de Registros Públicos, Ambiental e Juizado Especial Cível)",2026-10-31,12,100.0,12
POSSE,"2ª Vara Judicial (Fazendas Públicas, Criminal, Execução Penal e Juizado Especial Criminal)",2025-11-30,12,95.35,1
POSSE,"2ª Vara Judicial (Fazendas Públicas, Criminal, Execução Penal e Juizado Especial Criminal)",2025-12-31,12,95.54,2
POSSE,"2ª Vara Judicial (Fazendas Públicas, Criminal, Execução Penal e Juizado Especial Criminal)",2026-01-31,12,95.72,3
POSSE,"2ª Vara Judicial (Fazendas Públicas, Criminal, Execução Penal e Juizado Especial Criminal)",2026-02-28,12,95.88,4
POSSE,"2ª Vara Judicial (Fazendas Públicas, Criminal, Execução Penal e Juizado Especial Criminal)",2026-03-31,12,96.07,5
POSSE,"2ª Vara Judicial (Fazendas Públicas, Criminal, Execução Penal e Juizado Especial Criminal)",2026-04-30,12,96.24,6
POSSE,"2ª Vara Judicial (Fazendas Públicas, Criminal, Execução Penal e Juizado Especial Criminal)",2026-05-31,12,96.43,7
POSSE,"2ª Vara Judicial (Fazendas Públicas, Criminal, Execução Penal e Juizado Especial Criminal)",2026-06-30,12,96.6,8
POSSE,"2ª Vara Judicial (Fazendas Públicas, Criminal, Execução Penal e Juizado Especial Criminal)",2026-07-31,12,96.78,9
POSSE,"2ª Vara Judicial (Fazendas Públicas, Criminal, Execução Penal e Juizado Especial Criminal)",2026-08-31,12,96.97,10
POSSE,"2ª Vara Judicial (Fazendas Públicas, Criminal, Execução Penal e Juizado Especial Criminal)",2026-09-30,12,97.14,11
POSSE,"2ª Vara Judicial (Fazendas Públicas, Criminal, Execução Penal e Juizado Especial Criminal)",2026-10-31,12,97.33,12
QUIRINÓPOLIS,1ª Vara (Cível e da Inf. e da Juv.),2025-11-30,12,92.77,1
QUIRINÓPOLIS,1ª Vara (Cível e da Inf. e da Juv.),2025-12-31,12,92.83,2
QUIRINÓPOLIS,1ª Vara (Cível e da Inf. e da Juv.),2026-01-31,12,92.89,3
QUIRINÓPOLIS,1ª Vara (Cível e da Inf. e da Juv.),2026-02-28,12,92.95,4
QUIRINÓPOLIS,1ª Vara (Cível e da Inf. e da Juv.),2026-03-31,12,93.01,5
QUIRINÓPOLIS,1ª Vara (Cível e da Inf. e da Juv.),2026-04-30,12,93.07,6
QUIRINÓPOLIS,1ª Vara (Cível e da Inf. e da Juv.),2026-05-31,12,93.13,7
QUIRINÓPOLIS,1ª Vara (Cível e da Inf. e da Juv.),2026-06-30,12,93.19,8
QUIRINÓPOLIS,1ª Vara (Cível e da Inf. e da Juv.),2026-07-31,12,93.25,9
QUIRINÓPOLIS,1ª Vara (Cível e da Inf. e da Juv.),2026-08-31,12,93.31,10
QUIRINÓPOLIS,1ª Vara (Cível e da Inf. e da Juv.),2026-09-30,12,93.36,11
QUIRINÓPOLIS,1ª Vara (Cível e da Inf. e da Juv.),2026-10-31,12,93.42,12
QUIRINÓPOLIS,"2ª Vara (Cível, das Faz. Púb., de Reg. Púb. e Ambiental)",2025-11-30,12,95.53,1
QUIRINÓPOLIS,"2ª Vara (Cível, das Faz. Púb., de Reg. Púb. e Ambiental)",2025-12-31,12,95.46,2
QUIRINÓPOLIS,"2ª Vara (Cível, das Faz. Púb., de Reg. Púb. e Ambiental)",2026-01-31,12,95.4,3
QUIRINÓPOLIS,"2ª Vara (Cível, das Faz. Púb., de Reg. Púb. e Ambiental)",2026-02-28,12,95.34,4
QUIRINÓPOLIS,"2ª Vara (Cível, das Faz. Púb., de Reg. Púb. e Ambiental)",2026-03-31,12,95.28,5
QUIRINÓPOLIS,"2ª Vara (Cível, das Faz. Púb., de Reg. Púb. e Ambiental)",2026-04-30,12,95.21,6
QUIRINÓPOLIS,"2ª Vara (Cível, das Faz. Púb., de Reg. Púb. e Ambiental)",2026-05-31,12,95.15,7
QUIRINÓPOLIS,"2ª Vara (Cível, das Faz. Púb., de Reg. Púb. e Ambiental)",2026-06-30,12,95.09,8
QUIRINÓPOLIS,"2ª Vara (Cível, das Faz. Púb., de Reg. Púb. e Ambiental)",2026-07-31,12,95.02,9
QUIRINÓPOLIS,"2ª Vara (Cível, das Faz. Púb., de Reg. Púb. e Ambiental)",2026-08-31,12,94.96,10
QUIRINÓPOLIS,"2ª Vara (Cível, das Faz. Púb., de Reg. Púb. e Ambiental)",2026-09-30,12,94.9,11
QUIRINÓPOLIS,"2ª Vara (Cível, das Faz. Púb., de Reg. Púb. e Ambiental)",2026-10-31,12,94.83,12
QUIRINÓPOLIS,Juizado Especial Cível e Criminal,2025-11-30,12,94.96,1
QUIRINÓPOLIS,Juizado Especial Cível e Criminal,2025-12-31,12,96.6,2
QUIRINÓPOLIS,Juizado Especial Cível e Criminal,2026-01-31,12,98.24,3
QUIRINÓPOLIS,Juizado Especial Cível e Criminal,2026-02-28,12,99.72,4
QUIRINÓPOLIS,Juizado Especial Cível e Criminal,2026-03-31,12,100.0,5
QUIRINÓPOLIS,Juizado Especial Cível e Criminal,2026-04-30,12,100.0,6
QUIRINÓPOLIS,Juizado Especial Cível e Criminal,2026-05-31,12,100.0,7
QUIRINÓPOLIS,Juizado Especial Cível e Criminal,2026-06-30,12,100.0,8
QUIRINÓPOLIS,Juizado Especial Cível e Criminal,2026-07-31,12,100.0,9
QUIRINÓPOLIS,Juizado Especial Cível e Criminal,2026-08-31,12,100.0,10
QUIRINÓPOLIS,Juizado Especial Cível e Criminal,2026-09-30,12,100.0,11
QUIRINÓPOLIS,Juizado Especial Cível e Criminal,2026-10-31,12,100.0,12
QUIRINÓPOLIS,Vara Criminal,2025-11-30,12,94.48,1
QUIRINÓPOLIS,Vara Criminal,2025-12-31,12,95.18,2
QUIRINÓPOLIS,Vara Criminal,2026-01-31,12,95.88,3
QUIRINÓPOLIS,Vara Criminal,2026-02-28,12,96.51,4
QUIRINÓPOLIS,Vara Criminal,2026-03-31,12,97.21,5
QUIRINÓPOLIS,Vara Criminal,2026-04-30,12,97.89,6
QUIRINÓPOLIS,Vara Criminal,2026-05-31,12,98.59,7
QUIRINÓPOLIS,Vara Criminal,2026-06-30,12,99.26,8
QUIRINÓPOLIS,Vara Criminal,2026-07-31,12,99.96,9
QUIRINÓPOLIS,Vara Criminal,2026-08-31,12,100.0,10
QUIRINÓPOLIS,Vara Criminal,2026-09-30,12,100.0,11
QUIRINÓPOLIS,Vara Criminal,2026-10-31,12,100.0,12
RIALMA,Vara Judicial,2025-11-30,12,89.22,1
RIALMA,Vara Judicial,2025-12-31,12,89.33,2
RIALMA,Vara Judicial,2026-01-31,12,89.44,3
RIALMA,Vara Judicial,2026-02-28,12,89.54,4
RIALMA,Vara Judicial,2026-03-31,12,89.65,5
RIALMA,Vara Judicial,2026-04-30,12,89.76,6
RIALMA,Vara Judicial,2026-05-31,12,89.87,7
RIALMA,Vara Judicial,2026-06-30,12,89.97,8
RIALMA,Vara Judicial,2026-07-31,12,90.08,9
RIALMA,Vara Judicial,2026-08-31,12,90.19,10
RIALMA,Vara Judicial,2026-09-30,12,90.3,11
RIALMA,Vara Judicial,2026-10-31,12,90.41,12
RIO VERDE,1ª Vara Cível,2025-11-30,12,96.51,1
RIO VERDE,1ª Vara Cível,2025-12-31,12,96.69,2
RIO VERDE,1ª Vara Cível,2026-01-31,12,96.87,3
RIO VERDE,1ª Vara Cível,2026-02-28,12,97.04,4
RIO VERDE,1ª Vara Cível,2026-03-31,12,97.22,5
RIO VERDE,1ª Vara Cível,2026-04-30,12,97.4,6
RIO VERDE,1ª Vara Cível,2026-05-31,12,97.58,7
RIO VERDE,1ª Vara Cível,2026-06-30,12,97.75,8
RIO VERDE,1ª Vara Cível,2026-07-31,12,97.93,9
RIO VERDE,1ª Vara Cível,2026-08-31,12,98.11,10
RIO VERDE,1ª Vara Cível,2026-09-30,12,98.29,11
RIO VERDE,1ª Vara Cível,2026-10-31,12,98.47,12
RIO VERDE,1ª Vara de Família e Sucessões,2025-11-30,12,93.29,1
RIO VERDE,1ª Vara de Família e Sucessões,2025-12-31,12,94.56,2
RIO VERDE,1ª Vara de Família e Sucessões,2026-01-31,12,95.83,3
RIO VERDE,1ª Vara de Família e Sucessões,2026-02-28,12,96.98,4
RIO VERDE,1ª Vara de Família e Sucessões,2026-03-31,12,98.25,5
RIO VERDE,1ª Vara de Família e Sucessões,2026-04-30,12,99.47,6
RIO VERDE,1ª Vara de Família e Sucessões,2026-05-31,12,100.0,7
RIO VERDE,1ª Vara de Família e Sucessões,2026-06-30,12,100.0,8
RIO VERDE,1ª Vara de Família e Sucessões,2026-07-31,12,100.0,9
RIO VERDE,1ª Vara de Família e Sucessões,2026-08-31,12,100.0,10
RIO VERDE,1ª Vara de Família e Sucessões,2026-09-30,12,100.0,11
RIO VERDE,1ª Vara de Família e Sucessões,2026-10-31,12,100.0,12
RIO VERDE,1º Juizado Especial Cível e Criminal,2025-11-30,12,56.72,1
RIO VERDE,1º Juizado Especial Cível e Criminal,2025-12-31,12,58.28,2
RIO VERDE,1º Juizado Especial Cível e Criminal,2026-01-31,12,59.84,3
RIO VERDE,1º Juizado Especial Cível e Criminal,2026-02-28,12,61.25,4
RIO VERDE,1º Juizado Especial Cível e Criminal,2026-03-31,12,62.81,5
RIO VERDE,1º Juizado Especial Cível e Criminal,2026-04-30,12,64.32,6
RIO VERDE,1º Juizado Especial Cível e Criminal,2026-05-31,12,65.88,7
RIO VERDE,1º Juizado Especial Cível e Criminal,2026-06-30,12,67.4,8
RIO VERDE,1º Juizado Especial Cível e Criminal,2026-07-31,12,68.96,9
RIO VERDE,1º Juizado Especial Cível e Criminal,2026-08-31,12,70.52,10
RIO VERDE,1º Juizado Especial Cível e Criminal,2026-09-30,12,72.03,11
RIO VERDE,1º Juizado Especial Cível e Criminal,2026-10-31,12,73.59,12
RIO VERDE,2ª Vara Criminal (crimes em geral),2025-11-30,12,100.0,1
RIO VERDE,2ª Vara Criminal (crimes em geral),2025-12-31,12,100.0,2
RIO VERDE,2ª Vara Criminal (crimes em geral),2026-01-31,12,100.0,3
RIO VERDE,2ª Vara Criminal (crimes em geral),2026-02-28,12,100.0,4
RIO VERDE,2ª Vara Criminal (crimes em geral),2026-03-31,12,100.0,5
RIO VERDE,2ª Vara Criminal (crimes em geral),2026-04-30,12,100.0,6
RIO VERDE,2ª Vara Criminal (crimes em geral),2026-05-31,12,100.0,7
RIO VERDE,2ª Vara Criminal (crimes em geral),2026-06-30,12,100.0,8
RIO VERDE,2ª Vara Criminal (crimes em geral),2026-07-31,12,100.0,9
RIO VERDE,2ª Vara Criminal (crimes em geral),2026-08-31,12,100.0,10
RIO VERDE,2ª Vara Criminal (crimes em geral),2026-09-30,12,100.0,11
RIO VERDE,2ª Vara Criminal (crimes em geral),2026-10-31,12,100.0,12
RIO VERDE,2ª Vara Cível,2025-11-30,12,95.76,1
RIO VERDE,2ª Vara Cível,2025-12-31,12,95.83,2
RIO VERDE,2ª Vara Cível,2026-01-31,12,95.9,3
RIO VERDE,2ª Vara Cível,2026-02-28,12,95.97,4
RIO VERDE,2ª Vara Cível,2026-03-31,12,96.05,5
RIO VERDE,2ª Vara Cível,2026-04-30,12,96.12,6
RIO VERDE,2ª Vara Cível,2026-05-31,12,96.19,7
RIO VERDE,2ª Vara Cível,2026-06-30,12,96.27,8
RIO VERDE,2ª Vara Cível,2026-07-31,12,96.34,9
RIO VERDE,2ª Vara Cível,2026-08-31,12,96.42,10
RIO VERDE,2ª Vara Cível,2026-09-30,12,96.49,11
RIO VERDE,2ª Vara Cível,2026-10-31,12,96.56,12
RIO VERDE,2ª Vara de Família e Sucessões,2025-11-30,12,93.97,1
RIO VERDE,2ª Vara de Família e Sucessões,2025-12-31,12,95.41,2
RIO VERDE,2ª Vara de Família e Sucessões,2026-01-31,12,96.85,3
RIO VERDE,2ª Vara de Família e Sucessões,2026-02-28,12,98.15,4
RIO VERDE,2ª Vara de Família e Sucessões,2026-03-31,12,99.6,5
RIO VERDE,2ª Vara de Família e Sucessões,2026-04-30,12,100.0,6
RIO VERDE,2ª Vara de Família e Sucessões,2026-05-31,12,100.0,7
RIO VERDE,2ª Vara de Família e Sucessões,2026-06-30,12,100.0,8
RIO VERDE,2ª Vara de Família e Sucessões,2026-07-31,12,100.0,9
RIO VERDE,2ª Vara de Família e Sucessões,2026-08-31,12,100.0,10
RIO VERDE,2ª Vara de Família e Sucessões,2026-09-30,12,100.0,11
RIO VERDE,2ª Vara de Família e Sucessões,2026-10-31,12,100.0,12
RIO VERDE,2º Juizado Especial Cível e Criminal,2025-11-30,12,63.03,1
RIO VERDE,2º Juizado Especial Cível e Criminal,2025-12-31,12,64.54,2
RIO VERDE,2º Juizado Especial Cível e Criminal,2026-01-31,12,66.05,3
RIO VERDE,2º Juizado Especial Cível e Criminal,2026-02-28,12,67.41,4
RIO VERDE,2º Juizado Especial Cível e Criminal,2026-03-31,12,68.92,5
RIO VERDE,2º Juizado Especial Cível e Criminal,2026-04-30,12,70.38,6
RIO VERDE,2º Juizado Especial Cível e Criminal,2026-05-31,12,71.89,7
RIO VERDE,2º Juizado Especial Cível e Criminal,2026-06-30,12,73.35,8
RIO VERDE,2º Juizado Especial Cível e Criminal,2026-07-31,12,74.86,9
RIO VERDE,2º Juizado Especial Cível e Criminal,2026-08-31,12,76.37,10
RIO VERDE,2º Juizado Especial Cível e Criminal,2026-09-30,12,77.83,11
RIO VERDE,2º Juizado Especial Cível e Criminal,2026-10-31,12,79.34,12
RIO VERDE,3ª Vara Criminal (crimes em geral),2025-11-30,12,98.28,1
RIO VERDE,3ª Vara Criminal (crimes em geral),2025-12-31,12,98.83,2
RIO VERDE,3ª Vara Criminal (crimes em geral),2026-01-31,12,99.39,3
RIO VERDE,3ª Vara Criminal (crimes em geral),2026-02-28,12,99.89,4
RIO VERDE,3ª Vara Criminal (crimes em geral),2026-03-31,12,100.0,5
RIO VERDE,3ª Vara Criminal (crimes em geral),2026-04-30,12,100.0,6
RIO VERDE,3ª Vara Criminal (crimes em geral),2026-05-31,12,100.0,7
RIO VERDE,3ª Vara Criminal (crimes em geral),2026-06-30,12,100.0,8
RIO VERDE,3ª Vara Criminal (crimes em geral),2026-07-31,12,100.0,9
RIO VERDE,3ª Vara Criminal (crimes em geral),2026-08-31,12,100.0,10
RIO VERDE,3ª Vara Criminal (crimes em geral),2026-09-30,12,100.0,11
RIO VERDE,3ª Vara Criminal (crimes em geral),2026-10-31,12,100.0,12
RIO VERDE,3ª Vara Cível,2025-11-30,12,96.19,1
RIO VERDE,3ª Vara Cível,2025-12-31,12,96.33,2
RIO VERDE,3ª Vara Cível,2026-01-31,12,96.48,3
RIO VERDE,3ª Vara Cível,2026-02-28,12,96.61,4
RIO VERDE,3ª Vara Cível,2026-03-31,12,96.75,5
RIO VERDE,3ª Vara Cível,2026-04-30,12,96.89,6
RIO VERDE,3ª Vara Cível,2026-05-31,12,97.03,7
RIO VERDE,3ª Vara Cível,2026-06-30,12,97.17,8
RIO VERDE,3ª Vara Cível,2026-07-31,12,97.32,9
RIO VERDE,3ª Vara Cível,2026-08-31,12,97.46,10
RIO VERDE,3ª Vara Cível,2026-09-30,12,97.6,11
RIO VERDE,3ª Vara Cível,2026-10-31,12,97.75,12
RIO VERDE,4ª Vara Criminal (crimes dolosos contra a vida e Presidência do Tribunal do Júri),2025-11-30,12,84.88,1
RIO VERDE,4ª Vara Criminal (crimes dolosos contra a vida e Presidência do Tribunal do Júri),2025-12-31,12,85.68,2
RIO VERDE,4ª Vara Criminal (crimes dolosos contra a vida e Presidência do Tribunal do Júri),2026-01-31,12,86.48,3
RIO VERDE,4ª Vara Criminal (crimes dolosos contra a vida e Presidência do Tribunal do Júri),2026-02-28,12,87.21,4
RIO VERDE,4ª Vara Criminal (crimes dolosos contra a vida e Presidência do Tribunal do Júri),2026-03-31,12,88.01,5
RIO VERDE,4ª Vara Criminal (crimes dolosos contra a vida e Presidência do Tribunal do Júri),2026-04-30,12,88.78,6
RIO VERDE,4ª Vara Criminal (crimes dolosos contra a vida e Presidência do Tribunal do Júri),2026-05-31,12,89.58,7
RIO VERDE,4ª Vara Criminal (crimes dolosos contra a vida e Presidência do Tribunal do Júri),2026-06-30,12,90.36,8
RIO VERDE,4ª Vara Criminal (crimes dolosos contra a vida e Presidência do Tribunal do Júri),2026-07-31,12,91.16,9
RIO VERDE,4ª Vara Criminal (crimes dolosos contra a vida e Presidência do Tribunal do Júri),2026-08-31,12,91.96,10
RIO VERDE,4ª Vara Criminal (crimes dolosos contra a vida e Presidência do Tribunal do Júri),2026-09-30,12,92.74,11
RIO VERDE,4ª Vara Criminal (crimes dolosos contra a vida e Presidência do Tribunal do Júri),2026-10-31,12,93.54,12
RIO VERDE,Juizado da Infância e da Juventude,2025-11-30,12,90.3,1
RIO VERDE,Juizado da Infância e da Juventude,2025-12-31,12,92.27,2
RIO VERDE,Juizado da Infância e da Juventude,2026-01-31,12,94.24,3
RIO VERDE,Juizado da Infância e da Juventude,2026-02-28,12,96.01,4
RIO VERDE,Juizado da Infância e da Juventude,2026-03-31,12,97.98,5
RIO VERDE,Juizado da Infância e da Juventude,2026-04-30,12,99.89,6
RIO VERDE,Juizado da Infância e da Juventude,2026-05-31,12,100.0,7
RIO VERDE,Juizado da Infância e da Juventude,2026-06-30,12,100.0,8
RIO VERDE,Juizado da Infância e da Juventude,2026-07-31,12,100.0,9
RIO VERDE,Juizado da Infância e da Juventude,2026-08-31,12,100.0,10
RIO VERDE,Juizado da Infância e da Juventude,2026-09-30,12,100.0,11
RIO VERDE,Juizado da Infância e da Juventude,2026-10-31,12,100.0,12
RIO VERDE,Juizado de Violência Doméstica e Familiar Contra a Mulher,2025-11-30,12,100.0,1
RIO VERDE,Juizado de Violência Doméstica e Familiar Contra a Mulher,2025-12-31,12,100.0,2
RIO VERDE,Juizado de Violência Doméstica e Familiar Contra a Mulher,2026-01-31,12,100.0,3
RIO VERDE,Juizado de Violência Doméstica e Familiar Contra a Mulher,2026-02-28,12,100.0,4
RIO VERDE,Juizado de Violência Doméstica e Familiar Contra a Mulher,2026-03-31,12,100.0,5
RIO VERDE,Juizado de Violência Doméstica e Familiar Contra a Mulher,2026-04-30,12,100.0,6
RIO VERDE,Juizado de Violência Doméstica e Familiar Contra a Mulher,2026-05-31,12,100.0,7
RIO VERDE,Juizado de Violência Doméstica e Familiar Contra a Mulher,2026-06-30,12,100.0,8
RIO VERDE,Juizado de Violência Doméstica e Familiar Contra a Mulher,2026-07-31,12,100.0,9
RIO VERDE,Juizado de Violência Doméstica e Familiar Contra a Mulher,2026-08-31,12,100.0,10
RIO VERDE,Juizado de Violência Doméstica e Familiar Contra a Mulher,2026-09-30,12,100.0,11
RIO VERDE,Juizado de Violência Doméstica e Familiar Contra a Mulher,2026-10-31,12,100.0,12
RIO VERDE,"Vara das Faz. Púb., de Reg. Púb. e Amb.",2025-11-30,12,92.74,1
RIO VERDE,"Vara das Faz. Púb., de Reg. Púb. e Amb.",2025-12-31,12,92.65,2
RIO VERDE,"Vara das Faz. Púb., de Reg. Púb. e Amb.",2026-01-31,12,92.57,3
RIO VERDE,"Vara das Faz. Púb., de Reg. Púb. e Amb.",2026-02-28,12,92.49,4
RIO VERDE,"Vara das Faz. Púb., de Reg. Púb. e Amb.",2026-03-31,12,92.4,5
RIO VERDE,"Vara das Faz. Púb., de Reg. Púb. e Amb.",2026-04-30,12,92.31,6
RIO VERDE,"Vara das Faz. Púb., de Reg. Púb. e Amb.",2026-05-31,12,92.22,7
RIO VERDE,"Vara das Faz. Púb., de Reg. Púb. e Amb.",2026-06-30,12,92.14,8
RIO VERDE,"Vara das Faz. Púb., de Reg. Púb. e Amb.",2026-07-31,12,92.05,9
RIO VERDE,"Vara das Faz. Púb., de Reg. Púb. e Amb.",2026-08-31,12,91.96,10
RIO VERDE,"Vara das Faz. Púb., de Reg. Púb. e Amb.",2026-09-30,12,91.87,11
RIO VERDE,"Vara das Faz. Púb., de Reg. Púb. e Amb.",2026-10-31,12,91.78,12
RUBIATABA,"1ª Vara Judicial (Família e Sucessões, Infância e Juventude, Cível e Juizado Especial Cível)",2025-11-30,12,99.28,1
RUBIATABA,"1ª Vara Judicial (Família e Sucessões, Infância e Juventude, Cível e Juizado Especial Cível)",2025-12-31,12,99.98,2
RUBIATABA,"1ª Vara Judicial (Família e Sucessões, Infância e Juventude, Cível e Juizado Especial Cível)",2026-01-31,12,100.0,3
RUBIATABA,"1ª Vara Judicial (Família e Sucessões, Infância e Juventude, Cível e Juizado Especial Cível)",2026-02-28,12,100.0,4
RUBIATABA,"1ª Vara Judicial (Família e Sucessões, Infância e Juventude, Cível e Juizado Especial Cível)",2026-03-31,12,100.0,5
RUBIATABA,"1ª Vara Judicial (Família e Sucessões, Infância e Juventude, Cível e Juizado Especial Cível)",2026-04-30,12,100.0,6
RUBIATABA,"1ª Vara Judicial (Família e Sucessões, Infância e Juventude, Cível e Juizado Especial Cível)",2026-05-31,12,100.0,7
RUBIATABA,"1ª Vara Judicial (Família e Sucessões, Infância e Juventude, Cível e Juizado Especial Cível)",2026-06-30,12,100.0,8
RUBIATABA,"1ª Vara Judicial (Família e Sucessões, Infância e Juventude, Cível e Juizado Especial Cível)",2026-07-31,12,100.0,9
RUBIATABA,"1ª Vara Judicial (Família e Sucessões, Infância e Juventude, Cível e Juizado Especial Cível)",2026-08-31,12,100.0,10
RUBIATABA,"1ª Vara Judicial (Família e Sucessões, Infância e Juventude, Cível e Juizado Especial Cível)",2026-09-30,12,100.0,11
RUBIATABA,"1ª Vara Judicial (Família e Sucessões, Infância e Juventude, Cível e Juizado Especial Cível)",2026-10-31,12,100.0,12
RUBIATABA,"2ª Vara Judicial (Fazendas Públicas, Criminal, Execução Penal e Juizado Criminal)",2025-11-30,12,97.67,1
RUBIATABA,"2ª Vara Judicial (Fazendas Públicas, Criminal, Execução Penal e Juizado Criminal)",2025-12-31,12,97.93,2
RUBIATABA,"2ª Vara Judicial (Fazendas Públicas, Criminal, Execução Penal e Juizado Criminal)",2026-01-31,12,98.19,3
RUBIATABA,"2ª Vara Judicial (Fazendas Públicas, Criminal, Execução Penal e Juizado Criminal)",2026-02-28,12,98.43,4
RUBIATABA,"2ª Vara Judicial (Fazendas Públicas, Criminal, Execução Penal e Juizado Criminal)",2026-03-31,12,98.69,5
RUBIATABA,"2ª Vara Judicial (Fazendas Públicas, Criminal, Execução Penal e Juizado Criminal)",2026-04-30,12,98.95,6
RUBIATABA,"2ª Vara Judicial (Fazendas Públicas, Criminal, Execução Penal e Juizado Criminal)",2026-05-31,12,99.21,7
RUBIATABA,"2ª Vara Judicial (Fazendas Públicas, Criminal, Execução Penal e Juizado Criminal)",2026-06-30,12,99.46,8
RUBIATABA,"2ª Vara Judicial (Fazendas Públicas, Criminal, Execução Penal e Juizado Criminal)",2026-07-31,12,99.73,9
RUBIATABA,"2ª Vara Judicial (Fazendas Públicas, Criminal, Execução Penal e Juizado Criminal)",2026-08-31,12,99.99,10
RUBIATABA,"2ª Vara Judicial (Fazendas Públicas, Criminal, Execução Penal e Juizado Criminal)",2026-09-30,12,100.0,11
RUBIATABA,"2ª Vara Judicial (Fazendas Públicas, Criminal, Execução Penal e Juizado Criminal)",2026-10-31,12,100.0,12
SANCLERLÂNDIA,Vara Judicial,2025-11-30,12,99.3,1
SANCLERLÂNDIA,Vara Judicial,2025-12-31,12,99.93,2
SANCLERLÂNDIA,Vara Judicial,2026-01-31,12,100.0,3
SANCLERLÂNDIA,Vara Judicial,2026-02-28,12,100.0,4
SANCLERLÂNDIA,Vara Judicial,2026-03-31,12,100.0,5
SANCLERLÂNDIA,Vara Judicial,2026-04-30,12,100.0,6
SANCLERLÂNDIA,Vara Judicial,2026-05-31,12,100.0,7
SANCLERLÂNDIA,Vara Judicial,2026-06-30,12,100.0,8
SANCLERLÂNDIA,Vara Judicial,2026-07-31,12,100.0,9
SANCLERLÂNDIA,Vara Judicial,2026-08-31,12,100.0,10
SANCLERLÂNDIA,Vara Judicial,2026-09-30,12,100.0,11
SANCLERLÂNDIA,Vara Judicial,2026-10-31,12,100.0,12
SANTA CRUZ DE GOIÁS,Vara Judicial,2025-11-30,12,90.67,1
SANTA CRUZ DE GOIÁS,Vara Judicial,2025-12-31,12,90.9,2
SANTA CRUZ DE GOIÁS,Vara Judicial,2026-01-31,12,91.13,3
SANTA CRUZ DE GOIÁS,Vara Judicial,2026-02-28,12,91.34,4
SANTA CRUZ DE GOIÁS,Vara Judicial,2026-03-31,12,91.57,5
SANTA CRUZ DE GOIÁS,Vara Judicial,2026-04-30,12,91.79,6
SANTA CRUZ DE GOIÁS,Vara Judicial,2026-05-31,12,92.02,7
SANTA CRUZ DE GOIÁS,Vara Judicial,2026-06-30,12,92.24,8
SANTA CRUZ DE GOIÁS,Vara Judicial,2026-07-31,12,92.47,9
SANTA CRUZ DE GOIÁS,Vara Judicial,2026-08-31,12,92.71,10
SANTA CRUZ DE GOIÁS,Vara Judicial,2026-09-30,12,92.93,11
SANTA CRUZ DE GOIÁS,Vara Judicial,2026-10-31,12,93.16,12
SANTA HELENA DE GOIÁS,"1ª Vara (Cív., Criminal - crime em geral e exec. penais - e da Inf. e da Juv.)",2025-11-30,12,98.3,1
SANTA HELENA DE GOIÁS,"1ª Vara (Cív., Criminal - crime em geral e exec. penais - e da Inf. e da Juv.)",2025-12-31,12,98.71,2
SANTA HELENA DE GOIÁS,"1ª Vara (Cív., Criminal - crime em geral e exec. penais - e da Inf. e da Juv.)",2026-01-31,12,99.12,3
SANTA HELENA DE GOIÁS,"1ª Vara (Cív., Criminal - crime em geral e exec. penais - e da Inf. e da Juv.)",2026-02-28,12,99.49,4
SANTA HELENA DE GOIÁS,"1ª Vara (Cív., Criminal - crime em geral e exec. penais - e da Inf. e da Juv.)",2026-03-31,12,99.9,5
SANTA HELENA DE GOIÁS,"1ª Vara (Cív., Criminal - crime em geral e exec. penais - e da Inf. e da Juv.)",2026-04-30,12,100.0,6
SANTA HELENA DE GOIÁS,"1ª Vara (Cív., Criminal - crime em geral e exec. penais - e da Inf. e da Juv.)",2026-05-31,12,100.0,7
SANTA HELENA DE GOIÁS,"1ª Vara (Cív., Criminal - crime em geral e exec. penais - e da Inf. e da Juv.)",2026-06-30,12,100.0,8
SANTA HELENA DE GOIÁS,"1ª Vara (Cív., Criminal - crime em geral e exec. penais - e da Inf. e da Juv.)",2026-07-31,12,100.0,9
SANTA HELENA DE GOIÁS,"1ª Vara (Cív., Criminal - crime em geral e exec. penais - e da Inf. e da Juv.)",2026-08-31,12,100.0,10
SANTA HELENA DE GOIÁS,"1ª Vara (Cív., Criminal - crime em geral e exec. penais - e da Inf. e da Juv.)",2026-09-30,12,100.0,11
SANTA HELENA DE GOIÁS,"1ª Vara (Cív., Criminal - crime em geral e exec. penais - e da Inf. e da Juv.)",2026-10-31,12,100.0,12
SANTA HELENA DE GOIÁS,"2ª Vara (Cív., Criminal – crime em geral, crimes dolosos contra a vida e Pres. do Trib. do Juri, das Faz. Púb. e de Reg. Púb.)",2025-11-30,12,97.84,1
SANTA HELENA DE GOIÁS,"2ª Vara (Cív., Criminal – crime em geral, crimes dolosos contra a vida e Pres. do Trib. do Juri, das Faz. Púb. e de Reg. Púb.)",2025-12-31,12,98.33,2
SANTA HELENA DE GOIÁS,"2ª Vara (Cív., Criminal – crime em geral, crimes dolosos contra a vida e Pres. do Trib. do Juri, das Faz. Púb. e de Reg. Púb.)",2026-01-31,12,98.81,3
SANTA HELENA DE GOIÁS,"2ª Vara (Cív., Criminal – crime em geral, crimes dolosos contra a vida e Pres. do Trib. do Juri, das Faz. Púb. e de Reg. Púb.)",2026-02-28,12,99.25,4
SANTA HELENA DE GOIÁS,"2ª Vara (Cív., Criminal – crime em geral, crimes dolosos contra a vida e Pres. do Trib. do Juri, das Faz. Púb. e de Reg. Púb.)",2026-03-31,12,99.73,5
SANTA HELENA DE GOIÁS,"2ª Vara (Cív., Criminal – crime em geral, crimes dolosos contra a vida e Pres. do Trib. do Juri, das Faz. Púb. e de Reg. Púb.)",2026-04-30,12,100.0,6
SANTA HELENA DE GOIÁS,"2ª Vara (Cív., Criminal – crime em geral, crimes dolosos contra a vida e Pres. do Trib. do Juri, das Faz. Púb. e de Reg. Púb.)",2026-05-31,12,100.0,7
SANTA HELENA DE GOIÁS,"2ª Vara (Cív., Criminal – crime em geral, crimes dolosos contra a vida e Pres. do Trib. do Juri, das Faz. Púb. e de Reg. Púb.)",2026-06-30,12,100.0,8
SANTA HELENA DE GOIÁS,"2ª Vara (Cív., Criminal – crime em geral, crimes dolosos contra a vida e Pres. do Trib. do Juri, das Faz. Púb. e de Reg. Púb.)",2026-07-31,12,100.0,9
SANTA HELENA DE GOIÁS,"2ª Vara (Cív., Criminal – crime em geral, crimes dolosos contra a vida e Pres. do Trib. do Juri, das Faz. Púb. e de Reg. Púb.)",2026-08-31,12,100.0,10
SANTA HELENA DE GOIÁS,"2ª Vara (Cív., Criminal – crime em geral, crimes dolosos contra a vida e Pres. do Trib. do Juri, das Faz. Púb. e de Reg. Púb.)",2026-09-30,12,100.0,11
SANTA HELENA DE GOIÁS,"2ª Vara (Cív., Criminal – crime em geral, crimes dolosos contra a vida e Pres. do Trib. do Juri, das Faz. Púb. e de Reg. Púb.)",2026-10-31,12,100.0,12
SANTA HELENA DE GOIÁS,Juizado Especial Cível e Criminal,2025-11-30,12,65.76,1
SANTA HELENA DE GOIÁS,Juizado Especial Cível e Criminal,2025-12-31,12,67.24,2
SANTA HELENA DE GOIÁS,Juizado Especial Cível e Criminal,2026-01-31,12,68.72,3
SANTA HELENA DE GOIÁS,Juizado Especial Cível e Criminal,2026-02-28,12,70.06,4
SANTA HELENA DE GOIÁS,Juizado Especial Cível e Criminal,2026-03-31,12,71.53,5
SANTA HELENA DE GOIÁS,Juizado Especial Cível e Criminal,2026-04-30,12,72.97,6
SANTA HELENA DE GOIÁS,Juizado Especial Cível e Criminal,2026-05-31,12,74.44,7
SANTA HELENA DE GOIÁS,Juizado Especial Cível e Criminal,2026-06-30,12,75.88,8
SANTA HELENA DE GOIÁS,Juizado Especial Cível e Criminal,2026-07-31,12,77.35,9
SANTA HELENA DE GOIÁS,Juizado Especial Cível e Criminal,2026-08-31,12,78.83,10
SANTA HELENA DE GOIÁS,Juizado Especial Cível e Criminal,2026-09-30,12,80.26,11
SANTA HELENA DE GOIÁS,Juizado Especial Cível e Criminal,2026-10-31,12,81.74,12
SANTA TEREZINHA DE GOIÁS,Vara Judicial,2025-11-30,12,96.78,1
SANTA TEREZINHA DE GOIÁS,Vara Judicial,2025-12-31,12,97.1,2
SANTA TEREZINHA DE GOIÁS,Vara Judicial,2026-01-31,12,97.42,3
SANTA TEREZINHA DE GOIÁS,Vara Judicial,2026-02-28,12,97.71,4
SANTA TEREZINHA DE GOIÁS,Vara Judicial,2026-03-31,12,98.03,5
SANTA TEREZINHA DE GOIÁS,Vara Judicial,2026-04-30,12,98.34,6
SANTA TEREZINHA DE GOIÁS,Vara Judicial,2026-05-31,12,98.66,7
SANTA TEREZINHA DE GOIÁS,Vara Judicial,2026-06-30,12,98.97,8
SANTA TEREZINHA DE GOIÁS,Vara Judicial,2026-07-31,12,99.29,9
SANTA TEREZINHA DE GOIÁS,Vara Judicial,2026-08-31,12,99.61,10
SANTA TEREZINHA DE GOIÁS,Vara Judicial,2026-09-30,12,99.92,11
SANTA TEREZINHA DE GOIÁS,Vara Judicial,2026-10-31,12,100.0,12
SANTO ANTÔNIO DO DESCOBERTO,"1ª Vara (Cível, de Família, Sucessões e da Infância e da Juventude)",2025-11-30,12,92.74,1
SANTO ANTÔNIO DO DESCOBERTO,"1ª Vara (Cível, de Família, Sucessões e da Infância e da Juventude)",2025-12-31,12,93.23,2
SANTO ANTÔNIO DO DESCOBERTO,"1ª Vara (Cível, de Família, Sucessões e da Infância e da Juventude)",2026-01-31,12,93.72,3
SANTO ANTÔNIO DO DESCOBERTO,"1ª Vara (Cível, de Família, Sucessões e da Infância e da Juventude)",2026-02-28,12,94.16,4
SANTO ANTÔNIO DO DESCOBERTO,"1ª Vara (Cível, de Família, Sucessões e da Infância e da Juventude)",2026-03-31,12,94.66,5
SANTO ANTÔNIO DO DESCOBERTO,"1ª Vara (Cível, de Família, Sucessões e da Infância e da Juventude)",2026-04-30,12,95.13,6
SANTO ANTÔNIO DO DESCOBERTO,"1ª Vara (Cível, de Família, Sucessões e da Infância e da Juventude)",2026-05-31,12,95.62,7
SANTO ANTÔNIO DO DESCOBERTO,"1ª Vara (Cível, de Família, Sucessões e da Infância e da Juventude)",2026-06-30,12,96.1,8
SANTO ANTÔNIO DO DESCOBERTO,"1ª Vara (Cível, de Família, Sucessões e da Infância e da Juventude)",2026-07-31,12,96.59,9
SANTO ANTÔNIO DO DESCOBERTO,"1ª Vara (Cível, de Família, Sucessões e da Infância e da Juventude)",2026-08-31,12,97.08,10
SANTO ANTÔNIO DO DESCOBERTO,"1ª Vara (Cível, de Família, Sucessões e da Infância e da Juventude)",2026-09-30,12,97.55,11
SANTO ANTÔNIO DO DESCOBERTO,"1ª Vara (Cível, de Família, Sucessões e da Infância e da Juventude)",2026-10-31,12,98.04,12
SANTO ANTÔNIO DO DESCOBERTO,"2ª Vara (Cível, das Fazendas Públicas, de Registros Públicos e Ambiental)",2025-11-30,12,92.05,1
SANTO ANTÔNIO DO DESCOBERTO,"2ª Vara (Cível, das Fazendas Públicas, de Registros Públicos e Ambiental)",2025-12-31,12,92.05,2
SANTO ANTÔNIO DO DESCOBERTO,"2ª Vara (Cível, das Fazendas Públicas, de Registros Públicos e Ambiental)",2026-01-31,12,92.04,3
SANTO ANTÔNIO DO DESCOBERTO,"2ª Vara (Cível, das Fazendas Públicas, de Registros Públicos e Ambiental)",2026-02-28,12,92.03,4
SANTO ANTÔNIO DO DESCOBERTO,"2ª Vara (Cível, das Fazendas Públicas, de Registros Públicos e Ambiental)",2026-03-31,12,92.03,5
SANTO ANTÔNIO DO DESCOBERTO,"2ª Vara (Cível, das Fazendas Públicas, de Registros Públicos e Ambiental)",2026-04-30,12,92.02,6
SANTO ANTÔNIO DO DESCOBERTO,"2ª Vara (Cível, das Fazendas Públicas, de Registros Públicos e Ambiental)",2026-05-31,12,92.01,7
SANTO ANTÔNIO DO DESCOBERTO,"2ª Vara (Cível, das Fazendas Públicas, de Registros Públicos e Ambiental)",2026-06-30,12,92.01,8
SANTO ANTÔNIO DO DESCOBERTO,"2ª Vara (Cível, das Fazendas Públicas, de Registros Públicos e Ambiental)",2026-07-31,12,92.0,9
SANTO ANTÔNIO DO DESCOBERTO,"2ª Vara (Cível, das Fazendas Públicas, de Registros Públicos e Ambiental)",2026-08-31,12,91.99,10
SANTO ANTÔNIO DO DESCOBERTO,"2ª Vara (Cível, das Fazendas Públicas, de Registros Públicos e Ambiental)",2026-09-30,12,91.99,11
SANTO ANTÔNIO DO DESCOBERTO,"2ª Vara (Cível, das Fazendas Públicas, de Registros Públicos e Ambiental)",2026-10-31,12,91.98,12
SANTO ANTÔNIO DO DESCOBERTO,Juizado Especial Cível e Criminal,2025-11-30,12,92.02,1
SANTO ANTÔNIO DO DESCOBERTO,Juizado Especial Cível e Criminal,2025-12-31,12,93.11,2
SANTO ANTÔNIO DO DESCOBERTO,Juizado Especial Cível e Criminal,2026-01-31,12,94.2,3
SANTO ANTÔNIO DO DESCOBERTO,Juizado Especial Cível e Criminal,2026-02-28,12,95.19,4
SANTO ANTÔNIO DO DESCOBERTO,Juizado Especial Cível e Criminal,2026-03-31,12,96.29,5
SANTO ANTÔNIO DO DESCOBERTO,Juizado Especial Cível e Criminal,2026-04-30,12,97.35,6
SANTO ANTÔNIO DO DESCOBERTO,Juizado Especial Cível e Criminal,2026-05-31,12,98.44,7
SANTO ANTÔNIO DO DESCOBERTO,Juizado Especial Cível e Criminal,2026-06-30,12,99.5,8
SANTO ANTÔNIO DO DESCOBERTO,Juizado Especial Cível e Criminal,2026-07-31,12,100.0,9
SANTO ANTÔNIO DO DESCOBERTO,Juizado Especial Cível e Criminal,2026-08-31,12,100.0,10
SANTO ANTÔNIO DO DESCOBERTO,Juizado Especial Cível e Criminal,2026-09-30,12,100.0,11
SANTO ANTÔNIO DO DESCOBERTO,Juizado Especial Cível e Criminal,2026-10-31,12,100.0,12
SANTO ANTÔNIO DO DESCOBERTO,Vara Criminal,2025-11-30,12,96.6,1
SANTO ANTÔNIO DO DESCOBERTO,Vara Criminal,2025-12-31,12,96.79,2
SANTO ANTÔNIO DO DESCOBERTO,Vara Criminal,2026-01-31,12,96.98,3
SANTO ANTÔNIO DO DESCOBERTO,Vara Criminal,2026-02-28,12,97.15,4
SANTO ANTÔNIO DO DESCOBERTO,Vara Criminal,2026-03-31,12,97.34,5
SANTO ANTÔNIO DO DESCOBERTO,Vara Criminal,2026-04-30,12,97.52,6
SANTO ANTÔNIO DO DESCOBERTO,Vara Criminal,2026-05-31,12,97.71,7
SANTO ANTÔNIO DO DESCOBERTO,Vara Criminal,2026-06-30,12,97.89,8
SANTO ANTÔNIO DO DESCOBERTO,Vara Criminal,2026-07-31,12,98.08,9
SANTO ANTÔNIO DO DESCOBERTO,Vara Criminal,2026-08-31,12,98.27,10
SANTO ANTÔNIO DO DESCOBERTO,Vara Criminal,2026-09-30,12,98.45,11
SANTO ANTÔNIO DO DESCOBERTO,Vara Criminal,2026-10-31,12,98.64,12
SENADOR CANEDO,1ª Vara Criminal (crimes em geral e execuções penais),2025-11-30,12,96.2,1
SENADOR CANEDO,1ª Vara Criminal (crimes em geral e execuções penais),2025-12-31,12,96.62,2
SENADOR CANEDO,1ª Vara Criminal (crimes em geral e execuções penais),2026-01-31,12,97.04,3
SENADOR CANEDO,1ª Vara Criminal (crimes em geral e execuções penais),2026-02-28,12,97.42,4
SENADOR CANEDO,1ª Vara Criminal (crimes em geral e execuções penais),2026-03-31,12,97.84,5
SENADOR CANEDO,1ª Vara Criminal (crimes em geral e execuções penais),2026-04-30,12,98.25,6
SENADOR CANEDO,1ª Vara Criminal (crimes em geral e execuções penais),2026-05-31,12,98.67,7
SENADOR CANEDO,1ª Vara Criminal (crimes em geral e execuções penais),2026-06-30,12,99.08,8
SENADOR CANEDO,1ª Vara Criminal (crimes em geral e execuções penais),2026-07-31,12,99.5,9
SENADOR CANEDO,1ª Vara Criminal (crimes em geral e execuções penais),2026-08-31,12,99.92,10
SENADOR CANEDO,1ª Vara Criminal (crimes em geral e execuções penais),2026-09-30,12,100.0,11
SENADOR CANEDO,1ª Vara Criminal (crimes em geral e execuções penais),2026-10-31,12,100.0,12
SENADOR CANEDO,1ª Vara Cível,2025-11-30,12,92.04,1
SENADOR CANEDO,1ª Vara Cível,2025-12-31,12,92.22,2
SENADOR CANEDO,1ª Vara Cível,2026-01-31,12,92.4,3
SENADOR CANEDO,1ª Vara Cível,2026-02-28,12,92.56,4
SENADOR CANEDO,1ª Vara Cível,2026-03-31,12,92.73,5
SENADOR CANEDO,1ª Vara Cível,2026-04-30,12,92.91,6
SENADOR CANEDO,1ª Vara Cível,2026-05-31,12,93.08,7
SENADOR CANEDO,1ª Vara Cível,2026-06-30,12,93.26,8
SENADOR CANEDO,1ª Vara Cível,2026-07-31,12,93.43,9
SENADOR CANEDO,1ª Vara Cível,2026-08-31,12,93.61,10
SENADOR CANEDO,1ª Vara Cível,2026-09-30,12,93.78,11
SENADOR CANEDO,1ª Vara Cível,2026-10-31,12,93.96,12
SENADOR CANEDO,"2ª Vara Criminal (Crimes em geral, Crimes dolosos contra a vida e Presidência do Tribunal do Júri e Crimes envolvendo Violência Doméstica)",2025-11-30,12,95.85,1
SENADOR CANEDO,"2ª Vara Criminal (Crimes em geral, Crimes dolosos contra a vida e Presidência do Tribunal do Júri e Crimes envolvendo Violência Doméstica)",2025-12-31,12,96.41,2
SENADOR CANEDO,"2ª Vara Criminal (Crimes em geral, Crimes dolosos contra a vida e Presidência do Tribunal do Júri e Crimes envolvendo Violência Doméstica)",2026-01-31,12,96.97,3
SENADOR CANEDO,"2ª Vara Criminal (Crimes em geral, Crimes dolosos contra a vida e Presidência do Tribunal do Júri e Crimes envolvendo Violência Doméstica)",2026-02-28,12,97.48,4
SENADOR CANEDO,"2ª Vara Criminal (Crimes em geral, Crimes dolosos contra a vida e Presidência do Tribunal do Júri e Crimes envolvendo Violência Doméstica)",2026-03-31,12,98.04,5
SENADOR CANEDO,"2ª Vara Criminal (Crimes em geral, Crimes dolosos contra a vida e Presidência do Tribunal do Júri e Crimes envolvendo Violência Doméstica)",2026-04-30,12,98.59,6
SENADOR CANEDO,"2ª Vara Criminal (Crimes em geral, Crimes dolosos contra a vida e Presidência do Tribunal do Júri e Crimes envolvendo Violência Doméstica)",2026-05-31,12,99.15,7
SENADOR CANEDO,"2ª Vara Criminal (Crimes em geral, Crimes dolosos contra a vida e Presidência do Tribunal do Júri e Crimes envolvendo Violência Doméstica)",2026-06-30,12,99.7,8
SENADOR CANEDO,"2ª Vara Criminal (Crimes em geral, Crimes dolosos contra a vida e Presidência do Tribunal do Júri e Crimes envolvendo Violência Doméstica)",2026-07-31,12,100.0,9
SENADOR CANEDO,"2ª Vara Criminal (Crimes em geral, Crimes dolosos contra a vida e Presidência do Tribunal do Júri e Crimes envolvendo Violência Doméstica)",2026-08-31,12,100.0,10
SENADOR CANEDO,"2ª Vara Criminal (Crimes em geral, Crimes dolosos contra a vida e Presidência do Tribunal do Júri e Crimes envolvendo Violência Doméstica)",2026-09-30,12,100.0,11
SENADOR CANEDO,"2ª Vara Criminal (Crimes em geral, Crimes dolosos contra a vida e Presidência do Tribunal do Júri e Crimes envolvendo Violência Doméstica)",2026-10-31,12,100.0,12
SENADOR CANEDO,2ª Vara Cível,2025-11-30,12,88.37,1
SENADOR CANEDO,2ª Vara Cível,2025-12-31,12,88.28,2
SENADOR CANEDO,2ª Vara Cível,2026-01-31,12,88.2,3
SENADOR CANEDO,2ª Vara Cível,2026-02-28,12,88.12,4
SENADOR CANEDO,2ª Vara Cível,2026-03-31,12,88.03,5
SENADOR CANEDO,2ª Vara Cível,2026-04-30,12,87.95,6
SENADOR CANEDO,2ª Vara Cível,2026-05-31,12,87.87,7
SENADOR CANEDO,2ª Vara Cível,2026-06-30,12,87.78,8
SENADOR CANEDO,2ª Vara Cível,2026-07-31,12,87.7,9
SENADOR CANEDO,2ª Vara Cível,2026-08-31,12,87.61,10
SENADOR CANEDO,2ª Vara Cível,2026-09-30,12,87.53,11
SENADOR CANEDO,2ª Vara Cível,2026-10-31,12,87.44,12
SENADOR CANEDO,Juizado Especial Cível e Criminal,2025-11-30,12,86.04,1
SENADOR CANEDO,Juizado Especial Cível e Criminal,2025-12-31,12,86.59,2
SENADOR CANEDO,Juizado Especial Cível e Criminal,2026-01-31,12,87.15,3
SENADOR CANEDO,Juizado Especial Cível e Criminal,2026-02-28,12,87.65,4
SENADOR CANEDO,Juizado Especial Cível e Criminal,2026-03-31,12,88.21,5
SENADOR CANEDO,Juizado Especial Cível e Criminal,2026-04-30,12,88.75,6
SENADOR CANEDO,Juizado Especial Cível e Criminal,2026-05-31,12,89.31,7
SENADOR CANEDO,Juizado Especial Cível e Criminal,2026-06-30,12,89.85,8
SENADOR CANEDO,Juizado Especial Cível e Criminal,2026-07-31,12,90.41,9
SENADOR CANEDO,Juizado Especial Cível e Criminal,2026-08-31,12,90.96,10
SENADOR CANEDO,Juizado Especial Cível e Criminal,2026-09-30,12,91.5,11
SENADOR CANEDO,Juizado Especial Cível e Criminal,2026-10-31,12,92.06,12
SENADOR CANEDO,"Vara de Família, Sucessões e Infância e Juventude",2025-11-30,12,93.79,1
SENADOR CANEDO,"Vara de Família, Sucessões e Infância e Juventude",2025-12-31,12,94.63,2
SENADOR CANEDO,"Vara de Família, Sucessões e Infância e Juventude",2026-01-31,12,95.46,3
SENADOR CANEDO,"Vara de Família, Sucessões e Infância e Juventude",2026-02-28,12,96.22,4
SENADOR CANEDO,"Vara de Família, Sucessões e Infância e Juventude",2026-03-31,12,97.06,5
SENADOR CANEDO,"Vara de Família, Sucessões e Infância e Juventude",2026-04-30,12,97.87,6
SENADOR CANEDO,"Vara de Família, Sucessões e Infância e Juventude",2026-05-31,12,98.71,7
SENADOR CANEDO,"Vara de Família, Sucessões e Infância e Juventude",2026-06-30,12,99.52,8
SENADOR CANEDO,"Vara de Família, Sucessões e Infância e Juventude",2026-07-31,12,100.0,9
SENADOR CANEDO,"Vara de Família, Sucessões e Infância e Juventude",2026-08-31,12,100.0,10
SENADOR CANEDO,"Vara de Família, Sucessões e Infância e Juventude",2026-09-30,12,100.0,11
SENADOR CANEDO,"Vara de Família, Sucessões e Infância e Juventude",2026-10-31,12,100.0,12
SENADOR CANEDO,"Vara de Fazendas Públicas, Registros Públicos e Ambiental",2025-11-30,12,87.31,1
SENADOR CANEDO,"Vara de Fazendas Públicas, Registros Públicos e Ambiental",2025-12-31,12,87.11,2
SENADOR CANEDO,"Vara de Fazendas Públicas, Registros Públicos e Ambiental",2026-01-31,12,86.92,3
SENADOR CANEDO,"Vara de Fazendas Públicas, Registros Públicos e Ambiental",2026-02-28,12,86.74,4
SENADOR CANEDO,"Vara de Fazendas Públicas, Registros Públicos e Ambiental",2026-03-31,12,86.55,5
SENADOR CANEDO,"Vara de Fazendas Públicas, Registros Públicos e Ambiental",2026-04-30,12,86.36,6
SENADOR CANEDO,"Vara de Fazendas Públicas, Registros Públicos e Ambiental",2026-05-31,12,86.16,7
SENADOR CANEDO,"Vara de Fazendas Públicas, Registros Públicos e Ambiental",2026-06-30,12,85.97,8
SENADOR CANEDO,"Vara de Fazendas Públicas, Registros Públicos e Ambiental",2026-07-31,12,85.78,9
SENADOR CANEDO,"Vara de Fazendas Públicas, Registros Públicos e Ambiental",2026-08-31,12,85.58,10
SENADOR CANEDO,"Vara de Fazendas Públicas, Registros Públicos e Ambiental",2026-09-30,12,85.39,11
SENADOR CANEDO,"Vara de Fazendas Públicas, Registros Públicos e Ambiental",2026-10-31,12,85.2,12
SERRANÓPOLIS,Vara Judicial,2025-11-30,12,98.4,1
SERRANÓPOLIS,Vara Judicial,2025-12-31,12,98.82,2
SERRANÓPOLIS,Vara Judicial,2026-01-31,12,99.24,3
SERRANÓPOLIS,Vara Judicial,2026-02-28,12,99.61,4
SERRANÓPOLIS,Vara Judicial,2026-03-31,12,100.0,5
SERRANÓPOLIS,Vara Judicial,2026-04-30,12,100.0,6
SERRANÓPOLIS,Vara Judicial,2026-05-31,12,100.0,7
SERRANÓPOLIS,Vara Judicial,2026-06-30,12,100.0,8
SERRANÓPOLIS,Vara Judicial,2026-07-31,12,100.0,9
SERRANÓPOLIS,Vara Judicial,2026-08-31,12,100.0,10
SERRANÓPOLIS,Vara Judicial,2026-09-30,12,100.0,11
SERRANÓPOLIS,Vara Judicial,2026-10-31,12,100.0,12
SILVÂNIA,Vara Judicial,2025-11-30,12,93.22,1
SILVÂNIA,Vara Judicial,2025-12-31,12,93.19,2
SILVÂNIA,Vara Judicial,2026-01-31,12,93.16,3
SILVÂNIA,Vara Judicial,2026-02-28,12,93.14,4
SILVÂNIA,Vara Judicial,2026-03-31,12,93.11,5
SILVÂNIA,Vara Judicial,2026-04-30,12,93.09,6
SILVÂNIA,Vara Judicial,2026-05-31,12,93.06,7
SILVÂNIA,Vara Judicial,2026-06-30,12,93.03,8
SILVÂNIA,Vara Judicial,2026-07-31,12,93.01,9
SILVÂNIA,Vara Judicial,2026-08-31,12,92.98,10
SILVÂNIA,Vara Judicial,2026-09-30,12,92.95,11
SILVÂNIA,Vara Judicial,2026-10-31,12,92.93,12
SÃO DOMINGOS,Vara Judicial,2025-11-30,12,90.09,1
SÃO DOMINGOS,Vara Judicial,2025-12-31,12,90.49,2
SÃO DOMINGOS,Vara Judicial,2026-01-31,12,90.9,3
SÃO DOMINGOS,Vara Judicial,2026-02-28,12,91.27,4
SÃO DOMINGOS,Vara Judicial,2026-03-31,12,91.68,5
SÃO DOMINGOS,Vara Judicial,2026-04-30,12,92.07,6
SÃO DOMINGOS,Vara Judicial,2026-05-31,12,92.48,7
SÃO DOMINGOS,Vara Judicial,2026-06-30,12,92.88,8
SÃO DOMINGOS,Vara Judicial,2026-07-31,12,93.28,9
SÃO DOMINGOS,Vara Judicial,2026-08-31,12,93.69,10
SÃO DOMINGOS,Vara Judicial,2026-09-30,12,94.09,11
SÃO DOMINGOS,Vara Judicial,2026-10-31,12,94.5,12
SÃO LUÍS DE MONTES BELOS,"Vara Criminal (crime em geral, crimes dolosos contra a vida e Pres. do Trib. do Júri – Execução Penal) e Juizado Criminal",2025-11-30,12,99.57,1
SÃO LUÍS DE MONTES BELOS,"Vara Criminal (crime em geral, crimes dolosos contra a vida e Pres. do Trib. do Júri – Execução Penal) e Juizado Criminal",2025-12-31,12,100.0,2
SÃO LUÍS DE MONTES BELOS,"Vara Criminal (crime em geral, crimes dolosos contra a vida e Pres. do Trib. do Júri – Execução Penal) e Juizado Criminal",2026-01-31,12,100.0,3
SÃO LUÍS DE MONTES BELOS,"Vara Criminal (crime em geral, crimes dolosos contra a vida e Pres. do Trib. do Júri – Execução Penal) e Juizado Criminal",2026-02-28,12,100.0,4
SÃO LUÍS DE MONTES BELOS,"Vara Criminal (crime em geral, crimes dolosos contra a vida e Pres. do Trib. do Júri – Execução Penal) e Juizado Criminal",2026-03-31,12,100.0,5
SÃO LUÍS DE MONTES BELOS,"Vara Criminal (crime em geral, crimes dolosos contra a vida e Pres. do Trib. do Júri – Execução Penal) e Juizado Criminal",2026-04-30,12,100.0,6
SÃO LUÍS DE MONTES BELOS,"Vara Criminal (crime em geral, crimes dolosos contra a vida e Pres. do Trib. do Júri – Execução Penal) e Juizado Criminal",2026-05-31,12,100.0,7
SÃO LUÍS DE MONTES BELOS,"Vara Criminal (crime em geral, crimes dolosos contra a vida e Pres. do Trib. do Júri – Execução Penal) e Juizado Criminal",2026-06-30,12,100.0,8
SÃO LUÍS DE MONTES BELOS,"Vara Criminal (crime em geral, crimes dolosos contra a vida e Pres. do Trib. do Júri – Execução Penal) e Juizado Criminal",2026-07-31,12,100.0,9
SÃO LUÍS DE MONTES BELOS,"Vara Criminal (crime em geral, crimes dolosos contra a vida e Pres. do Trib. do Júri – Execução Penal) e Juizado Criminal",2026-08-31,12,100.0,10
SÃO LUÍS DE MONTES BELOS,"Vara Criminal (crime em geral, crimes dolosos contra a vida e Pres. do Trib. do Júri – Execução Penal) e Juizado Criminal",2026-09-30,12,100.0,11
SÃO LUÍS DE MONTES BELOS,"Vara Criminal (crime em geral, crimes dolosos contra a vida e Pres. do Trib. do Júri – Execução Penal) e Juizado Criminal",2026-10-31,12,100.0,12
SÃO LUÍS DE MONTES BELOS,Vara Cível e Juizado Especial Cível,2025-11-30,12,84.65,1
SÃO LUÍS DE MONTES BELOS,Vara Cível e Juizado Especial Cível,2025-12-31,12,84.72,2
SÃO LUÍS DE MONTES BELOS,Vara Cível e Juizado Especial Cível,2026-01-31,12,84.8,3
SÃO LUÍS DE MONTES BELOS,Vara Cível e Juizado Especial Cível,2026-02-28,12,84.87,4
SÃO LUÍS DE MONTES BELOS,Vara Cível e Juizado Especial Cível,2026-03-31,12,84.95,5
SÃO LUÍS DE MONTES BELOS,Vara Cível e Juizado Especial Cível,2026-04-30,12,85.02,6
SÃO LUÍS DE MONTES BELOS,Vara Cível e Juizado Especial Cível,2026-05-31,12,85.1,7
SÃO LUÍS DE MONTES BELOS,Vara Cível e Juizado Especial Cível,2026-06-30,12,85.17,8
SÃO LUÍS DE MONTES BELOS,Vara Cível e Juizado Especial Cível,2026-07-31,12,85.25,9
SÃO LUÍS DE MONTES BELOS,Vara Cível e Juizado Especial Cível,2026-08-31,12,85.33,10
SÃO LUÍS DE MONTES BELOS,Vara Cível e Juizado Especial Cível,2026-09-30,12,85.4,11
SÃO LUÍS DE MONTES BELOS,Vara Cível e Juizado Especial Cível,2026-10-31,12,85.48,12
SÃO LUÍS DE MONTES BELOS,"Vara das Fazendas Públicas e Registros Públicos, Família e Sucessões e de Infância e da Juventude",2025-11-30,12,94.12,1
SÃO LUÍS DE MONTES BELOS,"Vara das Fazendas Públicas e Registros Públicos, Família e Sucessões e de Infância e da Juventude",2025-12-31,12,94.29,2
SÃO LUÍS DE MONTES BELOS,"Vara das Fazendas Públicas e Registros Públicos, Família e Sucessões e de Infância e da Juventude",2026-01-31,12,94.46,3
SÃO LUÍS DE MONTES BELOS,"Vara das Fazendas Públicas e Registros Públicos, Família e Sucessões e de Infância e da Juventude",2026-02-28,12,94.61,4
SÃO LUÍS DE MONTES BELOS,"Vara das Fazendas Públicas e Registros Públicos, Família e Sucessões e de Infância e da Juventude",2026-03-31,12,94.78,5
SÃO LUÍS DE MONTES BELOS,"Vara das Fazendas Públicas e Registros Públicos, Família e Sucessões e de Infância e da Juventude",2026-04-30,12,94.95,6
SÃO LUÍS DE MONTES BELOS,"Vara das Fazendas Públicas e Registros Públicos, Família e Sucessões e de Infância e da Juventude",2026-05-31,12,95.12,7
SÃO LUÍS DE MONTES BELOS,"Vara das Fazendas Públicas e Registros Públicos, Família e Sucessões e de Infância e da Juventude",2026-06-30,12,95.28,8
SÃO LUÍS DE MONTES BELOS,"Vara das Fazendas Públicas e Registros Públicos, Família e Sucessões e de Infância e da Juventude",2026-07-31,12,95.45,9
SÃO LUÍS DE MONTES BELOS,"Vara das Fazendas Públicas e Registros Públicos, Família e Sucessões e de Infância e da Juventude",2026-08-31,12,95.62,10
SÃO LUÍS DE MONTES BELOS,"Vara das Fazendas Públicas e Registros Públicos, Família e Sucessões e de Infância e da Juventude",2026-09-30,12,95.78,11
SÃO LUÍS DE MONTES BELOS,"Vara das Fazendas Públicas e Registros Públicos, Família e Sucessões e de Infância e da Juventude",2026-10-31,12,95.95,12
SÃO MIGUEL DO ARAGUAIA,"1ª Vara Judicial (Família e Sucessões, Infância e Juventude, Cível e Juizado Especial Cível)",2025-11-30,12,96.08,1
SÃO MIGUEL DO ARAGUAIA,"1ª Vara Judicial (Família e Sucessões, Infância e Juventude, Cível e Juizado Especial Cível)",2025-12-31,12,96.92,2
SÃO MIGUEL DO ARAGUAIA,"1ª Vara Judicial (Família e Sucessões, Infância e Juventude, Cível e Juizado Especial Cível)",2026-01-31,12,97.77,3
SÃO MIGUEL DO ARAGUAIA,"1ª Vara Judicial (Família e Sucessões, Infância e Juventude, Cível e Juizado Especial Cível)",2026-02-28,12,98.54,4
SÃO MIGUEL DO ARAGUAIA,"1ª Vara Judicial (Família e Sucessões, Infância e Juventude, Cível e Juizado Especial Cível)",2026-03-31,12,99.39,5
SÃO MIGUEL DO ARAGUAIA,"1ª Vara Judicial (Família e Sucessões, Infância e Juventude, Cível e Juizado Especial Cível)",2026-04-30,12,100.0,6
SÃO MIGUEL DO ARAGUAIA,"1ª Vara Judicial (Família e Sucessões, Infância e Juventude, Cível e Juizado Especial Cível)",2026-05-31,12,100.0,7
SÃO MIGUEL DO ARAGUAIA,"1ª Vara Judicial (Família e Sucessões, Infância e Juventude, Cível e Juizado Especial Cível)",2026-06-30,12,100.0,8
SÃO MIGUEL DO ARAGUAIA,"1ª Vara Judicial (Família e Sucessões, Infância e Juventude, Cível e Juizado Especial Cível)",2026-07-31,12,100.0,9
SÃO MIGUEL DO ARAGUAIA,"1ª Vara Judicial (Família e Sucessões, Infância e Juventude, Cível e Juizado Especial Cível)",2026-08-31,12,100.0,10
SÃO MIGUEL DO ARAGUAIA,"1ª Vara Judicial (Família e Sucessões, Infância e Juventude, Cível e Juizado Especial Cível)",2026-09-30,12,100.0,11
SÃO MIGUEL DO ARAGUAIA,"1ª Vara Judicial (Família e Sucessões, Infância e Juventude, Cível e Juizado Especial Cível)",2026-10-31,12,100.0,12
SÃO MIGUEL DO ARAGUAIA,"2ª Vara Judicial (Fazendas Públicas, Criminal, Execução Penal e Juizado Criminal)",2025-11-30,12,92.52,1
SÃO MIGUEL DO ARAGUAIA,"2ª Vara Judicial (Fazendas Públicas, Criminal, Execução Penal e Juizado Criminal)",2025-12-31,12,92.84,2
SÃO MIGUEL DO ARAGUAIA,"2ª Vara Judicial (Fazendas Públicas, Criminal, Execução Penal e Juizado Criminal)",2026-01-31,12,93.15,3
SÃO MIGUEL DO ARAGUAIA,"2ª Vara Judicial (Fazendas Públicas, Criminal, Execução Penal e Juizado Criminal)",2026-02-28,12,93.44,4
SÃO MIGUEL DO ARAGUAIA,"2ª Vara Judicial (Fazendas Públicas, Criminal, Execução Penal e Juizado Criminal)",2026-03-31,12,93.76,5
SÃO MIGUEL DO ARAGUAIA,"2ª Vara Judicial (Fazendas Públicas, Criminal, Execução Penal e Juizado Criminal)",2026-04-30,12,94.06,6
SÃO MIGUEL DO ARAGUAIA,"2ª Vara Judicial (Fazendas Públicas, Criminal, Execução Penal e Juizado Criminal)",2026-05-31,12,94.38,7
SÃO MIGUEL DO ARAGUAIA,"2ª Vara Judicial (Fazendas Públicas, Criminal, Execução Penal e Juizado Criminal)",2026-06-30,12,94.69,8
SÃO MIGUEL DO ARAGUAIA,"2ª Vara Judicial (Fazendas Públicas, Criminal, Execução Penal e Juizado Criminal)",2026-07-31,12,95.0,9
SÃO MIGUEL DO ARAGUAIA,"2ª Vara Judicial (Fazendas Públicas, Criminal, Execução Penal e Juizado Criminal)",2026-08-31,12,95.32,10
SÃO MIGUEL DO ARAGUAIA,"2ª Vara Judicial (Fazendas Públicas, Criminal, Execução Penal e Juizado Criminal)",2026-09-30,12,95.63,11
SÃO MIGUEL DO ARAGUAIA,"2ª Vara Judicial (Fazendas Públicas, Criminal, Execução Penal e Juizado Criminal)",2026-10-31,12,95.94,12
SÃO SIMÃO,Vara Judicial,2025-11-30,12,96.38,1
SÃO SIMÃO,Vara Judicial,2025-12-31,12,96.96,2
SÃO SIMÃO,Vara Judicial,2026-01-31,12,97.54,3
SÃO SIMÃO,Vara Judicial,2026-02-28,12,98.06,4
SÃO SIMÃO,Vara Judicial,2026-03-31,12,98.64,5
SÃO SIMÃO,Vara Judicial,2026-04-30,12,99.2,6
SÃO SIMÃO,Vara Judicial,2026-05-31,12,99.77,7
SÃO SIMÃO,Vara Judicial,2026-06-30,12,100.0,8
SÃO SIMÃO,Vara Judicial,2026-07-31,12,100.0,9
SÃO SIMÃO,Vara Judicial,2026-08-31,12,100.0,10
SÃO SIMÃO,Vara Judicial,2026-09-30,12,100.0,11
SÃO SIMÃO,Vara Judicial,2026-10-31,12,100.0,12
TAQUARAL DE GOIÁS,Vara Judicial,2025-11-30,12,94.57,1
TAQUARAL DE GOIÁS,Vara Judicial,2025-12-31,12,94.73,2
TAQUARAL DE GOIÁS,Vara Judicial,2026-01-31,12,94.89,3
TAQUARAL DE GOIÁS,Vara Judicial,2026-02-28,12,95.04,4
TAQUARAL DE GOIÁS,Vara Judicial,2026-03-31,12,95.2,5
TAQUARAL DE GOIÁS,Vara Judicial,2026-04-30,12,95.36,6
TAQUARAL DE GOIÁS,Vara Judicial,2026-05-31,12,95.52,7
TAQUARAL DE GOIÁS,Vara Judicial,2026-06-30,12,95.67,8
TAQUARAL DE GOIÁS,Vara Judicial,2026-07-31,12,95.83,9
TAQUARAL DE GOIÁS,Vara Judicial,2026-08-31,12,96.0,10
TAQUARAL DE GOIÁS,Vara Judicial,2026-09-30,12,96.15,11
TAQUARAL DE GOIÁS,Vara Judicial,2026-10-31,12,96.31,12
TRIBUNAL DE JUSTIÇA,GABINETE DE JUIZ SUBSTITUTO EM 2º GRAU DR. ROGERIO CARVALHO PINHEIRO,2025-11-30,12,5.84,1
TRIBUNAL DE JUSTIÇA,GABINETE DE JUIZ SUBSTITUTO EM 2º GRAU DR. ROGERIO CARVALHO PINHEIRO,2025-12-31,12,6.01,2
TRIBUNAL DE JUSTIÇA,GABINETE DE JUIZ SUBSTITUTO EM 2º GRAU DR. ROGERIO CARVALHO PINHEIRO,2026-01-31,12,6.18,3
TRIBUNAL DE JUSTIÇA,GABINETE DE JUIZ SUBSTITUTO EM 2º GRAU DR. ROGERIO CARVALHO PINHEIRO,2026-02-28,12,6.34,4
TRIBUNAL DE JUSTIÇA,GABINETE DE JUIZ SUBSTITUTO EM 2º GRAU DR. ROGERIO CARVALHO PINHEIRO,2026-03-31,12,6.51,5
TRIBUNAL DE JUSTIÇA,GABINETE DE JUIZ SUBSTITUTO EM 2º GRAU DR. ROGERIO CARVALHO PINHEIRO,2026-04-30,12,6.68,6
TRIBUNAL DE JUSTIÇA,GABINETE DE JUIZ SUBSTITUTO EM 2º GRAU DR. ROGERIO CARVALHO PINHEIRO,2026-05-31,12,6.85,7
TRIBUNAL DE JUSTIÇA,GABINETE DE JUIZ SUBSTITUTO EM 2º GRAU DR. ROGERIO CARVALHO PINHEIRO,2026-06-30,12,7.02,8
TRIBUNAL DE JUSTIÇA,GABINETE DE JUIZ SUBSTITUTO EM 2º GRAU DR. ROGERIO CARVALHO PINHEIRO,2026-07-31,12,7.19,9
TRIBUNAL DE JUSTIÇA,GABINETE DE JUIZ SUBSTITUTO EM 2º GRAU DR. ROGERIO CARVALHO PINHEIRO,2026-08-31,12,7.36,10
TRIBUNAL DE JUSTIÇA,GABINETE DE JUIZ SUBSTITUTO EM 2º GRAU DR. ROGERIO CARVALHO PINHEIRO,2026-09-30,12,7.53,11
TRIBUNAL DE JUSTIÇA,GABINETE DE JUIZ SUBSTITUTO EM 2º GRAU DR. ROGERIO CARVALHO PINHEIRO,2026-10-31,12,7.7,12
TRIBUNAL DE JUSTIÇA,GABINETE DES. ADEGMAR JOSÉ FERREIRA,2025-11-30,12,12.7,1
TRIBUNAL DE JUSTIÇA,GABINETE DES. ADEGMAR JOSÉ FERREIRA,2025-12-31,12,13.1,2
TRIBUNAL DE JUSTIÇA,GABINETE DES. ADEGMAR JOSÉ FERREIRA,2026-01-31,12,13.5,3
TRIBUNAL DE JUSTIÇA,GABINETE DES. ADEGMAR JOSÉ FERREIRA,2026-02-28,12,13.87,4
TRIBUNAL DE JUSTIÇA,GABINETE DES. ADEGMAR JOSÉ FERREIRA,2026-03-31,12,14.27,5
TRIBUNAL DE JUSTIÇA,GABINETE DES. ADEGMAR JOSÉ FERREIRA,2026-04-30,12,14.66,6
TRIBUNAL DE JUSTIÇA,GABINETE DES. ADEGMAR JOSÉ FERREIRA,2026-05-31,12,15.06,7
TRIBUNAL DE JUSTIÇA,GABINETE DES. ADEGMAR JOSÉ FERREIRA,2026-06-30,12,15.44,8
TRIBUNAL DE JUSTIÇA,GABINETE DES. ADEGMAR JOSÉ FERREIRA,2026-07-31,12,15.85,9
TRIBUNAL DE JUSTIÇA,GABINETE DES. ADEGMAR JOSÉ FERREIRA,2026-08-31,12,16.25,10
TRIBUNAL DE JUSTIÇA,GABINETE DES. ADEGMAR JOSÉ FERREIRA,2026-09-30,12,16.63,11
TRIBUNAL DE JUSTIÇA,GABINETE DES. ADEGMAR JOSÉ FERREIRA,2026-10-31,12,17.04,12
TRIBUNAL DE JUSTIÇA,GABINETE DES. ADRIANO ROBERTO LINHARES CAMARGO,2025-11-30,12,25.81,1
TRIBUNAL DE JUSTIÇA,GABINETE DES. ADRIANO ROBERTO LINHARES CAMARGO,2025-12-31,12,27.13,2
TRIBUNAL DE JUSTIÇA,GABINETE DES. ADRIANO ROBERTO LINHARES CAMARGO,2026-01-31,12,28.45,3
TRIBUNAL DE JUSTIÇA,GABINETE DES. ADRIANO ROBERTO LINHARES CAMARGO,2026-02-28,12,29.64,4
TRIBUNAL DE JUSTIÇA,GABINETE DES. ADRIANO ROBERTO LINHARES CAMARGO,2026-03-31,12,30.95,5
TRIBUNAL DE JUSTIÇA,GABINETE DES. ADRIANO ROBERTO LINHARES CAMARGO,2026-04-30,12,32.23,6
TRIBUNAL DE JUSTIÇA,GABINETE DES. ADRIANO ROBERTO LINHARES CAMARGO,2026-05-31,12,33.55,7
TRIBUNAL DE JUSTIÇA,GABINETE DES. ADRIANO ROBERTO LINHARES CAMARGO,2026-06-30,12,34.82,8
TRIBUNAL DE JUSTIÇA,GABINETE DES. ADRIANO ROBERTO LINHARES CAMARGO,2026-07-31,12,36.14,9
TRIBUNAL DE JUSTIÇA,GABINETE DES. ADRIANO ROBERTO LINHARES CAMARGO,2026-08-31,12,37.46,10
TRIBUNAL DE JUSTIÇA,GABINETE DES. ADRIANO ROBERTO LINHARES CAMARGO,2026-09-30,12,38.74,11
TRIBUNAL DE JUSTIÇA,GABINETE DES. ADRIANO ROBERTO LINHARES CAMARGO,2026-10-31,12,40.05,12
TRIBUNAL DE JUSTIÇA,GABINETE DES. ALEXANDRE BIZZOTTO,2025-11-30,12,4.76,1
TRIBUNAL DE JUSTIÇA,GABINETE DES. ALEXANDRE BIZZOTTO,2025-12-31,12,4.91,2
TRIBUNAL DE JUSTIÇA,GABINETE DES. ALEXANDRE BIZZOTTO,2026-01-31,12,5.05,3
TRIBUNAL DE JUSTIÇA,GABINETE DES. ALEXANDRE BIZZOTTO,2026-02-28,12,5.18,4
TRIBUNAL DE JUSTIÇA,GABINETE DES. ALEXANDRE BIZZOTTO,2026-03-31,12,5.33,5
TRIBUNAL DE JUSTIÇA,GABINETE DES. ALEXANDRE BIZZOTTO,2026-04-30,12,5.47,6
TRIBUNAL DE JUSTIÇA,GABINETE DES. ALEXANDRE BIZZOTTO,2026-05-31,12,5.62,7
TRIBUNAL DE JUSTIÇA,GABINETE DES. ALEXANDRE BIZZOTTO,2026-06-30,12,5.76,8
TRIBUNAL DE JUSTIÇA,GABINETE DES. ALEXANDRE BIZZOTTO,2026-07-31,12,5.9,9
TRIBUNAL DE JUSTIÇA,GABINETE DES. ALEXANDRE BIZZOTTO,2026-08-31,12,6.05,10
TRIBUNAL DE JUSTIÇA,GABINETE DES. ALEXANDRE BIZZOTTO,2026-09-30,12,6.19,11
TRIBUNAL DE JUSTIÇA,GABINETE DES. ALEXANDRE BIZZOTTO,2026-10-31,12,6.33,12
TRIBUNAL DE JUSTIÇA,GABINETE DES. ALEXANDRE DE MORAIS KAFURI,2025-11-30,12,22.24,1
TRIBUNAL DE JUSTIÇA,GABINETE DES. ALEXANDRE DE MORAIS KAFURI,2025-12-31,12,23.08,2
TRIBUNAL DE JUSTIÇA,GABINETE DES. ALEXANDRE DE MORAIS KAFURI,2026-01-31,12,23.92,3
TRIBUNAL DE JUSTIÇA,GABINETE DES. ALEXANDRE DE MORAIS KAFURI,2026-02-28,12,24.68,4
TRIBUNAL DE JUSTIÇA,GABINETE DES. ALEXANDRE DE MORAIS KAFURI,2026-03-31,12,25.52,5
TRIBUNAL DE JUSTIÇA,GABINETE DES. ALEXANDRE DE MORAIS KAFURI,2026-04-30,12,26.33,6
TRIBUNAL DE JUSTIÇA,GABINETE DES. ALEXANDRE DE MORAIS KAFURI,2026-05-31,12,27.17,7
TRIBUNAL DE JUSTIÇA,GABINETE DES. ALEXANDRE DE MORAIS KAFURI,2026-06-30,12,27.99,8
TRIBUNAL DE JUSTIÇA,GABINETE DES. ALEXANDRE DE MORAIS KAFURI,2026-07-31,12,28.83,9
TRIBUNAL DE JUSTIÇA,GABINETE DES. ALEXANDRE DE MORAIS KAFURI,2026-08-31,12,29.67,10
TRIBUNAL DE JUSTIÇA,GABINETE DES. ALEXANDRE DE MORAIS KAFURI,2026-09-30,12,30.48,11
TRIBUNAL DE JUSTIÇA,GABINETE DES. ALEXANDRE DE MORAIS KAFURI,2026-10-31,12,31.32,12
TRIBUNAL DE JUSTIÇA,GABINETE DES. ALGOMIRO CARVALHO NETO,2025-11-30,12,10.03,1
TRIBUNAL DE JUSTIÇA,GABINETE DES. ALGOMIRO CARVALHO NETO,2025-12-31,12,10.08,2
TRIBUNAL DE JUSTIÇA,GABINETE DES. ALGOMIRO CARVALHO NETO,2026-01-31,12,10.12,3
TRIBUNAL DE JUSTIÇA,GABINETE DES. ALGOMIRO CARVALHO NETO,2026-02-28,12,10.16,4
TRIBUNAL DE JUSTIÇA,GABINETE DES. ALGOMIRO CARVALHO NETO,2026-03-31,12,10.21,5
TRIBUNAL DE JUSTIÇA,GABINETE DES. ALGOMIRO CARVALHO NETO,2026-04-30,12,10.25,6
TRIBUNAL DE JUSTIÇA,GABINETE DES. ALGOMIRO CARVALHO NETO,2026-05-31,12,10.3,7
TRIBUNAL DE JUSTIÇA,GABINETE DES. ALGOMIRO CARVALHO NETO,2026-06-30,12,10.34,8
TRIBUNAL DE JUSTIÇA,GABINETE DES. ALGOMIRO CARVALHO NETO,2026-07-31,12,10.39,9
TRIBUNAL DE JUSTIÇA,GABINETE DES. ALGOMIRO CARVALHO NETO,2026-08-31,12,10.43,10
TRIBUNAL DE JUSTIÇA,GABINETE DES. ALGOMIRO CARVALHO NETO,2026-09-30,12,10.48,11
TRIBUNAL DE JUSTIÇA,GABINETE DES. ALGOMIRO CARVALHO NETO,2026-10-31,12,10.52,12
TRIBUNAL DE JUSTIÇA,GABINETE DES. ALTAIR GUERRA DA COSTA,2025-11-30,12,15.56,1
TRIBUNAL DE JUSTIÇA,GABINETE DES. ALTAIR GUERRA DA COSTA,2025-12-31,12,15.86,2
TRIBUNAL DE JUSTIÇA,GABINETE DES. ALTAIR GUERRA DA COSTA,2026-01-31,12,16.16,3
TRIBUNAL DE JUSTIÇA,GABINETE DES. ALTAIR GUERRA DA COSTA,2026-02-28,12,16.42,4
TRIBUNAL DE JUSTIÇA,GABINETE DES. ALTAIR GUERRA DA COSTA,2026-03-31,12,16.72,5
TRIBUNAL DE JUSTIÇA,GABINETE DES. ALTAIR GUERRA DA COSTA,2026-04-30,12,17.01,6
TRIBUNAL DE JUSTIÇA,GABINETE DES. ALTAIR GUERRA DA COSTA,2026-05-31,12,17.31,7
TRIBUNAL DE JUSTIÇA,GABINETE DES. ALTAIR GUERRA DA COSTA,2026-06-30,12,17.6,8
TRIBUNAL DE JUSTIÇA,GABINETE DES. ALTAIR GUERRA DA COSTA,2026-07-31,12,17.89,9
TRIBUNAL DE JUSTIÇA,GABINETE DES. ALTAIR GUERRA DA COSTA,2026-08-31,12,18.19,10
TRIBUNAL DE JUSTIÇA,GABINETE DES. ALTAIR GUERRA DA COSTA,2026-09-30,12,18.48,11
TRIBUNAL DE JUSTIÇA,GABINETE DES. ALTAIR GUERRA DA COSTA,2026-10-31,12,18.78,12
TRIBUNAL DE JUSTIÇA,GABINETE DES. ALTAMIRO GARCIA FILHO,2025-11-30,12,32.3,1
TRIBUNAL DE JUSTIÇA,GABINETE DES. ALTAMIRO GARCIA FILHO,2025-12-31,12,33.28,2
TRIBUNAL DE JUSTIÇA,GABINETE DES. ALTAMIRO GARCIA FILHO,2026-01-31,12,34.25,3
TRIBUNAL DE JUSTIÇA,GABINETE DES. ALTAMIRO GARCIA FILHO,2026-02-28,12,35.13,4
TRIBUNAL DE JUSTIÇA,GABINETE DES. ALTAMIRO GARCIA FILHO,2026-03-31,12,36.11,5
TRIBUNAL DE JUSTIÇA,GABINETE DES. ALTAMIRO GARCIA FILHO,2026-04-30,12,37.05,6
TRIBUNAL DE JUSTIÇA,GABINETE DES. ALTAMIRO GARCIA FILHO,2026-05-31,12,38.03,7
TRIBUNAL DE JUSTIÇA,GABINETE DES. ALTAMIRO GARCIA FILHO,2026-06-30,12,38.97,8
TRIBUNAL DE JUSTIÇA,GABINETE DES. ALTAMIRO GARCIA FILHO,2026-07-31,12,39.94,9
TRIBUNAL DE JUSTIÇA,GABINETE DES. ALTAMIRO GARCIA FILHO,2026-08-31,12,40.92,10
TRIBUNAL DE JUSTIÇA,GABINETE DES. ALTAMIRO GARCIA FILHO,2026-09-30,12,41.86,11
TRIBUNAL DE JUSTIÇA,GABINETE DES. ALTAMIRO GARCIA FILHO,2026-10-31,12,42.84,12
TRIBUNAL DE JUSTIÇA,GABINETE DES. ANDERSON MÁXIMO DE HOLANDA,2025-11-30,12,21.17,1
TRIBUNAL DE JUSTIÇA,GABINETE DES. ANDERSON MÁXIMO DE HOLANDA,2025-12-31,12,22.17,2
TRIBUNAL DE JUSTIÇA,GABINETE DES. ANDERSON MÁXIMO DE HOLANDA,2026-01-31,12,23.16,3
TRIBUNAL DE JUSTIÇA,GABINETE DES. ANDERSON MÁXIMO DE HOLANDA,2026-02-28,12,24.06,4
TRIBUNAL DE JUSTIÇA,GABINETE DES. ANDERSON MÁXIMO DE HOLANDA,2026-03-31,12,25.05,5
TRIBUNAL DE JUSTIÇA,GABINETE DES. ANDERSON MÁXIMO DE HOLANDA,2026-04-30,12,26.02,6
TRIBUNAL DE JUSTIÇA,GABINETE DES. ANDERSON MÁXIMO DE HOLANDA,2026-05-31,12,27.01,7
TRIBUNAL DE JUSTIÇA,GABINETE DES. ANDERSON MÁXIMO DE HOLANDA,2026-06-30,12,27.97,8
TRIBUNAL DE JUSTIÇA,GABINETE DES. ANDERSON MÁXIMO DE HOLANDA,2026-07-31,12,28.97,9
TRIBUNAL DE JUSTIÇA,GABINETE DES. ANDERSON MÁXIMO DE HOLANDA,2026-08-31,12,29.96,10
TRIBUNAL DE JUSTIÇA,GABINETE DES. ANDERSON MÁXIMO DE HOLANDA,2026-09-30,12,30.93,11
TRIBUNAL DE JUSTIÇA,GABINETE DES. ANDERSON MÁXIMO DE HOLANDA,2026-10-31,12,31.92,12
TRIBUNAL DE JUSTIÇA,GABINETE DES. AURELIANO ALBUQUERQUE AMORIM,2025-11-30,12,6.68,1
TRIBUNAL DE JUSTIÇA,GABINETE DES. AURELIANO ALBUQUERQUE AMORIM,2025-12-31,12,6.42,2
TRIBUNAL DE JUSTIÇA,GABINETE DES. AURELIANO ALBUQUERQUE AMORIM,2026-01-31,12,6.17,3
TRIBUNAL DE JUSTIÇA,GABINETE DES. AURELIANO ALBUQUERQUE AMORIM,2026-02-28,12,5.94,4
TRIBUNAL DE JUSTIÇA,GABINETE DES. AURELIANO ALBUQUERQUE AMORIM,2026-03-31,12,5.68,5
TRIBUNAL DE JUSTIÇA,GABINETE DES. AURELIANO ALBUQUERQUE AMORIM,2026-04-30,12,5.43,6
TRIBUNAL DE JUSTIÇA,GABINETE DES. AURELIANO ALBUQUERQUE AMORIM,2026-05-31,12,5.18,7
TRIBUNAL DE JUSTIÇA,GABINETE DES. AURELIANO ALBUQUERQUE AMORIM,2026-06-30,12,4.93,8
TRIBUNAL DE JUSTIÇA,GABINETE DES. AURELIANO ALBUQUERQUE AMORIM,2026-07-31,12,4.68,9
TRIBUNAL DE JUSTIÇA,GABINETE DES. AURELIANO ALBUQUERQUE AMORIM,2026-08-31,12,4.42,10
TRIBUNAL DE JUSTIÇA,GABINETE DES. AURELIANO ALBUQUERQUE AMORIM,2026-09-30,12,4.18,11
TRIBUNAL DE JUSTIÇA,GABINETE DES. AURELIANO ALBUQUERQUE AMORIM,2026-10-31,12,3.92,12
TRIBUNAL DE JUSTIÇA,GABINETE DES. BRENO BOSS CACHAPUZ CAIADO,2025-11-30,12,17.98,1
TRIBUNAL DE JUSTIÇA,GABINETE DES. BRENO BOSS CACHAPUZ CAIADO,2025-12-31,12,17.98,2
TRIBUNAL DE JUSTIÇA,GABINETE DES. BRENO BOSS CACHAPUZ CAIADO,2026-01-31,12,17.98,3
TRIBUNAL DE JUSTIÇA,GABINETE DES. BRENO BOSS CACHAPUZ CAIADO,2026-02-28,12,17.97,4
TRIBUNAL DE JUSTIÇA,GABINETE DES. BRENO BOSS CACHAPUZ CAIADO,2026-03-31,12,17.97,5
TRIBUNAL DE JUSTIÇA,GABINETE DES. BRENO BOSS CACHAPUZ CAIADO,2026-04-30,12,17.97,6
TRIBUNAL DE JUSTIÇA,GABINETE DES. BRENO BOSS CACHAPUZ CAIADO,2026-05-31,12,17.96,7
TRIBUNAL DE JUSTIÇA,GABINETE DES. BRENO BOSS CACHAPUZ CAIADO,2026-06-30,12,17.96,8
TRIBUNAL DE JUSTIÇA,GABINETE DES. BRENO BOSS CACHAPUZ CAIADO,2026-07-31,12,17.96,9
TRIBUNAL DE JUSTIÇA,GABINETE DES. BRENO BOSS CACHAPUZ CAIADO,2026-08-31,12,17.96,10
TRIBUNAL DE JUSTIÇA,GABINETE DES. BRENO BOSS CACHAPUZ CAIADO,2026-09-30,12,17.95,11
TRIBUNAL DE JUSTIÇA,GABINETE DES. BRENO BOSS CACHAPUZ CAIADO,2026-10-31,12,17.95,12
TRIBUNAL DE JUSTIÇA,GABINETE DES. CARLOS ALBERTO FRANCA,2025-11-30,12,14.3,1
TRIBUNAL DE JUSTIÇA,GABINETE DES. CARLOS ALBERTO FRANCA,2025-12-31,12,14.52,2
TRIBUNAL DE JUSTIÇA,GABINETE DES. CARLOS ALBERTO FRANCA,2026-01-31,12,14.74,3
TRIBUNAL DE JUSTIÇA,GABINETE DES. CARLOS ALBERTO FRANCA,2026-02-28,12,14.94,4
TRIBUNAL DE JUSTIÇA,GABINETE DES. CARLOS ALBERTO FRANCA,2026-03-31,12,15.16,5
TRIBUNAL DE JUSTIÇA,GABINETE DES. CARLOS ALBERTO FRANCA,2026-04-30,12,15.38,6
TRIBUNAL DE JUSTIÇA,GABINETE DES. CARLOS ALBERTO FRANCA,2026-05-31,12,15.6,7
TRIBUNAL DE JUSTIÇA,GABINETE DES. CARLOS ALBERTO FRANCA,2026-06-30,12,15.82,8
TRIBUNAL DE JUSTIÇA,GABINETE DES. CARLOS ALBERTO FRANCA,2026-07-31,12,16.04,9
TRIBUNAL DE JUSTIÇA,GABINETE DES. CARLOS ALBERTO FRANCA,2026-08-31,12,16.26,10
TRIBUNAL DE JUSTIÇA,GABINETE DES. CARLOS ALBERTO FRANCA,2026-09-30,12,16.48,11
TRIBUNAL DE JUSTIÇA,GABINETE DES. CARLOS ALBERTO FRANCA,2026-10-31,12,16.7,12
TRIBUNAL DE JUSTIÇA,GABINETE DES. CARMECY ROSA MARIA A. DE OLIVEIRA,2025-11-30,12,12.07,1
TRIBUNAL DE JUSTIÇA,GABINETE DES. CARMECY ROSA MARIA A. DE OLIVEIRA,2025-12-31,12,12.49,2
TRIBUNAL DE JUSTIÇA,GABINETE DES. CARMECY ROSA MARIA A. DE OLIVEIRA,2026-01-31,12,12.92,3
TRIBUNAL DE JUSTIÇA,GABINETE DES. CARMECY ROSA MARIA A. DE OLIVEIRA,2026-02-28,12,13.3,4
TRIBUNAL DE JUSTIÇA,GABINETE DES. CARMECY ROSA MARIA A. DE OLIVEIRA,2026-03-31,12,13.73,5
TRIBUNAL DE JUSTIÇA,GABINETE DES. CARMECY ROSA MARIA A. DE OLIVEIRA,2026-04-30,12,14.14,6
TRIBUNAL DE JUSTIÇA,GABINETE DES. CARMECY ROSA MARIA A. DE OLIVEIRA,2026-05-31,12,14.56,7
TRIBUNAL DE JUSTIÇA,GABINETE DES. CARMECY ROSA MARIA A. DE OLIVEIRA,2026-06-30,12,14.98,8
TRIBUNAL DE JUSTIÇA,GABINETE DES. CARMECY ROSA MARIA A. DE OLIVEIRA,2026-07-31,12,15.4,9
TRIBUNAL DE JUSTIÇA,GABINETE DES. CARMECY ROSA MARIA A. DE OLIVEIRA,2026-08-31,12,15.83,10
TRIBUNAL DE JUSTIÇA,GABINETE DES. CARMECY ROSA MARIA A. DE OLIVEIRA,2026-09-30,12,16.24,11
TRIBUNAL DE JUSTIÇA,GABINETE DES. CARMECY ROSA MARIA A. DE OLIVEIRA,2026-10-31,12,16.66,12
TRIBUNAL DE JUSTIÇA,GABINETE DES. DELINTRO BELO DE ALMEIDA FILHO,2025-11-30,12,17.95,1
TRIBUNAL DE JUSTIÇA,GABINETE DES. DELINTRO BELO DE ALMEIDA FILHO,2025-12-31,12,18.45,2
TRIBUNAL DE JUSTIÇA,GABINETE DES. DELINTRO BELO DE ALMEIDA FILHO,2026-01-31,12,18.95,3
TRIBUNAL DE JUSTIÇA,GABINETE DES. DELINTRO BELO DE ALMEIDA FILHO,2026-02-28,12,19.4,4
TRIBUNAL DE JUSTIÇA,GABINETE DES. DELINTRO BELO DE ALMEIDA FILHO,2026-03-31,12,19.9,5
TRIBUNAL DE JUSTIÇA,GABINETE DES. DELINTRO BELO DE ALMEIDA FILHO,2026-04-30,12,20.38,6
TRIBUNAL DE JUSTIÇA,GABINETE DES. DELINTRO BELO DE ALMEIDA FILHO,2026-05-31,12,20.88,7
TRIBUNAL DE JUSTIÇA,GABINETE DES. DELINTRO BELO DE ALMEIDA FILHO,2026-06-30,12,21.36,8
TRIBUNAL DE JUSTIÇA,GABINETE DES. DELINTRO BELO DE ALMEIDA FILHO,2026-07-31,12,21.86,9
TRIBUNAL DE JUSTIÇA,GABINETE DES. DELINTRO BELO DE ALMEIDA FILHO,2026-08-31,12,22.36,10
TRIBUNAL DE JUSTIÇA,GABINETE DES. DELINTRO BELO DE ALMEIDA FILHO,2026-09-30,12,22.85,11
TRIBUNAL DE JUSTIÇA,GABINETE DES. DELINTRO BELO DE ALMEIDA FILHO,2026-10-31,12,23.35,12
TRIBUNAL DE JUSTIÇA,GABINETE DES. DONIZETE MARTINS DE OLIVEIRA,2025-11-30,12,10.64,1
TRIBUNAL DE JUSTIÇA,GABINETE DES. DONIZETE MARTINS DE OLIVEIRA,2025-12-31,12,11.02,2
TRIBUNAL DE JUSTIÇA,GABINETE DES. DONIZETE MARTINS DE OLIVEIRA,2026-01-31,12,11.39,3
TRIBUNAL DE JUSTIÇA,GABINETE DES. DONIZETE MARTINS DE OLIVEIRA,2026-02-28,12,11.73,4
TRIBUNAL DE JUSTIÇA,GABINETE DES. DONIZETE MARTINS DE OLIVEIRA,2026-03-31,12,12.11,5
TRIBUNAL DE JUSTIÇA,GABINETE DES. DONIZETE MARTINS DE OLIVEIRA,2026-04-30,12,12.47,6
TRIBUNAL DE JUSTIÇA,GABINETE DES. DONIZETE MARTINS DE OLIVEIRA,2026-05-31,12,12.84,7
TRIBUNAL DE JUSTIÇA,GABINETE DES. DONIZETE MARTINS DE OLIVEIRA,2026-06-30,12,13.21,8
TRIBUNAL DE JUSTIÇA,GABINETE DES. DONIZETE MARTINS DE OLIVEIRA,2026-07-31,12,13.58,9
TRIBUNAL DE JUSTIÇA,GABINETE DES. DONIZETE MARTINS DE OLIVEIRA,2026-08-31,12,13.96,10
TRIBUNAL DE JUSTIÇA,GABINETE DES. DONIZETE MARTINS DE OLIVEIRA,2026-09-30,12,14.32,11
TRIBUNAL DE JUSTIÇA,GABINETE DES. DONIZETE MARTINS DE OLIVEIRA,2026-10-31,12,14.7,12
TRIBUNAL DE JUSTIÇA,GABINETE DES. EDISON MIGUEL DA SILVA JR,2025-11-30,12,38.93,1
TRIBUNAL DE JUSTIÇA,GABINETE DES. EDISON MIGUEL DA SILVA JR,2025-12-31,12,39.99,2
TRIBUNAL DE JUSTIÇA,GABINETE DES. EDISON MIGUEL DA SILVA JR,2026-01-31,12,41.06,3
TRIBUNAL DE JUSTIÇA,GABINETE DES. EDISON MIGUEL DA SILVA JR,2026-02-28,12,42.02,4
TRIBUNAL DE JUSTIÇA,GABINETE DES. EDISON MIGUEL DA SILVA JR,2026-03-31,12,43.08,5
TRIBUNAL DE JUSTIÇA,GABINETE DES. EDISON MIGUEL DA SILVA JR,2026-04-30,12,44.11,6
TRIBUNAL DE JUSTIÇA,GABINETE DES. EDISON MIGUEL DA SILVA JR,2026-05-31,12,45.18,7
TRIBUNAL DE JUSTIÇA,GABINETE DES. EDISON MIGUEL DA SILVA JR,2026-06-30,12,46.21,8
TRIBUNAL DE JUSTIÇA,GABINETE DES. EDISON MIGUEL DA SILVA JR,2026-07-31,12,47.27,9
TRIBUNAL DE JUSTIÇA,GABINETE DES. EDISON MIGUEL DA SILVA JR,2026-08-31,12,48.34,10
TRIBUNAL DE JUSTIÇA,GABINETE DES. EDISON MIGUEL DA SILVA JR,2026-09-30,12,49.37,11
TRIBUNAL DE JUSTIÇA,GABINETE DES. EDISON MIGUEL DA SILVA JR,2026-10-31,12,50.43,12
TRIBUNAL DE JUSTIÇA,GABINETE DES. EDUARDO ABDON MOURA,2025-11-30,12,49.32,1
TRIBUNAL DE JUSTIÇA,GABINETE DES. EDUARDO ABDON MOURA,2025-12-31,12,51.62,2
TRIBUNAL DE JUSTIÇA,GABINETE DES. EDUARDO ABDON MOURA,2026-01-31,12,53.92,3
TRIBUNAL DE JUSTIÇA,GABINETE DES. EDUARDO ABDON MOURA,2026-02-28,12,56.0,4
TRIBUNAL DE JUSTIÇA,GABINETE DES. EDUARDO ABDON MOURA,2026-03-31,12,58.3,5
TRIBUNAL DE JUSTIÇA,GABINETE DES. EDUARDO ABDON MOURA,2026-04-30,12,60.52,6
TRIBUNAL DE JUSTIÇA,GABINETE DES. EDUARDO ABDON MOURA,2026-05-31,12,62.82,7
TRIBUNAL DE JUSTIÇA,GABINETE DES. EDUARDO ABDON MOURA,2026-06-30,12,65.04,8
TRIBUNAL DE JUSTIÇA,GABINETE DES. EDUARDO ABDON MOURA,2026-07-31,12,67.34,9
TRIBUNAL DE JUSTIÇA,GABINETE DES. EDUARDO ABDON MOURA,2026-08-31,12,69.64,10
TRIBUNAL DE JUSTIÇA,GABINETE DES. EDUARDO ABDON MOURA,2026-09-30,12,71.87,11
TRIBUNAL DE JUSTIÇA,GABINETE DES. EDUARDO ABDON MOURA,2026-10-31,12,74.17,12
TRIBUNAL DE JUSTIÇA,GABINETE DES. ELISEU JOSÉ TAVEIRA VIEIRA,2025-11-30,12,19.31,1
TRIBUNAL DE JUSTIÇA,GABINETE DES. ELISEU JOSÉ TAVEIRA VIEIRA,2025-12-31,12,19.81,2
TRIBUNAL DE JUSTIÇA,GABINETE DES. ELISEU JOSÉ TAVEIRA VIEIRA,2026-01-31,12,20.3,3
TRIBUNAL DE JUSTIÇA,GABINETE DES. ELISEU JOSÉ TAVEIRA VIEIRA,2026-02-28,12,20.75,4
TRIBUNAL DE JUSTIÇA,GABINETE DES. ELISEU JOSÉ TAVEIRA VIEIRA,2026-03-31,12,21.25,5
TRIBUNAL DE JUSTIÇA,GABINETE DES. ELISEU JOSÉ TAVEIRA VIEIRA,2026-04-30,12,21.73,6
TRIBUNAL DE JUSTIÇA,GABINETE DES. ELISEU JOSÉ TAVEIRA VIEIRA,2026-05-31,12,22.23,7
TRIBUNAL DE JUSTIÇA,GABINETE DES. ELISEU JOSÉ TAVEIRA VIEIRA,2026-06-30,12,22.71,8
TRIBUNAL DE JUSTIÇA,GABINETE DES. ELISEU JOSÉ TAVEIRA VIEIRA,2026-07-31,12,23.21,9
TRIBUNAL DE JUSTIÇA,GABINETE DES. ELISEU JOSÉ TAVEIRA VIEIRA,2026-08-31,12,23.7,10
TRIBUNAL DE JUSTIÇA,GABINETE DES. ELISEU JOSÉ TAVEIRA VIEIRA,2026-09-30,12,24.19,11
TRIBUNAL DE JUSTIÇA,GABINETE DES. ELISEU JOSÉ TAVEIRA VIEIRA,2026-10-31,12,24.68,12
TRIBUNAL DE JUSTIÇA,GABINETE DES. FABIANO ABEL DE ARAGÃO FERNANDES,2025-11-30,12,23.46,1
TRIBUNAL DE JUSTIÇA,GABINETE DES. FABIANO ABEL DE ARAGÃO FERNANDES,2025-12-31,12,23.76,2
TRIBUNAL DE JUSTIÇA,GABINETE DES. FABIANO ABEL DE ARAGÃO FERNANDES,2026-01-31,12,24.05,3
TRIBUNAL DE JUSTIÇA,GABINETE DES. FABIANO ABEL DE ARAGÃO FERNANDES,2026-02-28,12,24.31,4
TRIBUNAL DE JUSTIÇA,GABINETE DES. FABIANO ABEL DE ARAGÃO FERNANDES,2026-03-31,12,24.6,5
TRIBUNAL DE JUSTIÇA,GABINETE DES. FABIANO ABEL DE ARAGÃO FERNANDES,2026-04-30,12,24.88,6
TRIBUNAL DE JUSTIÇA,GABINETE DES. FABIANO ABEL DE ARAGÃO FERNANDES,2026-05-31,12,25.18,7
TRIBUNAL DE JUSTIÇA,GABINETE DES. FABIANO ABEL DE ARAGÃO FERNANDES,2026-06-30,12,25.46,8
TRIBUNAL DE JUSTIÇA,GABINETE DES. FABIANO ABEL DE ARAGÃO FERNANDES,2026-07-31,12,25.75,9
TRIBUNAL DE JUSTIÇA,GABINETE DES. FABIANO ABEL DE ARAGÃO FERNANDES,2026-08-31,12,26.04,10
TRIBUNAL DE JUSTIÇA,GABINETE DES. FABIANO ABEL DE ARAGÃO FERNANDES,2026-09-30,12,26.32,11
TRIBUNAL DE JUSTIÇA,GABINETE DES. FABIANO ABEL DE ARAGÃO FERNANDES,2026-10-31,12,26.62,12
TRIBUNAL DE JUSTIÇA,GABINETE DES. FABIO CRISTOVAO DE CAMPOS FARIA,2025-11-30,12,12.14,1
TRIBUNAL DE JUSTIÇA,GABINETE DES. FABIO CRISTOVAO DE CAMPOS FARIA,2025-12-31,12,12.46,2
TRIBUNAL DE JUSTIÇA,GABINETE DES. FABIO CRISTOVAO DE CAMPOS FARIA,2026-01-31,12,12.78,3
TRIBUNAL DE JUSTIÇA,GABINETE DES. FABIO CRISTOVAO DE CAMPOS FARIA,2026-02-28,12,13.07,4
TRIBUNAL DE JUSTIÇA,GABINETE DES. FABIO CRISTOVAO DE CAMPOS FARIA,2026-03-31,12,13.39,5
TRIBUNAL DE JUSTIÇA,GABINETE DES. FABIO CRISTOVAO DE CAMPOS FARIA,2026-04-30,12,13.7,6
TRIBUNAL DE JUSTIÇA,GABINETE DES. FABIO CRISTOVAO DE CAMPOS FARIA,2026-05-31,12,14.02,7
TRIBUNAL DE JUSTIÇA,GABINETE DES. FABIO CRISTOVAO DE CAMPOS FARIA,2026-06-30,12,14.33,8
TRIBUNAL DE JUSTIÇA,GABINETE DES. FABIO CRISTOVAO DE CAMPOS FARIA,2026-07-31,12,14.65,9
TRIBUNAL DE JUSTIÇA,GABINETE DES. FABIO CRISTOVAO DE CAMPOS FARIA,2026-08-31,12,14.97,10
TRIBUNAL DE JUSTIÇA,GABINETE DES. FABIO CRISTOVAO DE CAMPOS FARIA,2026-09-30,12,15.28,11
TRIBUNAL DE JUSTIÇA,GABINETE DES. FABIO CRISTOVAO DE CAMPOS FARIA,2026-10-31,12,15.6,12
TRIBUNAL DE JUSTIÇA,GABINETE DES. FERNANDO BRAGA VIGGIANO,2025-11-30,12,55.47,1
TRIBUNAL DE JUSTIÇA,GABINETE DES. FERNANDO BRAGA VIGGIANO,2025-12-31,12,58.18,2
TRIBUNAL DE JUSTIÇA,GABINETE DES. FERNANDO BRAGA VIGGIANO,2026-01-31,12,60.89,3
TRIBUNAL DE JUSTIÇA,GABINETE DES. FERNANDO BRAGA VIGGIANO,2026-02-28,12,63.35,4
TRIBUNAL DE JUSTIÇA,GABINETE DES. FERNANDO BRAGA VIGGIANO,2026-03-31,12,66.06,5
TRIBUNAL DE JUSTIÇA,GABINETE DES. FERNANDO BRAGA VIGGIANO,2026-04-30,12,68.68,6
TRIBUNAL DE JUSTIÇA,GABINETE DES. FERNANDO BRAGA VIGGIANO,2026-05-31,12,71.4,7
TRIBUNAL DE JUSTIÇA,GABINETE DES. FERNANDO BRAGA VIGGIANO,2026-06-30,12,74.02,8
TRIBUNAL DE JUSTIÇA,GABINETE DES. FERNANDO BRAGA VIGGIANO,2026-07-31,12,76.74,9
TRIBUNAL DE JUSTIÇA,GABINETE DES. FERNANDO BRAGA VIGGIANO,2026-08-31,12,79.45,10
TRIBUNAL DE JUSTIÇA,GABINETE DES. FERNANDO BRAGA VIGGIANO,2026-09-30,12,82.07,11
TRIBUNAL DE JUSTIÇA,GABINETE DES. FERNANDO BRAGA VIGGIANO,2026-10-31,12,84.79,12
TRIBUNAL DE JUSTIÇA,GABINETE DES. FERNANDO DE CASTRO MESQUITA,2025-11-30,12,62.23,1
TRIBUNAL DE JUSTIÇA,GABINETE DES. FERNANDO DE CASTRO MESQUITA,2025-12-31,12,64.06,2
TRIBUNAL DE JUSTIÇA,GABINETE DES. FERNANDO DE CASTRO MESQUITA,2026-01-31,12,65.9,3
TRIBUNAL DE JUSTIÇA,GABINETE DES. FERNANDO DE CASTRO MESQUITA,2026-02-28,12,67.55,4
TRIBUNAL DE JUSTIÇA,GABINETE DES. FERNANDO DE CASTRO MESQUITA,2026-03-31,12,69.39,5
TRIBUNAL DE JUSTIÇA,GABINETE DES. FERNANDO DE CASTRO MESQUITA,2026-04-30,12,71.16,6
TRIBUNAL DE JUSTIÇA,GABINETE DES. FERNANDO DE CASTRO MESQUITA,2026-05-31,12,72.99,7
TRIBUNAL DE JUSTIÇA,GABINETE DES. FERNANDO DE CASTRO MESQUITA,2026-06-30,12,74.77,8
TRIBUNAL DE JUSTIÇA,GABINETE DES. FERNANDO DE CASTRO MESQUITA,2026-07-31,12,76.6,9
TRIBUNAL DE JUSTIÇA,GABINETE DES. FERNANDO DE CASTRO MESQUITA,2026-08-31,12,78.44,10
TRIBUNAL DE JUSTIÇA,GABINETE DES. FERNANDO DE CASTRO MESQUITA,2026-09-30,12,80.21,11
TRIBUNAL DE JUSTIÇA,GABINETE DES. FERNANDO DE CASTRO MESQUITA,2026-10-31,12,82.04,12
TRIBUNAL DE JUSTIÇA,GABINETE DES. FERNANDO DE MELLO XAVIER,2025-11-30,12,16.64,1
TRIBUNAL DE JUSTIÇA,GABINETE DES. FERNANDO DE MELLO XAVIER,2025-12-31,12,17.02,2
TRIBUNAL DE JUSTIÇA,GABINETE DES. FERNANDO DE MELLO XAVIER,2026-01-31,12,17.39,3
TRIBUNAL DE JUSTIÇA,GABINETE DES. FERNANDO DE MELLO XAVIER,2026-02-28,12,17.73,4
TRIBUNAL DE JUSTIÇA,GABINETE DES. FERNANDO DE MELLO XAVIER,2026-03-31,12,18.11,5
TRIBUNAL DE JUSTIÇA,GABINETE DES. FERNANDO DE MELLO XAVIER,2026-04-30,12,18.47,6
TRIBUNAL DE JUSTIÇA,GABINETE DES. FERNANDO DE MELLO XAVIER,2026-05-31,12,18.85,7
TRIBUNAL DE JUSTIÇA,GABINETE DES. FERNANDO DE MELLO XAVIER,2026-06-30,12,19.21,8
TRIBUNAL DE JUSTIÇA,GABINETE DES. FERNANDO DE MELLO XAVIER,2026-07-31,12,19.59,9
TRIBUNAL DE JUSTIÇA,GABINETE DES. FERNANDO DE MELLO XAVIER,2026-08-31,12,19.96,10
TRIBUNAL DE JUSTIÇA,GABINETE DES. FERNANDO DE MELLO XAVIER,2026-09-30,12,20.33,11
TRIBUNAL DE JUSTIÇA,GABINETE DES. FERNANDO DE MELLO XAVIER,2026-10-31,12,20.7,12
TRIBUNAL DE JUSTIÇA,GABINETE DES. FERNANDO RIBEIRO MONTEFUSCO,2025-11-30,12,15.92,1
TRIBUNAL DE JUSTIÇA,GABINETE DES. FERNANDO RIBEIRO MONTEFUSCO,2025-12-31,12,16.18,2
TRIBUNAL DE JUSTIÇA,GABINETE DES. FERNANDO RIBEIRO MONTEFUSCO,2026-01-31,12,16.43,3
TRIBUNAL DE JUSTIÇA,GABINETE DES. FERNANDO RIBEIRO MONTEFUSCO,2026-02-28,12,16.67,4
TRIBUNAL DE JUSTIÇA,GABINETE DES. FERNANDO RIBEIRO MONTEFUSCO,2026-03-31,12,16.92,5
TRIBUNAL DE JUSTIÇA,GABINETE DES. FERNANDO RIBEIRO MONTEFUSCO,2026-04-30,12,17.17,6
TRIBUNAL DE JUSTIÇA,GABINETE DES. FERNANDO RIBEIRO MONTEFUSCO,2026-05-31,12,17.42,7
TRIBUNAL DE JUSTIÇA,GABINETE DES. FERNANDO RIBEIRO MONTEFUSCO,2026-06-30,12,17.67,8
TRIBUNAL DE JUSTIÇA,GABINETE DES. FERNANDO RIBEIRO MONTEFUSCO,2026-07-31,12,17.93,9
TRIBUNAL DE JUSTIÇA,GABINETE DES. FERNANDO RIBEIRO MONTEFUSCO,2026-08-31,12,18.18,10
TRIBUNAL DE JUSTIÇA,GABINETE DES. FERNANDO RIBEIRO MONTEFUSCO,2026-09-30,12,18.43,11
TRIBUNAL DE JUSTIÇA,GABINETE DES. FERNANDO RIBEIRO MONTEFUSCO,2026-10-31,12,18.69,12
TRIBUNAL DE JUSTIÇA,GABINETE DES. GERSON SANTANA CINTRA,2025-11-30,12,31.22,1
TRIBUNAL DE JUSTIÇA,GABINETE DES. GERSON SANTANA CINTRA,2025-12-31,12,31.97,2
TRIBUNAL DE JUSTIÇA,GABINETE DES. GERSON SANTANA CINTRA,2026-01-31,12,32.71,3
TRIBUNAL DE JUSTIÇA,GABINETE DES. GERSON SANTANA CINTRA,2026-02-28,12,33.39,4
TRIBUNAL DE JUSTIÇA,GABINETE DES. GERSON SANTANA CINTRA,2026-03-31,12,34.13,5
TRIBUNAL DE JUSTIÇA,GABINETE DES. GERSON SANTANA CINTRA,2026-04-30,12,34.86,6
TRIBUNAL DE JUSTIÇA,GABINETE DES. GERSON SANTANA CINTRA,2026-05-31,12,35.6,7
TRIBUNAL DE JUSTIÇA,GABINETE DES. GERSON SANTANA CINTRA,2026-06-30,12,36.33,8
TRIBUNAL DE JUSTIÇA,GABINETE DES. GERSON SANTANA CINTRA,2026-07-31,12,37.07,9
TRIBUNAL DE JUSTIÇA,GABINETE DES. GERSON SANTANA CINTRA,2026-08-31,12,37.82,10
TRIBUNAL DE JUSTIÇA,GABINETE DES. GERSON SANTANA CINTRA,2026-09-30,12,38.54,11
TRIBUNAL DE JUSTIÇA,GABINETE DES. GERSON SANTANA CINTRA,2026-10-31,12,39.29,12
TRIBUNAL DE JUSTIÇA,GABINETE DES. GILBERTO MARQUES FILHO,2025-11-30,12,52.41,1
TRIBUNAL DE JUSTIÇA,GABINETE DES. GILBERTO MARQUES FILHO,2025-12-31,12,53.85,2
TRIBUNAL DE JUSTIÇA,GABINETE DES. GILBERTO MARQUES FILHO,2026-01-31,12,55.3,3
TRIBUNAL DE JUSTIÇA,GABINETE DES. GILBERTO MARQUES FILHO,2026-02-28,12,56.61,4
TRIBUNAL DE JUSTIÇA,GABINETE DES. GILBERTO MARQUES FILHO,2026-03-31,12,58.05,5
TRIBUNAL DE JUSTIÇA,GABINETE DES. GILBERTO MARQUES FILHO,2026-04-30,12,59.45,6
TRIBUNAL DE JUSTIÇA,GABINETE DES. GILBERTO MARQUES FILHO,2026-05-31,12,60.9,7
TRIBUNAL DE JUSTIÇA,GABINETE DES. GILBERTO MARQUES FILHO,2026-06-30,12,62.3,8
TRIBUNAL DE JUSTIÇA,GABINETE DES. GILBERTO MARQUES FILHO,2026-07-31,12,63.74,9
TRIBUNAL DE JUSTIÇA,GABINETE DES. GILBERTO MARQUES FILHO,2026-08-31,12,65.19,10
TRIBUNAL DE JUSTIÇA,GABINETE DES. GILBERTO MARQUES FILHO,2026-09-30,12,66.59,11
TRIBUNAL DE JUSTIÇA,GABINETE DES. GILBERTO MARQUES FILHO,2026-10-31,12,68.03,12
TRIBUNAL DE JUSTIÇA,GABINETE DES. GUILHERME GUTEMBERG ISAC PINTO,2025-11-30,12,26.27,1
TRIBUNAL DE JUSTIÇA,GABINETE DES. GUILHERME GUTEMBERG ISAC PINTO,2025-12-31,12,26.8,2
TRIBUNAL DE JUSTIÇA,GABINETE DES. GUILHERME GUTEMBERG ISAC PINTO,2026-01-31,12,27.33,3
TRIBUNAL DE JUSTIÇA,GABINETE DES. GUILHERME GUTEMBERG ISAC PINTO,2026-02-28,12,27.81,4
TRIBUNAL DE JUSTIÇA,GABINETE DES. GUILHERME GUTEMBERG ISAC PINTO,2026-03-31,12,28.34,5
TRIBUNAL DE JUSTIÇA,GABINETE DES. GUILHERME GUTEMBERG ISAC PINTO,2026-04-30,12,28.86,6
TRIBUNAL DE JUSTIÇA,GABINETE DES. GUILHERME GUTEMBERG ISAC PINTO,2026-05-31,12,29.39,7
TRIBUNAL DE JUSTIÇA,GABINETE DES. GUILHERME GUTEMBERG ISAC PINTO,2026-06-30,12,29.9,8
TRIBUNAL DE JUSTIÇA,GABINETE DES. GUILHERME GUTEMBERG ISAC PINTO,2026-07-31,12,30.43,9
TRIBUNAL DE JUSTIÇA,GABINETE DES. GUILHERME GUTEMBERG ISAC PINTO,2026-08-31,12,30.96,10
TRIBUNAL DE JUSTIÇA,GABINETE DES. GUILHERME GUTEMBERG ISAC PINTO,2026-09-30,12,31.47,11
TRIBUNAL DE JUSTIÇA,GABINETE DES. GUILHERME GUTEMBERG ISAC PINTO,2026-10-31,12,32.0,12
TRIBUNAL DE JUSTIÇA,GABINETE DES. HEBER CARLOS DE OLIVEIRA,2025-11-30,12,14.9,1
TRIBUNAL DE JUSTIÇA,GABINETE DES. HEBER CARLOS DE OLIVEIRA,2025-12-31,12,15.11,2
TRIBUNAL DE JUSTIÇA,GABINETE DES. HEBER CARLOS DE OLIVEIRA,2026-01-31,12,15.32,3
TRIBUNAL DE JUSTIÇA,GABINETE DES. HEBER CARLOS DE OLIVEIRA,2026-02-28,12,15.51,4
TRIBUNAL DE JUSTIÇA,GABINETE DES. HEBER CARLOS DE OLIVEIRA,2026-03-31,12,15.72,5
TRIBUNAL DE JUSTIÇA,GABINETE DES. HEBER CARLOS DE OLIVEIRA,2026-04-30,12,15.92,6
TRIBUNAL DE JUSTIÇA,GABINETE DES. HEBER CARLOS DE OLIVEIRA,2026-05-31,12,16.13,7
TRIBUNAL DE JUSTIÇA,GABINETE DES. HEBER CARLOS DE OLIVEIRA,2026-06-30,12,16.33,8
TRIBUNAL DE JUSTIÇA,GABINETE DES. HEBER CARLOS DE OLIVEIRA,2026-07-31,12,16.54,9
TRIBUNAL DE JUSTIÇA,GABINETE DES. HEBER CARLOS DE OLIVEIRA,2026-08-31,12,16.75,10
TRIBUNAL DE JUSTIÇA,GABINETE DES. HEBER CARLOS DE OLIVEIRA,2026-09-30,12,16.96,11
TRIBUNAL DE JUSTIÇA,GABINETE DES. HEBER CARLOS DE OLIVEIRA,2026-10-31,12,17.17,12
TRIBUNAL DE JUSTIÇA,GABINETE DES. ITAMAR DE LIMA,2025-11-30,12,47.46,1
TRIBUNAL DE JUSTIÇA,GABINETE DES. ITAMAR DE LIMA,2025-12-31,12,48.56,2
TRIBUNAL DE JUSTIÇA,GABINETE DES. ITAMAR DE LIMA,2026-01-31,12,49.65,3
TRIBUNAL DE JUSTIÇA,GABINETE DES. ITAMAR DE LIMA,2026-02-28,12,50.64,4
TRIBUNAL DE JUSTIÇA,GABINETE DES. ITAMAR DE LIMA,2026-03-31,12,51.73,5
TRIBUNAL DE JUSTIÇA,GABINETE DES. ITAMAR DE LIMA,2026-04-30,12,52.79,6
TRIBUNAL DE JUSTIÇA,GABINETE DES. ITAMAR DE LIMA,2026-05-31,12,53.89,7
TRIBUNAL DE JUSTIÇA,GABINETE DES. ITAMAR DE LIMA,2026-06-30,12,54.95,8
TRIBUNAL DE JUSTIÇA,GABINETE DES. ITAMAR DE LIMA,2026-07-31,12,56.04,9
TRIBUNAL DE JUSTIÇA,GABINETE DES. ITAMAR DE LIMA,2026-08-31,12,57.14,10
TRIBUNAL DE JUSTIÇA,GABINETE DES. ITAMAR DE LIMA,2026-09-30,12,58.2,11
TRIBUNAL DE JUSTIÇA,GABINETE DES. ITAMAR DE LIMA,2026-10-31,12,59.29,12
TRIBUNAL DE JUSTIÇA,GABINETE DES. ITANEY FRANCISCO CAMPOS,2025-11-30,12,15.42,1
TRIBUNAL DE JUSTIÇA,GABINETE DES. ITANEY FRANCISCO CAMPOS,2025-12-31,12,15.85,2
TRIBUNAL DE JUSTIÇA,GABINETE DES. ITANEY FRANCISCO CAMPOS,2026-01-31,12,16.29,3
TRIBUNAL DE JUSTIÇA,GABINETE DES. ITANEY FRANCISCO CAMPOS,2026-02-28,12,16.69,4
TRIBUNAL DE JUSTIÇA,GABINETE DES. ITANEY FRANCISCO CAMPOS,2026-03-31,12,17.13,5
TRIBUNAL DE JUSTIÇA,GABINETE DES. ITANEY FRANCISCO CAMPOS,2026-04-30,12,17.55,6
TRIBUNAL DE JUSTIÇA,GABINETE DES. ITANEY FRANCISCO CAMPOS,2026-05-31,12,17.99,7
TRIBUNAL DE JUSTIÇA,GABINETE DES. ITANEY FRANCISCO CAMPOS,2026-06-30,12,18.42,8
TRIBUNAL DE JUSTIÇA,GABINETE DES. ITANEY FRANCISCO CAMPOS,2026-07-31,12,18.86,9
TRIBUNAL DE JUSTIÇA,GABINETE DES. ITANEY FRANCISCO CAMPOS,2026-08-31,12,19.29,10
TRIBUNAL DE JUSTIÇA,GABINETE DES. ITANEY FRANCISCO CAMPOS,2026-09-30,12,19.72,11
TRIBUNAL DE JUSTIÇA,GABINETE DES. ITANEY FRANCISCO CAMPOS,2026-10-31,12,20.16,12
TRIBUNAL DE JUSTIÇA,GABINETE DES. IVO FAVARO,2025-11-30,12,19.27,1
TRIBUNAL DE JUSTIÇA,GABINETE DES. IVO FAVARO,2025-12-31,12,20.04,2
TRIBUNAL DE JUSTIÇA,GABINETE DES. IVO FAVARO,2026-01-31,12,20.81,3
TRIBUNAL DE JUSTIÇA,GABINETE DES. IVO FAVARO,2026-02-28,12,21.51,4
TRIBUNAL DE JUSTIÇA,GABINETE DES. IVO FAVARO,2026-03-31,12,22.28,5
TRIBUNAL DE JUSTIÇA,GABINETE DES. IVO FAVARO,2026-04-30,12,23.02,6
TRIBUNAL DE JUSTIÇA,GABINETE DES. IVO FAVARO,2026-05-31,12,23.79,7
TRIBUNAL DE JUSTIÇA,GABINETE DES. IVO FAVARO,2026-06-30,12,24.54,8
TRIBUNAL DE JUSTIÇA,GABINETE DES. IVO FAVARO,2026-07-31,12,25.31,9
TRIBUNAL DE JUSTIÇA,GABINETE DES. IVO FAVARO,2026-08-31,12,26.08,10
TRIBUNAL DE JUSTIÇA,GABINETE DES. IVO FAVARO,2026-09-30,12,26.83,11
TRIBUNAL DE JUSTIÇA,GABINETE DES. IVO FAVARO,2026-10-31,12,27.6,12
TRIBUNAL DE JUSTIÇA,GABINETE DES. JEOVA SARDINHA DE MORAES,2025-11-30,12,53.02,1
TRIBUNAL DE JUSTIÇA,GABINETE DES. JEOVA SARDINHA DE MORAES,2025-12-31,12,55.6,2
TRIBUNAL DE JUSTIÇA,GABINETE DES. JEOVA SARDINHA DE MORAES,2026-01-31,12,58.17,3
TRIBUNAL DE JUSTIÇA,GABINETE DES. JEOVA SARDINHA DE MORAES,2026-02-28,12,60.5,4
TRIBUNAL DE JUSTIÇA,GABINETE DES. JEOVA SARDINHA DE MORAES,2026-03-31,12,63.08,5
TRIBUNAL DE JUSTIÇA,GABINETE DES. JEOVA SARDINHA DE MORAES,2026-04-30,12,65.57,6
TRIBUNAL DE JUSTIÇA,GABINETE DES. JEOVA SARDINHA DE MORAES,2026-05-31,12,68.15,7
TRIBUNAL DE JUSTIÇA,GABINETE DES. JEOVA SARDINHA DE MORAES,2026-06-30,12,70.65,8
TRIBUNAL DE JUSTIÇA,GABINETE DES. JEOVA SARDINHA DE MORAES,2026-07-31,12,73.22,9
TRIBUNAL DE JUSTIÇA,GABINETE DES. JEOVA SARDINHA DE MORAES,2026-08-31,12,75.8,10
TRIBUNAL DE JUSTIÇA,GABINETE DES. JEOVA SARDINHA DE MORAES,2026-09-30,12,78.3,11
TRIBUNAL DE JUSTIÇA,GABINETE DES. JEOVA SARDINHA DE MORAES,2026-10-31,12,80.87,12
TRIBUNAL DE JUSTIÇA,GABINETE DES. JERONYMO PEDRO VILLAS BOAS,2025-11-30,12,30.72,1
TRIBUNAL DE JUSTIÇA,GABINETE DES. JERONYMO PEDRO VILLAS BOAS,2025-12-31,12,31.32,2
TRIBUNAL DE JUSTIÇA,GABINETE DES. JERONYMO PEDRO VILLAS BOAS,2026-01-31,12,31.92,3
TRIBUNAL DE JUSTIÇA,GABINETE DES. JERONYMO PEDRO VILLAS BOAS,2026-02-28,12,32.46,4
TRIBUNAL DE JUSTIÇA,GABINETE DES. JERONYMO PEDRO VILLAS BOAS,2026-03-31,12,33.06,5
TRIBUNAL DE JUSTIÇA,GABINETE DES. JERONYMO PEDRO VILLAS BOAS,2026-04-30,12,33.64,6
TRIBUNAL DE JUSTIÇA,GABINETE DES. JERONYMO PEDRO VILLAS BOAS,2026-05-31,12,34.23,7
TRIBUNAL DE JUSTIÇA,GABINETE DES. JERONYMO PEDRO VILLAS BOAS,2026-06-30,12,34.81,8
TRIBUNAL DE JUSTIÇA,GABINETE DES. JERONYMO PEDRO VILLAS BOAS,2026-07-31,12,35.41,9
TRIBUNAL DE JUSTIÇA,GABINETE DES. JERONYMO PEDRO VILLAS BOAS,2026-08-31,12,36.01,10
TRIBUNAL DE JUSTIÇA,GABINETE DES. JERONYMO PEDRO VILLAS BOAS,2026-09-30,12,36.59,11
TRIBUNAL DE JUSTIÇA,GABINETE DES. JERONYMO PEDRO VILLAS BOAS,2026-10-31,12,37.19,12
TRIBUNAL DE JUSTIÇA,GABINETE DES. JOSÉ CARLOS DUARTE,2025-11-30,12,11.45,1
TRIBUNAL DE JUSTIÇA,GABINETE DES. JOSÉ CARLOS DUARTE,2025-12-31,12,11.54,2
TRIBUNAL DE JUSTIÇA,GABINETE DES. JOSÉ CARLOS DUARTE,2026-01-31,12,11.63,3
TRIBUNAL DE JUSTIÇA,GABINETE DES. JOSÉ CARLOS DUARTE,2026-02-28,12,11.72,4
TRIBUNAL DE JUSTIÇA,GABINETE DES. JOSÉ CARLOS DUARTE,2026-03-31,12,11.81,5
TRIBUNAL DE JUSTIÇA,GABINETE DES. JOSÉ CARLOS DUARTE,2026-04-30,12,11.9,6
TRIBUNAL DE JUSTIÇA,GABINETE DES. JOSÉ CARLOS DUARTE,2026-05-31,12,12.0,7
TRIBUNAL DE JUSTIÇA,GABINETE DES. JOSÉ CARLOS DUARTE,2026-06-30,12,12.09,8
TRIBUNAL DE JUSTIÇA,GABINETE DES. JOSÉ CARLOS DUARTE,2026-07-31,12,12.18,9
TRIBUNAL DE JUSTIÇA,GABINETE DES. JOSÉ CARLOS DUARTE,2026-08-31,12,12.28,10
TRIBUNAL DE JUSTIÇA,GABINETE DES. JOSÉ CARLOS DUARTE,2026-09-30,12,12.37,11
TRIBUNAL DE JUSTIÇA,GABINETE DES. JOSÉ CARLOS DUARTE,2026-10-31,12,12.46,12
TRIBUNAL DE JUSTIÇA,GABINETE DES. JOSÉ PAGANUCCI JÚNIOR,2025-11-30,12,6.9,1
TRIBUNAL DE JUSTIÇA,GABINETE DES. JOSÉ PAGANUCCI JÚNIOR,2025-12-31,12,7.08,2
TRIBUNAL DE JUSTIÇA,GABINETE DES. JOSÉ PAGANUCCI JÚNIOR,2026-01-31,12,7.27,3
TRIBUNAL DE JUSTIÇA,GABINETE DES. JOSÉ PAGANUCCI JÚNIOR,2026-02-28,12,7.44,4
TRIBUNAL DE JUSTIÇA,GABINETE DES. JOSÉ PAGANUCCI JÚNIOR,2026-03-31,12,7.63,5
TRIBUNAL DE JUSTIÇA,GABINETE DES. JOSÉ PAGANUCCI JÚNIOR,2026-04-30,12,7.82,6
TRIBUNAL DE JUSTIÇA,GABINETE DES. JOSÉ PAGANUCCI JÚNIOR,2026-05-31,12,8.01,7
TRIBUNAL DE JUSTIÇA,GABINETE DES. JOSÉ PAGANUCCI JÚNIOR,2026-06-30,12,8.19,8
TRIBUNAL DE JUSTIÇA,GABINETE DES. JOSÉ PAGANUCCI JÚNIOR,2026-07-31,12,8.38,9
TRIBUNAL DE JUSTIÇA,GABINETE DES. JOSÉ PAGANUCCI JÚNIOR,2026-08-31,12,8.57,10
TRIBUNAL DE JUSTIÇA,GABINETE DES. JOSÉ PAGANUCCI JÚNIOR,2026-09-30,12,8.75,11
TRIBUNAL DE JUSTIÇA,GABINETE DES. JOSÉ PAGANUCCI JÚNIOR,2026-10-31,12,8.94,12
TRIBUNAL DE JUSTIÇA,GABINETE DES. JOSÉ PROTO DE OLIVEIRA,2025-11-30,12,23.91,1
TRIBUNAL DE JUSTIÇA,GABINETE DES. JOSÉ PROTO DE OLIVEIRA,2025-12-31,12,24.53,2
TRIBUNAL DE JUSTIÇA,GABINETE DES. JOSÉ PROTO DE OLIVEIRA,2026-01-31,12,25.15,3
TRIBUNAL DE JUSTIÇA,GABINETE DES. JOSÉ PROTO DE OLIVEIRA,2026-02-28,12,25.71,4
TRIBUNAL DE JUSTIÇA,GABINETE DES. JOSÉ PROTO DE OLIVEIRA,2026-03-31,12,26.33,5
TRIBUNAL DE JUSTIÇA,GABINETE DES. JOSÉ PROTO DE OLIVEIRA,2026-04-30,12,26.92,6
TRIBUNAL DE JUSTIÇA,GABINETE DES. JOSÉ PROTO DE OLIVEIRA,2026-05-31,12,27.54,7
TRIBUNAL DE JUSTIÇA,GABINETE DES. JOSÉ PROTO DE OLIVEIRA,2026-06-30,12,28.14,8
TRIBUNAL DE JUSTIÇA,GABINETE DES. JOSÉ PROTO DE OLIVEIRA,2026-07-31,12,28.76,9
TRIBUNAL DE JUSTIÇA,GABINETE DES. JOSÉ PROTO DE OLIVEIRA,2026-08-31,12,29.38,10
TRIBUNAL DE JUSTIÇA,GABINETE DES. JOSÉ PROTO DE OLIVEIRA,2026-09-30,12,29.98,11
TRIBUNAL DE JUSTIÇA,GABINETE DES. JOSÉ PROTO DE OLIVEIRA,2026-10-31,12,30.59,12
TRIBUNAL DE JUSTIÇA,GABINETE DES. JOSÉ RICARDO MARCOS MACHADO,2025-11-30,12,24.87,1
TRIBUNAL DE JUSTIÇA,GABINETE DES. JOSÉ RICARDO MARCOS MACHADO,2025-12-31,12,26.05,2
TRIBUNAL DE JUSTIÇA,GABINETE DES. JOSÉ RICARDO MARCOS MACHADO,2026-01-31,12,27.22,3
TRIBUNAL DE JUSTIÇA,GABINETE DES. JOSÉ RICARDO MARCOS MACHADO,2026-02-28,12,28.29,4
TRIBUNAL DE JUSTIÇA,GABINETE DES. JOSÉ RICARDO MARCOS MACHADO,2026-03-31,12,29.47,5
TRIBUNAL DE JUSTIÇA,GABINETE DES. JOSÉ RICARDO MARCOS MACHADO,2026-04-30,12,30.6,6
TRIBUNAL DE JUSTIÇA,GABINETE DES. JOSÉ RICARDO MARCOS MACHADO,2026-05-31,12,31.78,7
TRIBUNAL DE JUSTIÇA,GABINETE DES. JOSÉ RICARDO MARCOS MACHADO,2026-06-30,12,32.92,8
TRIBUNAL DE JUSTIÇA,GABINETE DES. JOSÉ RICARDO MARCOS MACHADO,2026-07-31,12,34.1,9
TRIBUNAL DE JUSTIÇA,GABINETE DES. JOSÉ RICARDO MARCOS MACHADO,2026-08-31,12,35.27,10
TRIBUNAL DE JUSTIÇA,GABINETE DES. JOSÉ RICARDO MARCOS MACHADO,2026-09-30,12,36.41,11
TRIBUNAL DE JUSTIÇA,GABINETE DES. JOSÉ RICARDO MARCOS MACHADO,2026-10-31,12,37.59,12
TRIBUNAL DE JUSTIÇA,GABINETE DES. KISLEU DIAS MACIEL FILHO,2025-11-30,12,49.55,1
TRIBUNAL DE JUSTIÇA,GABINETE DES. KISLEU DIAS MACIEL FILHO,2025-12-31,12,50.87,2
TRIBUNAL DE JUSTIÇA,GABINETE DES. KISLEU DIAS MACIEL FILHO,2026-01-31,12,52.19,3
TRIBUNAL DE JUSTIÇA,GABINETE DES. KISLEU DIAS MACIEL FILHO,2026-02-28,12,53.38,4
TRIBUNAL DE JUSTIÇA,GABINETE DES. KISLEU DIAS MACIEL FILHO,2026-03-31,12,54.7,5
TRIBUNAL DE JUSTIÇA,GABINETE DES. KISLEU DIAS MACIEL FILHO,2026-04-30,12,55.98,6
TRIBUNAL DE JUSTIÇA,GABINETE DES. KISLEU DIAS MACIEL FILHO,2026-05-31,12,57.3,7
TRIBUNAL DE JUSTIÇA,GABINETE DES. KISLEU DIAS MACIEL FILHO,2026-06-30,12,58.57,8
TRIBUNAL DE JUSTIÇA,GABINETE DES. KISLEU DIAS MACIEL FILHO,2026-07-31,12,59.89,9
TRIBUNAL DE JUSTIÇA,GABINETE DES. KISLEU DIAS MACIEL FILHO,2026-08-31,12,61.21,10
TRIBUNAL DE JUSTIÇA,GABINETE DES. KISLEU DIAS MACIEL FILHO,2026-09-30,12,62.49,11
TRIBUNAL DE JUSTIÇA,GABINETE DES. KISLEU DIAS MACIEL FILHO,2026-10-31,12,63.81,12
TRIBUNAL DE JUSTIÇA,GABINETE DES. LUIZ CLAUDIO VEIGA BRAGA,2025-11-30,12,12.8,1
TRIBUNAL DE JUSTIÇA,GABINETE DES. LUIZ CLAUDIO VEIGA BRAGA,2025-12-31,12,13.16,2
TRIBUNAL DE JUSTIÇA,GABINETE DES. LUIZ CLAUDIO VEIGA BRAGA,2026-01-31,12,13.51,3
TRIBUNAL DE JUSTIÇA,GABINETE DES. LUIZ CLAUDIO VEIGA BRAGA,2026-02-28,12,13.83,4
TRIBUNAL DE JUSTIÇA,GABINETE DES. LUIZ CLAUDIO VEIGA BRAGA,2026-03-31,12,14.19,5
TRIBUNAL DE JUSTIÇA,GABINETE DES. LUIZ CLAUDIO VEIGA BRAGA,2026-04-30,12,14.53,6
TRIBUNAL DE JUSTIÇA,GABINETE DES. LUIZ CLAUDIO VEIGA BRAGA,2026-05-31,12,14.89,7
TRIBUNAL DE JUSTIÇA,GABINETE DES. LUIZ CLAUDIO VEIGA BRAGA,2026-06-30,12,15.23,8
TRIBUNAL DE JUSTIÇA,GABINETE DES. LUIZ CLAUDIO VEIGA BRAGA,2026-07-31,12,15.58,9
TRIBUNAL DE JUSTIÇA,GABINETE DES. LUIZ CLAUDIO VEIGA BRAGA,2026-08-31,12,15.94,10
TRIBUNAL DE JUSTIÇA,GABINETE DES. LUIZ CLAUDIO VEIGA BRAGA,2026-09-30,12,16.28,11
TRIBUNAL DE JUSTIÇA,GABINETE DES. LUIZ CLAUDIO VEIGA BRAGA,2026-10-31,12,16.64,12
TRIBUNAL DE JUSTIÇA,GABINETE DES. LUIZ EDUARDO DE SOUSA,2025-11-30,12,38.03,1
TRIBUNAL DE JUSTIÇA,GABINETE DES. LUIZ EDUARDO DE SOUSA,2025-12-31,12,39.57,2
TRIBUNAL DE JUSTIÇA,GABINETE DES. LUIZ EDUARDO DE SOUSA,2026-01-31,12,41.12,3
TRIBUNAL DE JUSTIÇA,GABINETE DES. LUIZ EDUARDO DE SOUSA,2026-02-28,12,42.52,4
TRIBUNAL DE JUSTIÇA,GABINETE DES. LUIZ EDUARDO DE SOUSA,2026-03-31,12,44.07,5
TRIBUNAL DE JUSTIÇA,GABINETE DES. LUIZ EDUARDO DE SOUSA,2026-04-30,12,45.56,6
TRIBUNAL DE JUSTIÇA,GABINETE DES. LUIZ EDUARDO DE SOUSA,2026-05-31,12,47.11,7
TRIBUNAL DE JUSTIÇA,GABINETE DES. LUIZ EDUARDO DE SOUSA,2026-06-30,12,48.61,8
TRIBUNAL DE JUSTIÇA,GABINETE DES. LUIZ EDUARDO DE SOUSA,2026-07-31,12,50.15,9
TRIBUNAL DE JUSTIÇA,GABINETE DES. LUIZ EDUARDO DE SOUSA,2026-08-31,12,51.7,10
TRIBUNAL DE JUSTIÇA,GABINETE DES. LUIZ EDUARDO DE SOUSA,2026-09-30,12,53.2,11
TRIBUNAL DE JUSTIÇA,GABINETE DES. LUIZ EDUARDO DE SOUSA,2026-10-31,12,54.74,12
TRIBUNAL DE JUSTIÇA,GABINETE DES. MAURÍCIO PORFÍRIO ROSA,2025-11-30,12,18.24,1
TRIBUNAL DE JUSTIÇA,GABINETE DES. MAURÍCIO PORFÍRIO ROSA,2025-12-31,12,18.74,2
TRIBUNAL DE JUSTIÇA,GABINETE DES. MAURÍCIO PORFÍRIO ROSA,2026-01-31,12,19.23,3
TRIBUNAL DE JUSTIÇA,GABINETE DES. MAURÍCIO PORFÍRIO ROSA,2026-02-28,12,19.68,4
TRIBUNAL DE JUSTIÇA,GABINETE DES. MAURÍCIO PORFÍRIO ROSA,2026-03-31,12,20.18,5
TRIBUNAL DE JUSTIÇA,GABINETE DES. MAURÍCIO PORFÍRIO ROSA,2026-04-30,12,20.66,6
TRIBUNAL DE JUSTIÇA,GABINETE DES. MAURÍCIO PORFÍRIO ROSA,2026-05-31,12,21.16,7
TRIBUNAL DE JUSTIÇA,GABINETE DES. MAURÍCIO PORFÍRIO ROSA,2026-06-30,12,21.64,8
TRIBUNAL DE JUSTIÇA,GABINETE DES. MAURÍCIO PORFÍRIO ROSA,2026-07-31,12,22.14,9
TRIBUNAL DE JUSTIÇA,GABINETE DES. MAURÍCIO PORFÍRIO ROSA,2026-08-31,12,22.64,10
TRIBUNAL DE JUSTIÇA,GABINETE DES. MAURÍCIO PORFÍRIO ROSA,2026-09-30,12,23.12,11
TRIBUNAL DE JUSTIÇA,GABINETE DES. MAURÍCIO PORFÍRIO ROSA,2026-10-31,12,23.62,12
TRIBUNAL DE JUSTIÇA,GABINETE DES. MURILO VIEIRA DE FARIA,2025-11-30,12,44.41,1
TRIBUNAL DE JUSTIÇA,GABINETE DES. MURILO VIEIRA DE FARIA,2025-12-31,12,45.4,2
TRIBUNAL DE JUSTIÇA,GABINETE DES. MURILO VIEIRA DE FARIA,2026-01-31,12,46.39,3
TRIBUNAL DE JUSTIÇA,GABINETE DES. MURILO VIEIRA DE FARIA,2026-02-28,12,47.29,4
TRIBUNAL DE JUSTIÇA,GABINETE DES. MURILO VIEIRA DE FARIA,2026-03-31,12,48.28,5
TRIBUNAL DE JUSTIÇA,GABINETE DES. MURILO VIEIRA DE FARIA,2026-04-30,12,49.24,6
TRIBUNAL DE JUSTIÇA,GABINETE DES. MURILO VIEIRA DE FARIA,2026-05-31,12,50.23,7
TRIBUNAL DE JUSTIÇA,GABINETE DES. MURILO VIEIRA DE FARIA,2026-06-30,12,51.19,8
TRIBUNAL DE JUSTIÇA,GABINETE DES. MURILO VIEIRA DE FARIA,2026-07-31,12,52.18,9
TRIBUNAL DE JUSTIÇA,GABINETE DES. MURILO VIEIRA DE FARIA,2026-08-31,12,53.18,10
TRIBUNAL DE JUSTIÇA,GABINETE DES. MURILO VIEIRA DE FARIA,2026-09-30,12,54.14,11
TRIBUNAL DE JUSTIÇA,GABINETE DES. MURILO VIEIRA DE FARIA,2026-10-31,12,55.13,12
TRIBUNAL DE JUSTIÇA,GABINETE DES. OSCAR DE OLIVEIRA SÁ NETO,2025-11-30,12,14.03,1
TRIBUNAL DE JUSTIÇA,GABINETE DES. OSCAR DE OLIVEIRA SÁ NETO,2025-12-31,12,14.46,2
TRIBUNAL DE JUSTIÇA,GABINETE DES. OSCAR DE OLIVEIRA SÁ NETO,2026-01-31,12,14.89,3
TRIBUNAL DE JUSTIÇA,GABINETE DES. OSCAR DE OLIVEIRA SÁ NETO,2026-02-28,12,15.28,4
TRIBUNAL DE JUSTIÇA,GABINETE DES. OSCAR DE OLIVEIRA SÁ NETO,2026-03-31,12,15.72,5
TRIBUNAL DE JUSTIÇA,GABINETE DES. OSCAR DE OLIVEIRA SÁ NETO,2026-04-30,12,16.14,6
TRIBUNAL DE JUSTIÇA,GABINETE DES. OSCAR DE OLIVEIRA SÁ NETO,2026-05-31,12,16.57,7
TRIBUNAL DE JUSTIÇA,GABINETE DES. OSCAR DE OLIVEIRA SÁ NETO,2026-06-30,12,16.99,8
TRIBUNAL DE JUSTIÇA,GABINETE DES. OSCAR DE OLIVEIRA SÁ NETO,2026-07-31,12,17.42,9
TRIBUNAL DE JUSTIÇA,GABINETE DES. OSCAR DE OLIVEIRA SÁ NETO,2026-08-31,12,17.86,10
TRIBUNAL DE JUSTIÇA,GABINETE DES. OSCAR DE OLIVEIRA SÁ NETO,2026-09-30,12,18.27,11
TRIBUNAL DE JUSTIÇA,GABINETE DES. OSCAR DE OLIVEIRA SÁ NETO,2026-10-31,12,18.71,12
TRIBUNAL DE JUSTIÇA,GABINETE DES. PAULO CÉSAR ALVES DAS NEVES,2025-11-30,12,20.41,1
TRIBUNAL DE JUSTIÇA,GABINETE DES. PAULO CÉSAR ALVES DAS NEVES,2025-12-31,12,21.32,2
TRIBUNAL DE JUSTIÇA,GABINETE DES. PAULO CÉSAR ALVES DAS NEVES,2026-01-31,12,22.24,3
TRIBUNAL DE JUSTIÇA,GABINETE DES. PAULO CÉSAR ALVES DAS NEVES,2026-02-28,12,23.07,4
TRIBUNAL DE JUSTIÇA,GABINETE DES. PAULO CÉSAR ALVES DAS NEVES,2026-03-31,12,23.98,5
TRIBUNAL DE JUSTIÇA,GABINETE DES. PAULO CÉSAR ALVES DAS NEVES,2026-04-30,12,24.87,6
TRIBUNAL DE JUSTIÇA,GABINETE DES. PAULO CÉSAR ALVES DAS NEVES,2026-05-31,12,25.78,7
TRIBUNAL DE JUSTIÇA,GABINETE DES. PAULO CÉSAR ALVES DAS NEVES,2026-06-30,12,26.67,8
TRIBUNAL DE JUSTIÇA,GABINETE DES. PAULO CÉSAR ALVES DAS NEVES,2026-07-31,12,27.58,9
TRIBUNAL DE JUSTIÇA,GABINETE DES. PAULO CÉSAR ALVES DAS NEVES,2026-08-31,12,28.5,10
TRIBUNAL DE JUSTIÇA,GABINETE DES. PAULO CÉSAR ALVES DAS NEVES,2026-09-30,12,29.39,11
TRIBUNAL DE JUSTIÇA,GABINETE DES. PAULO CÉSAR ALVES DAS NEVES,2026-10-31,12,30.3,12
TRIBUNAL DE JUSTIÇA,GABINETE DES. REINALDO ALVES FERREIRA,2025-11-30,12,9.7,1
TRIBUNAL DE JUSTIÇA,GABINETE DES. REINALDO ALVES FERREIRA,2025-12-31,12,9.8,2
TRIBUNAL DE JUSTIÇA,GABINETE DES. REINALDO ALVES FERREIRA,2026-01-31,12,9.89,3
TRIBUNAL DE JUSTIÇA,GABINETE DES. REINALDO ALVES FERREIRA,2026-02-28,12,9.97,4
TRIBUNAL DE JUSTIÇA,GABINETE DES. REINALDO ALVES FERREIRA,2026-03-31,12,10.07,5
TRIBUNAL DE JUSTIÇA,GABINETE DES. REINALDO ALVES FERREIRA,2026-04-30,12,10.16,6
TRIBUNAL DE JUSTIÇA,GABINETE DES. REINALDO ALVES FERREIRA,2026-05-31,12,10.25,7
TRIBUNAL DE JUSTIÇA,GABINETE DES. REINALDO ALVES FERREIRA,2026-06-30,12,10.34,8
TRIBUNAL DE JUSTIÇA,GABINETE DES. REINALDO ALVES FERREIRA,2026-07-31,12,10.44,9
TRIBUNAL DE JUSTIÇA,GABINETE DES. REINALDO ALVES FERREIRA,2026-08-31,12,10.53,10
TRIBUNAL DE JUSTIÇA,GABINETE DES. REINALDO ALVES FERREIRA,2026-09-30,12,10.62,11
TRIBUNAL DE JUSTIÇA,GABINETE DES. REINALDO ALVES FERREIRA,2026-10-31,12,10.72,12
TRIBUNAL DE JUSTIÇA,GABINETE DES. ROBERTO HORACIO REZENDE,2025-11-30,12,24.65,1
TRIBUNAL DE JUSTIÇA,GABINETE DES. ROBERTO HORACIO REZENDE,2025-12-31,12,25.4,2
TRIBUNAL DE JUSTIÇA,GABINETE DES. ROBERTO HORACIO REZENDE,2026-01-31,12,26.14,3
TRIBUNAL DE JUSTIÇA,GABINETE DES. ROBERTO HORACIO REZENDE,2026-02-28,12,26.81,4
TRIBUNAL DE JUSTIÇA,GABINETE DES. ROBERTO HORACIO REZENDE,2026-03-31,12,27.55,5
TRIBUNAL DE JUSTIÇA,GABINETE DES. ROBERTO HORACIO REZENDE,2026-04-30,12,28.27,6
TRIBUNAL DE JUSTIÇA,GABINETE DES. ROBERTO HORACIO REZENDE,2026-05-31,12,29.01,7
TRIBUNAL DE JUSTIÇA,GABINETE DES. ROBERTO HORACIO REZENDE,2026-06-30,12,29.73,8
TRIBUNAL DE JUSTIÇA,GABINETE DES. ROBERTO HORACIO REZENDE,2026-07-31,12,30.47,9
TRIBUNAL DE JUSTIÇA,GABINETE DES. ROBERTO HORACIO REZENDE,2026-08-31,12,31.21,10
TRIBUNAL DE JUSTIÇA,GABINETE DES. ROBERTO HORACIO REZENDE,2026-09-30,12,31.93,11
TRIBUNAL DE JUSTIÇA,GABINETE DES. ROBERTO HORACIO REZENDE,2026-10-31,12,32.67,12
TRIBUNAL DE JUSTIÇA,GABINETE DES. RODRIGO DE SILVEIRA,2025-11-30,12,38.43,1
TRIBUNAL DE JUSTIÇA,GABINETE DES. RODRIGO DE SILVEIRA,2025-12-31,12,39.19,2
TRIBUNAL DE JUSTIÇA,GABINETE DES. RODRIGO DE SILVEIRA,2026-01-31,12,39.95,3
TRIBUNAL DE JUSTIÇA,GABINETE DES. RODRIGO DE SILVEIRA,2026-02-28,12,40.64,4
TRIBUNAL DE JUSTIÇA,GABINETE DES. RODRIGO DE SILVEIRA,2026-03-31,12,41.4,5
TRIBUNAL DE JUSTIÇA,GABINETE DES. RODRIGO DE SILVEIRA,2026-04-30,12,42.14,6
TRIBUNAL DE JUSTIÇA,GABINETE DES. RODRIGO DE SILVEIRA,2026-05-31,12,42.9,7
TRIBUNAL DE JUSTIÇA,GABINETE DES. RODRIGO DE SILVEIRA,2026-06-30,12,43.64,8
TRIBUNAL DE JUSTIÇA,GABINETE DES. RODRIGO DE SILVEIRA,2026-07-31,12,44.4,9
TRIBUNAL DE JUSTIÇA,GABINETE DES. RODRIGO DE SILVEIRA,2026-08-31,12,45.16,10
TRIBUNAL DE JUSTIÇA,GABINETE DES. RODRIGO DE SILVEIRA,2026-09-30,12,45.9,11
TRIBUNAL DE JUSTIÇA,GABINETE DES. RODRIGO DE SILVEIRA,2026-10-31,12,46.66,12
TRIBUNAL DE JUSTIÇA,GABINETE DES. RONNIE PAES SANDRE,2025-11-30,12,19.28,1
TRIBUNAL DE JUSTIÇA,GABINETE DES. RONNIE PAES SANDRE,2025-12-31,12,20.13,2
TRIBUNAL DE JUSTIÇA,GABINETE DES. RONNIE PAES SANDRE,2026-01-31,12,20.97,3
TRIBUNAL DE JUSTIÇA,GABINETE DES. RONNIE PAES SANDRE,2026-02-28,12,21.74,4
TRIBUNAL DE JUSTIÇA,GABINETE DES. RONNIE PAES SANDRE,2026-03-31,12,22.58,5
TRIBUNAL DE JUSTIÇA,GABINETE DES. RONNIE PAES SANDRE,2026-04-30,12,23.4,6
TRIBUNAL DE JUSTIÇA,GABINETE DES. RONNIE PAES SANDRE,2026-05-31,12,24.25,7
TRIBUNAL DE JUSTIÇA,GABINETE DES. RONNIE PAES SANDRE,2026-06-30,12,25.07,8
TRIBUNAL DE JUSTIÇA,GABINETE DES. RONNIE PAES SANDRE,2026-07-31,12,25.91,9
TRIBUNAL DE JUSTIÇA,GABINETE DES. RONNIE PAES SANDRE,2026-08-31,12,26.76,10
TRIBUNAL DE JUSTIÇA,GABINETE DES. RONNIE PAES SANDRE,2026-09-30,12,27.58,11
TRIBUNAL DE JUSTIÇA,GABINETE DES. RONNIE PAES SANDRE,2026-10-31,12,28.42,12
TRIBUNAL DE JUSTIÇA,GABINETE DES. SEBASTIAO LUIZ FLEURY,2025-11-30,12,19.23,1
TRIBUNAL DE JUSTIÇA,GABINETE DES. SEBASTIAO LUIZ FLEURY,2025-12-31,12,19.36,2
TRIBUNAL DE JUSTIÇA,GABINETE DES. SEBASTIAO LUIZ FLEURY,2026-01-31,12,19.5,3
TRIBUNAL DE JUSTIÇA,GABINETE DES. SEBASTIAO LUIZ FLEURY,2026-02-28,12,19.62,4
TRIBUNAL DE JUSTIÇA,GABINETE DES. SEBASTIAO LUIZ FLEURY,2026-03-31,12,19.76,5
TRIBUNAL DE JUSTIÇA,GABINETE DES. SEBASTIAO LUIZ FLEURY,2026-04-30,12,19.89,6
TRIBUNAL DE JUSTIÇA,GABINETE DES. SEBASTIAO LUIZ FLEURY,2026-05-31,12,20.02,7
TRIBUNAL DE JUSTIÇA,GABINETE DES. SEBASTIAO LUIZ FLEURY,2026-06-30,12,20.16,8
TRIBUNAL DE JUSTIÇA,GABINETE DES. SEBASTIAO LUIZ FLEURY,2026-07-31,12,20.29,9
TRIBUNAL DE JUSTIÇA,GABINETE DES. SEBASTIAO LUIZ FLEURY,2026-08-31,12,20.43,10
TRIBUNAL DE JUSTIÇA,GABINETE DES. SEBASTIAO LUIZ FLEURY,2026-09-30,12,20.56,11
TRIBUNAL DE JUSTIÇA,GABINETE DES. SEBASTIAO LUIZ FLEURY,2026-10-31,12,20.69,12
TRIBUNAL DE JUSTIÇA,GABINETE DES. SERGIO MENDONÇA DE ARAÚJO,2025-11-30,12,36.9,1
TRIBUNAL DE JUSTIÇA,GABINETE DES. SERGIO MENDONÇA DE ARAÚJO,2025-12-31,12,37.17,2
TRIBUNAL DE JUSTIÇA,GABINETE DES. SERGIO MENDONÇA DE ARAÚJO,2026-01-31,12,37.44,3
TRIBUNAL DE JUSTIÇA,GABINETE DES. SERGIO MENDONÇA DE ARAÚJO,2026-02-28,12,37.69,4
TRIBUNAL DE JUSTIÇA,GABINETE DES. SERGIO MENDONÇA DE ARAÚJO,2026-03-31,12,37.96,5
TRIBUNAL DE JUSTIÇA,GABINETE DES. SERGIO MENDONÇA DE ARAÚJO,2026-04-30,12,38.23,6
TRIBUNAL DE JUSTIÇA,GABINETE DES. SERGIO MENDONÇA DE ARAÚJO,2026-05-31,12,38.5,7
TRIBUNAL DE JUSTIÇA,GABINETE DES. SERGIO MENDONÇA DE ARAÚJO,2026-06-30,12,38.76,8
TRIBUNAL DE JUSTIÇA,GABINETE DES. SERGIO MENDONÇA DE ARAÚJO,2026-07-31,12,39.03,9
TRIBUNAL DE JUSTIÇA,GABINETE DES. SERGIO MENDONÇA DE ARAÚJO,2026-08-31,12,39.31,10
TRIBUNAL DE JUSTIÇA,GABINETE DES. SERGIO MENDONÇA DE ARAÚJO,2026-09-30,12,39.57,11
TRIBUNAL DE JUSTIÇA,GABINETE DES. SERGIO MENDONÇA DE ARAÚJO,2026-10-31,12,39.84,12
TRIBUNAL DE JUSTIÇA,GABINETE DES. SILVÂNIO DIVINO DE ALVARENGA,2025-11-30,12,28.26,1
TRIBUNAL DE JUSTIÇA,GABINETE DES. SILVÂNIO DIVINO DE ALVARENGA,2025-12-31,12,29.58,2
TRIBUNAL DE JUSTIÇA,GABINETE DES. SILVÂNIO DIVINO DE ALVARENGA,2026-01-31,12,30.91,3
TRIBUNAL DE JUSTIÇA,GABINETE DES. SILVÂNIO DIVINO DE ALVARENGA,2026-02-28,12,32.1,4
TRIBUNAL DE JUSTIÇA,GABINETE DES. SILVÂNIO DIVINO DE ALVARENGA,2026-03-31,12,33.42,5
TRIBUNAL DE JUSTIÇA,GABINETE DES. SILVÂNIO DIVINO DE ALVARENGA,2026-04-30,12,34.7,6
TRIBUNAL DE JUSTIÇA,GABINETE DES. SILVÂNIO DIVINO DE ALVARENGA,2026-05-31,12,36.02,7
TRIBUNAL DE JUSTIÇA,GABINETE DES. SILVÂNIO DIVINO DE ALVARENGA,2026-06-30,12,37.3,8
TRIBUNAL DE JUSTIÇA,GABINETE DES. SILVÂNIO DIVINO DE ALVARENGA,2026-07-31,12,38.63,9
TRIBUNAL DE JUSTIÇA,GABINETE DES. SILVÂNIO DIVINO DE ALVARENGA,2026-08-31,12,39.95,10
TRIBUNAL DE JUSTIÇA,GABINETE DES. SILVÂNIO DIVINO DE ALVARENGA,2026-09-30,12,41.23,11
TRIBUNAL DE JUSTIÇA,GABINETE DES. SILVÂNIO DIVINO DE ALVARENGA,2026-10-31,12,42.55,12
TRIBUNAL DE JUSTIÇA,GABINETE DES. SIVAL GUERRA PIRES,2025-11-30,12,18.82,1
TRIBUNAL DE JUSTIÇA,GABINETE DES. SIVAL GUERRA PIRES,2025-12-31,12,19.67,2
TRIBUNAL DE JUSTIÇA,GABINETE DES. SIVAL GUERRA PIRES,2026-01-31,12,20.52,3
TRIBUNAL DE JUSTIÇA,GABINETE DES. SIVAL GUERRA PIRES,2026-02-28,12,21.29,4
TRIBUNAL DE JUSTIÇA,GABINETE DES. SIVAL GUERRA PIRES,2026-03-31,12,22.15,5
TRIBUNAL DE JUSTIÇA,GABINETE DES. SIVAL GUERRA PIRES,2026-04-30,12,22.97,6
TRIBUNAL DE JUSTIÇA,GABINETE DES. SIVAL GUERRA PIRES,2026-05-31,12,23.82,7
TRIBUNAL DE JUSTIÇA,GABINETE DES. SIVAL GUERRA PIRES,2026-06-30,12,24.65,8
TRIBUNAL DE JUSTIÇA,GABINETE DES. SIVAL GUERRA PIRES,2026-07-31,12,25.5,9
TRIBUNAL DE JUSTIÇA,GABINETE DES. SIVAL GUERRA PIRES,2026-08-31,12,26.35,10
TRIBUNAL DE JUSTIÇA,GABINETE DES. SIVAL GUERRA PIRES,2026-09-30,12,27.17,11
TRIBUNAL DE JUSTIÇA,GABINETE DES. SIVAL GUERRA PIRES,2026-10-31,12,28.03,12
TRIBUNAL DE JUSTIÇA,GABINETE DES. VICENTE LOPES DA ROCHA JÚNIOR,2025-11-30,12,31.42,1
TRIBUNAL DE JUSTIÇA,GABINETE DES. VICENTE LOPES DA ROCHA JÚNIOR,2025-12-31,12,31.81,2
TRIBUNAL DE JUSTIÇA,GABINETE DES. VICENTE LOPES DA ROCHA JÚNIOR,2026-01-31,12,32.2,3
TRIBUNAL DE JUSTIÇA,GABINETE DES. VICENTE LOPES DA ROCHA JÚNIOR,2026-02-28,12,32.55,4
TRIBUNAL DE JUSTIÇA,GABINETE DES. VICENTE LOPES DA ROCHA JÚNIOR,2026-03-31,12,32.93,5
TRIBUNAL DE JUSTIÇA,GABINETE DES. VICENTE LOPES DA ROCHA JÚNIOR,2026-04-30,12,33.31,6
TRIBUNAL DE JUSTIÇA,GABINETE DES. VICENTE LOPES DA ROCHA JÚNIOR,2026-05-31,12,33.7,7
TRIBUNAL DE JUSTIÇA,GABINETE DES. VICENTE LOPES DA ROCHA JÚNIOR,2026-06-30,12,34.07,8
TRIBUNAL DE JUSTIÇA,GABINETE DES. VICENTE LOPES DA ROCHA JÚNIOR,2026-07-31,12,34.46,9
TRIBUNAL DE JUSTIÇA,GABINETE DES. VICENTE LOPES DA ROCHA JÚNIOR,2026-08-31,12,34.85,10
TRIBUNAL DE JUSTIÇA,GABINETE DES. VICENTE LOPES DA ROCHA JÚNIOR,2026-09-30,12,35.22,11
TRIBUNAL DE JUSTIÇA,GABINETE DES. VICENTE LOPES DA ROCHA JÚNIOR,2026-10-31,12,35.61,12
TRIBUNAL DE JUSTIÇA,GABINETE DES. WILD AFONSO OGAWA,2025-11-30,12,7.34,1
TRIBUNAL DE JUSTIÇA,GABINETE DES. WILD AFONSO OGAWA,2025-12-31,12,7.7,2
TRIBUNAL DE JUSTIÇA,GABINETE DES. WILD AFONSO OGAWA,2026-01-31,12,8.06,3
TRIBUNAL DE JUSTIÇA,GABINETE DES. WILD AFONSO OGAWA,2026-02-28,12,8.39,4
TRIBUNAL DE JUSTIÇA,GABINETE DES. WILD AFONSO OGAWA,2026-03-31,12,8.75,5
TRIBUNAL DE JUSTIÇA,GABINETE DES. WILD AFONSO OGAWA,2026-04-30,12,9.1,6
TRIBUNAL DE JUSTIÇA,GABINETE DES. WILD AFONSO OGAWA,2026-05-31,12,9.47,7
TRIBUNAL DE JUSTIÇA,GABINETE DES. WILD AFONSO OGAWA,2026-06-30,12,9.82,8
TRIBUNAL DE JUSTIÇA,GABINETE DES. WILD AFONSO OGAWA,2026-07-31,12,10.18,9
TRIBUNAL DE JUSTIÇA,GABINETE DES. WILD AFONSO OGAWA,2026-08-31,12,10.54,10
TRIBUNAL DE JUSTIÇA,GABINETE DES. WILD AFONSO OGAWA,2026-09-30,12,10.89,11
TRIBUNAL DE JUSTIÇA,GABINETE DES. WILD AFONSO OGAWA,2026-10-31,12,11.26,12
TRIBUNAL DE JUSTIÇA,GABINETE DES. WILLIAM COSTA MELLO,2025-11-30,12,17.25,1
TRIBUNAL DE JUSTIÇA,GABINETE DES. WILLIAM COSTA MELLO,2025-12-31,12,17.44,2
TRIBUNAL DE JUSTIÇA,GABINETE DES. WILLIAM COSTA MELLO,2026-01-31,12,17.62,3
TRIBUNAL DE JUSTIÇA,GABINETE DES. WILLIAM COSTA MELLO,2026-02-28,12,17.79,4
TRIBUNAL DE JUSTIÇA,GABINETE DES. WILLIAM COSTA MELLO,2026-03-31,12,17.98,5
TRIBUNAL DE JUSTIÇA,GABINETE DES. WILLIAM COSTA MELLO,2026-04-30,12,18.16,6
TRIBUNAL DE JUSTIÇA,GABINETE DES. WILLIAM COSTA MELLO,2026-05-31,12,18.35,7
TRIBUNAL DE JUSTIÇA,GABINETE DES. WILLIAM COSTA MELLO,2026-06-30,12,18.53,8
TRIBUNAL DE JUSTIÇA,GABINETE DES. WILLIAM COSTA MELLO,2026-07-31,12,18.71,9
TRIBUNAL DE JUSTIÇA,GABINETE DES. WILLIAM COSTA MELLO,2026-08-31,12,18.9,10
TRIBUNAL DE JUSTIÇA,GABINETE DES. WILLIAM COSTA MELLO,2026-09-30,12,19.08,11
TRIBUNAL DE JUSTIÇA,GABINETE DES. WILLIAM COSTA MELLO,2026-10-31,12,19.27,12
TRIBUNAL DE JUSTIÇA,GABINETE DES. WILSON DA SILVA DIAS,2025-11-30,12,5.72,1
TRIBUNAL DE JUSTIÇA,GABINETE DES. WILSON DA SILVA DIAS,2025-12-31,12,5.9,2
TRIBUNAL DE JUSTIÇA,GABINETE DES. WILSON DA SILVA DIAS,2026-01-31,12,6.07,3
TRIBUNAL DE JUSTIÇA,GABINETE DES. WILSON DA SILVA DIAS,2026-02-28,12,6.22,4
TRIBUNAL DE JUSTIÇA,GABINETE DES. WILSON DA SILVA DIAS,2026-03-31,12,6.39,5
TRIBUNAL DE JUSTIÇA,GABINETE DES. WILSON DA SILVA DIAS,2026-04-30,12,6.56,6
TRIBUNAL DE JUSTIÇA,GABINETE DES. WILSON DA SILVA DIAS,2026-05-31,12,6.73,7
TRIBUNAL DE JUSTIÇA,GABINETE DES. WILSON DA SILVA DIAS,2026-06-30,12,6.9,8
TRIBUNAL DE JUSTIÇA,GABINETE DES. WILSON DA SILVA DIAS,2026-07-31,12,7.07,9
TRIBUNAL DE JUSTIÇA,GABINETE DES. WILSON DA SILVA DIAS,2026-08-31,12,7.24,10
TRIBUNAL DE JUSTIÇA,GABINETE DES. WILSON DA SILVA DIAS,2026-09-30,12,7.41,11
TRIBUNAL DE JUSTIÇA,GABINETE DES. WILSON DA SILVA DIAS,2026-10-31,12,7.58,12
TRIBUNAL DE JUSTIÇA,GABINETE DES. WILSON SAFATLE FAIAD,2025-11-30,12,14.23,1
TRIBUNAL DE JUSTIÇA,GABINETE DES. WILSON SAFATLE FAIAD,2025-12-31,12,14.8,2
TRIBUNAL DE JUSTIÇA,GABINETE DES. WILSON SAFATLE FAIAD,2026-01-31,12,15.37,3
TRIBUNAL DE JUSTIÇA,GABINETE DES. WILSON SAFATLE FAIAD,2026-02-28,12,15.88,4
TRIBUNAL DE JUSTIÇA,GABINETE DES. WILSON SAFATLE FAIAD,2026-03-31,12,16.45,5
TRIBUNAL DE JUSTIÇA,GABINETE DES. WILSON SAFATLE FAIAD,2026-04-30,12,17.0,6
TRIBUNAL DE JUSTIÇA,GABINETE DES. WILSON SAFATLE FAIAD,2026-05-31,12,17.57,7
TRIBUNAL DE JUSTIÇA,GABINETE DES. WILSON SAFATLE FAIAD,2026-06-30,12,18.12,8
TRIBUNAL DE JUSTIÇA,GABINETE DES. WILSON SAFATLE FAIAD,2026-07-31,12,18.69,9
TRIBUNAL DE JUSTIÇA,GABINETE DES. WILSON SAFATLE FAIAD,2026-08-31,12,19.26,10
TRIBUNAL DE JUSTIÇA,GABINETE DES. WILSON SAFATLE FAIAD,2026-09-30,12,19.81,11
TRIBUNAL DE JUSTIÇA,GABINETE DES. WILSON SAFATLE FAIAD,2026-10-31,12,20.37,12
TRIBUNAL DE JUSTIÇA,GABINETE DES. WILTON MÜLLER SALOMÃO,2025-11-30,12,22.16,1
TRIBUNAL DE JUSTIÇA,GABINETE DES. WILTON MÜLLER SALOMÃO,2025-12-31,12,22.88,2
TRIBUNAL DE JUSTIÇA,GABINETE DES. WILTON MÜLLER SALOMÃO,2026-01-31,12,23.6,3
TRIBUNAL DE JUSTIÇA,GABINETE DES. WILTON MÜLLER SALOMÃO,2026-02-28,12,24.25,4
TRIBUNAL DE JUSTIÇA,GABINETE DES. WILTON MÜLLER SALOMÃO,2026-03-31,12,24.96,5
TRIBUNAL DE JUSTIÇA,GABINETE DES. WILTON MÜLLER SALOMÃO,2026-04-30,12,25.66,6
TRIBUNAL DE JUSTIÇA,GABINETE DES. WILTON MÜLLER SALOMÃO,2026-05-31,12,26.38,7
TRIBUNAL DE JUSTIÇA,GABINETE DES. WILTON MÜLLER SALOMÃO,2026-06-30,12,27.07,8
TRIBUNAL DE JUSTIÇA,GABINETE DES. WILTON MÜLLER SALOMÃO,2026-07-31,12,27.79,9
TRIBUNAL DE JUSTIÇA,GABINETE DES. WILTON MÜLLER SALOMÃO,2026-08-31,12,28.51,10
TRIBUNAL DE JUSTIÇA,GABINETE DES. WILTON MÜLLER SALOMÃO,2026-09-30,12,29.2,11
TRIBUNAL DE JUSTIÇA,GABINETE DES. WILTON MÜLLER SALOMÃO,2026-10-31,12,29.92,12
TRIBUNAL DE JUSTIÇA,GABINETE DES. ÁTILA NAVES AMARAL,2025-11-30,12,39.52,1
TRIBUNAL DE JUSTIÇA,GABINETE DES. ÁTILA NAVES AMARAL,2025-12-31,12,40.25,2
TRIBUNAL DE JUSTIÇA,GABINETE DES. ÁTILA NAVES AMARAL,2026-01-31,12,40.98,3
TRIBUNAL DE JUSTIÇA,GABINETE DES. ÁTILA NAVES AMARAL,2026-02-28,12,41.64,4
TRIBUNAL DE JUSTIÇA,GABINETE DES. ÁTILA NAVES AMARAL,2026-03-31,12,42.37,5
TRIBUNAL DE JUSTIÇA,GABINETE DES. ÁTILA NAVES AMARAL,2026-04-30,12,43.07,6
TRIBUNAL DE JUSTIÇA,GABINETE DES. ÁTILA NAVES AMARAL,2026-05-31,12,43.8,7
TRIBUNAL DE JUSTIÇA,GABINETE DES. ÁTILA NAVES AMARAL,2026-06-30,12,44.51,8
TRIBUNAL DE JUSTIÇA,GABINETE DES. ÁTILA NAVES AMARAL,2026-07-31,12,45.24,9
TRIBUNAL DE JUSTIÇA,GABINETE DES. ÁTILA NAVES AMARAL,2026-08-31,12,45.97,10
TRIBUNAL DE JUSTIÇA,GABINETE DES. ÁTILA NAVES AMARAL,2026-09-30,12,46.67,11
TRIBUNAL DE JUSTIÇA,GABINETE DES. ÁTILA NAVES AMARAL,2026-10-31,12,47.4,12
TRIBUNAL DE JUSTIÇA,GABINETE DESA ANA CRISTINA RIBEIRO PETERNELLA FRANÇA,2025-11-30,12,17.63,1
TRIBUNAL DE JUSTIÇA,GABINETE DESA ANA CRISTINA RIBEIRO PETERNELLA FRANÇA,2025-12-31,12,18.04,2
TRIBUNAL DE JUSTIÇA,GABINETE DESA ANA CRISTINA RIBEIRO PETERNELLA FRANÇA,2026-01-31,12,18.44,3
TRIBUNAL DE JUSTIÇA,GABINETE DESA ANA CRISTINA RIBEIRO PETERNELLA FRANÇA,2026-02-28,12,18.81,4
TRIBUNAL DE JUSTIÇA,GABINETE DESA ANA CRISTINA RIBEIRO PETERNELLA FRANÇA,2026-03-31,12,19.21,5
TRIBUNAL DE JUSTIÇA,GABINETE DESA ANA CRISTINA RIBEIRO PETERNELLA FRANÇA,2026-04-30,12,19.6,6
TRIBUNAL DE JUSTIÇA,GABINETE DESA ANA CRISTINA RIBEIRO PETERNELLA FRANÇA,2026-05-31,12,20.01,7
TRIBUNAL DE JUSTIÇA,GABINETE DESA ANA CRISTINA RIBEIRO PETERNELLA FRANÇA,2026-06-30,12,20.4,8
TRIBUNAL DE JUSTIÇA,GABINETE DESA ANA CRISTINA RIBEIRO PETERNELLA FRANÇA,2026-07-31,12,20.8,9
TRIBUNAL DE JUSTIÇA,GABINETE DESA ANA CRISTINA RIBEIRO PETERNELLA FRANÇA,2026-08-31,12,21.21,10
TRIBUNAL DE JUSTIÇA,GABINETE DESA ANA CRISTINA RIBEIRO PETERNELLA FRANÇA,2026-09-30,12,21.6,11
TRIBUNAL DE JUSTIÇA,GABINETE DESA ANA CRISTINA RIBEIRO PETERNELLA FRANÇA,2026-10-31,12,22.01,12
TRIBUNAL DE JUSTIÇA,GABINETE DESA BEATRIZ FIGUEIREDO FRANCO,2025-11-30,12,49.44,1
TRIBUNAL DE JUSTIÇA,GABINETE DESA BEATRIZ FIGUEIREDO FRANCO,2025-12-31,12,50.8,2
TRIBUNAL DE JUSTIÇA,GABINETE DESA BEATRIZ FIGUEIREDO FRANCO,2026-01-31,12,52.16,3
TRIBUNAL DE JUSTIÇA,GABINETE DESA BEATRIZ FIGUEIREDO FRANCO,2026-02-28,12,53.39,4
TRIBUNAL DE JUSTIÇA,GABINETE DESA BEATRIZ FIGUEIREDO FRANCO,2026-03-31,12,54.76,5
TRIBUNAL DE JUSTIÇA,GABINETE DESA BEATRIZ FIGUEIREDO FRANCO,2026-04-30,12,56.07,6
TRIBUNAL DE JUSTIÇA,GABINETE DESA BEATRIZ FIGUEIREDO FRANCO,2026-05-31,12,57.44,7
TRIBUNAL DE JUSTIÇA,GABINETE DESA BEATRIZ FIGUEIREDO FRANCO,2026-06-30,12,58.75,8
TRIBUNAL DE JUSTIÇA,GABINETE DESA BEATRIZ FIGUEIREDO FRANCO,2026-07-31,12,60.12,9
TRIBUNAL DE JUSTIÇA,GABINETE DESA BEATRIZ FIGUEIREDO FRANCO,2026-08-31,12,61.48,10
TRIBUNAL DE JUSTIÇA,GABINETE DESA BEATRIZ FIGUEIREDO FRANCO,2026-09-30,12,62.8,11
TRIBUNAL DE JUSTIÇA,GABINETE DESA BEATRIZ FIGUEIREDO FRANCO,2026-10-31,12,64.16,12
TRIBUNAL DE JUSTIÇA,GABINETE DESA CAMILA NINA ERBETTA NASCIMENTO,2025-11-30,12,28.0,1
TRIBUNAL DE JUSTIÇA,GABINETE DESA CAMILA NINA ERBETTA NASCIMENTO,2025-12-31,12,29.26,2
TRIBUNAL DE JUSTIÇA,GABINETE DESA CAMILA NINA ERBETTA NASCIMENTO,2026-01-31,12,30.52,3
TRIBUNAL DE JUSTIÇA,GABINETE DESA CAMILA NINA ERBETTA NASCIMENTO,2026-02-28,12,31.66,4
TRIBUNAL DE JUSTIÇA,GABINETE DESA CAMILA NINA ERBETTA NASCIMENTO,2026-03-31,12,32.92,5
TRIBUNAL DE JUSTIÇA,GABINETE DESA CAMILA NINA ERBETTA NASCIMENTO,2026-04-30,12,34.14,6
TRIBUNAL DE JUSTIÇA,GABINETE DESA CAMILA NINA ERBETTA NASCIMENTO,2026-05-31,12,35.4,7
TRIBUNAL DE JUSTIÇA,GABINETE DESA CAMILA NINA ERBETTA NASCIMENTO,2026-06-30,12,36.62,8
TRIBUNAL DE JUSTIÇA,GABINETE DESA CAMILA NINA ERBETTA NASCIMENTO,2026-07-31,12,37.88,9
TRIBUNAL DE JUSTIÇA,GABINETE DESA CAMILA NINA ERBETTA NASCIMENTO,2026-08-31,12,39.14,10
TRIBUNAL DE JUSTIÇA,GABINETE DESA CAMILA NINA ERBETTA NASCIMENTO,2026-09-30,12,40.37,11
TRIBUNAL DE JUSTIÇA,GABINETE DESA CAMILA NINA ERBETTA NASCIMENTO,2026-10-31,12,41.63,12
TRIBUNAL DE JUSTIÇA,GABINETE DESA DORACI LAMAR ROSA DA SILVA ANDRADE,2025-11-30,12,40.17,1
TRIBUNAL DE JUSTIÇA,GABINETE DESA DORACI LAMAR ROSA DA SILVA ANDRADE,2025-12-31,12,40.47,2
TRIBUNAL DE JUSTIÇA,GABINETE DESA DORACI LAMAR ROSA DA SILVA ANDRADE,2026-01-31,12,40.76,3
TRIBUNAL DE JUSTIÇA,GABINETE DESA DORACI LAMAR ROSA DA SILVA ANDRADE,2026-02-28,12,41.03,4
TRIBUNAL DE JUSTIÇA,GABINETE DESA DORACI LAMAR ROSA DA SILVA ANDRADE,2026-03-31,12,41.32,5
TRIBUNAL DE JUSTIÇA,GABINETE DESA DORACI LAMAR ROSA DA SILVA ANDRADE,2026-04-30,12,41.61,6
TRIBUNAL DE JUSTIÇA,GABINETE DESA DORACI LAMAR ROSA DA SILVA ANDRADE,2026-05-31,12,41.91,7
TRIBUNAL DE JUSTIÇA,GABINETE DESA DORACI LAMAR ROSA DA SILVA ANDRADE,2026-06-30,12,42.19,8
TRIBUNAL DE JUSTIÇA,GABINETE DESA DORACI LAMAR ROSA DA SILVA ANDRADE,2026-07-31,12,42.49,9
TRIBUNAL DE JUSTIÇA,GABINETE DESA DORACI LAMAR ROSA DA SILVA ANDRADE,2026-08-31,12,42.78,10
TRIBUNAL DE JUSTIÇA,GABINETE DESA DORACI LAMAR ROSA DA SILVA ANDRADE,2026-09-30,12,43.07,11
TRIBUNAL DE JUSTIÇA,GABINETE DESA DORACI LAMAR ROSA DA SILVA ANDRADE,2026-10-31,12,43.36,12
TRIBUNAL DE JUSTIÇA,GABINETE DESA ELIZABETH MARIA DA SILVA,2025-11-30,12,39.53,1
TRIBUNAL DE JUSTIÇA,GABINETE DESA ELIZABETH MARIA DA SILVA,2025-12-31,12,40.36,2
TRIBUNAL DE JUSTIÇA,GABINETE DESA ELIZABETH MARIA DA SILVA,2026-01-31,12,41.18,3
TRIBUNAL DE JUSTIÇA,GABINETE DESA ELIZABETH MARIA DA SILVA,2026-02-28,12,41.92,4
TRIBUNAL DE JUSTIÇA,GABINETE DESA ELIZABETH MARIA DA SILVA,2026-03-31,12,42.75,5
TRIBUNAL DE JUSTIÇA,GABINETE DESA ELIZABETH MARIA DA SILVA,2026-04-30,12,43.54,6
TRIBUNAL DE JUSTIÇA,GABINETE DESA ELIZABETH MARIA DA SILVA,2026-05-31,12,44.36,7
TRIBUNAL DE JUSTIÇA,GABINETE DESA ELIZABETH MARIA DA SILVA,2026-06-30,12,45.16,8
TRIBUNAL DE JUSTIÇA,GABINETE DESA ELIZABETH MARIA DA SILVA,2026-07-31,12,45.98,9
TRIBUNAL DE JUSTIÇA,GABINETE DESA ELIZABETH MARIA DA SILVA,2026-08-31,12,46.81,10
TRIBUNAL DE JUSTIÇA,GABINETE DESA ELIZABETH MARIA DA SILVA,2026-09-30,12,47.6,11
TRIBUNAL DE JUSTIÇA,GABINETE DESA ELIZABETH MARIA DA SILVA,2026-10-31,12,48.43,12
TRIBUNAL DE JUSTIÇA,GABINETE DESA LÍLIA MÔNICA DE CASTRO BORGES ESCHER,2025-11-30,12,12.79,1
TRIBUNAL DE JUSTIÇA,GABINETE DESA LÍLIA MÔNICA DE CASTRO BORGES ESCHER,2025-12-31,12,13.15,2
TRIBUNAL DE JUSTIÇA,GABINETE DESA LÍLIA MÔNICA DE CASTRO BORGES ESCHER,2026-01-31,12,13.52,3
TRIBUNAL DE JUSTIÇA,GABINETE DESA LÍLIA MÔNICA DE CASTRO BORGES ESCHER,2026-02-28,12,13.86,4
TRIBUNAL DE JUSTIÇA,GABINETE DESA LÍLIA MÔNICA DE CASTRO BORGES ESCHER,2026-03-31,12,14.23,5
TRIBUNAL DE JUSTIÇA,GABINETE DESA LÍLIA MÔNICA DE CASTRO BORGES ESCHER,2026-04-30,12,14.59,6
TRIBUNAL DE JUSTIÇA,GABINETE DESA LÍLIA MÔNICA DE CASTRO BORGES ESCHER,2026-05-31,12,14.96,7
TRIBUNAL DE JUSTIÇA,GABINETE DESA LÍLIA MÔNICA DE CASTRO BORGES ESCHER,2026-06-30,12,15.31,8
TRIBUNAL DE JUSTIÇA,GABINETE DESA LÍLIA MÔNICA DE CASTRO BORGES ESCHER,2026-07-31,12,15.68,9
TRIBUNAL DE JUSTIÇA,GABINETE DESA LÍLIA MÔNICA DE CASTRO BORGES ESCHER,2026-08-31,12,16.05,10
TRIBUNAL DE JUSTIÇA,GABINETE DESA LÍLIA MÔNICA DE CASTRO BORGES ESCHER,2026-09-30,12,16.41,11
TRIBUNAL DE JUSTIÇA,GABINETE DESA LÍLIA MÔNICA DE CASTRO BORGES ESCHER,2026-10-31,12,16.78,12
TRIBUNAL DE JUSTIÇA,GABINETE DESA MARIA DAS GRACAS CARNEIRO REQUI,2025-11-30,12,40.7,1
TRIBUNAL DE JUSTIÇA,GABINETE DESA MARIA DAS GRACAS CARNEIRO REQUI,2025-12-31,12,42.6,2
TRIBUNAL DE JUSTIÇA,GABINETE DESA MARIA DAS GRACAS CARNEIRO REQUI,2026-01-31,12,44.51,3
TRIBUNAL DE JUSTIÇA,GABINETE DESA MARIA DAS GRACAS CARNEIRO REQUI,2026-02-28,12,46.23,4
TRIBUNAL DE JUSTIÇA,GABINETE DESA MARIA DAS GRACAS CARNEIRO REQUI,2026-03-31,12,48.13,5
TRIBUNAL DE JUSTIÇA,GABINETE DESA MARIA DAS GRACAS CARNEIRO REQUI,2026-04-30,12,49.98,6
TRIBUNAL DE JUSTIÇA,GABINETE DESA MARIA DAS GRACAS CARNEIRO REQUI,2026-05-31,12,51.88,7
TRIBUNAL DE JUSTIÇA,GABINETE DESA MARIA DAS GRACAS CARNEIRO REQUI,2026-06-30,12,53.73,8
TRIBUNAL DE JUSTIÇA,GABINETE DESA MARIA DAS GRACAS CARNEIRO REQUI,2026-07-31,12,55.63,9
TRIBUNAL DE JUSTIÇA,GABINETE DESA MARIA DAS GRACAS CARNEIRO REQUI,2026-08-31,12,57.54,10
TRIBUNAL DE JUSTIÇA,GABINETE DESA MARIA DAS GRACAS CARNEIRO REQUI,2026-09-30,12,59.38,11
TRIBUNAL DE JUSTIÇA,GABINETE DESA MARIA DAS GRACAS CARNEIRO REQUI,2026-10-31,12,61.29,12
TRIBUNAL DE JUSTIÇA,GABINETE DESA NELMA BRANCO FERREIRA PERILO,2025-11-30,12,45.01,1
TRIBUNAL DE JUSTIÇA,GABINETE DESA NELMA BRANCO FERREIRA PERILO,2025-12-31,12,46.02,2
TRIBUNAL DE JUSTIÇA,GABINETE DESA NELMA BRANCO FERREIRA PERILO,2026-01-31,12,47.03,3
TRIBUNAL DE JUSTIÇA,GABINETE DESA NELMA BRANCO FERREIRA PERILO,2026-02-28,12,47.95,4
TRIBUNAL DE JUSTIÇA,GABINETE DESA NELMA BRANCO FERREIRA PERILO,2026-03-31,12,48.97,5
TRIBUNAL DE JUSTIÇA,GABINETE DESA NELMA BRANCO FERREIRA PERILO,2026-04-30,12,49.95,6
TRIBUNAL DE JUSTIÇA,GABINETE DESA NELMA BRANCO FERREIRA PERILO,2026-05-31,12,50.96,7
TRIBUNAL DE JUSTIÇA,GABINETE DESA NELMA BRANCO FERREIRA PERILO,2026-06-30,12,51.94,8
TRIBUNAL DE JUSTIÇA,GABINETE DESA NELMA BRANCO FERREIRA PERILO,2026-07-31,12,52.96,9
TRIBUNAL DE JUSTIÇA,GABINETE DESA NELMA BRANCO FERREIRA PERILO,2026-08-31,12,53.97,10
TRIBUNAL DE JUSTIÇA,GABINETE DESA NELMA BRANCO FERREIRA PERILO,2026-09-30,12,54.95,11
TRIBUNAL DE JUSTIÇA,GABINETE DESA NELMA BRANCO FERREIRA PERILO,2026-10-31,12,55.97,12
TRIBUNAL DE JUSTIÇA,GABINETE DESA SANDRA REGINA TEODORO REIS,2025-11-30,12,41.44,1
TRIBUNAL DE JUSTIÇA,GABINETE DESA SANDRA REGINA TEODORO REIS,2025-12-31,12,42.46,2
TRIBUNAL DE JUSTIÇA,GABINETE DESA SANDRA REGINA TEODORO REIS,2026-01-31,12,43.48,3
TRIBUNAL DE JUSTIÇA,GABINETE DESA SANDRA REGINA TEODORO REIS,2026-02-28,12,44.41,4
TRIBUNAL DE JUSTIÇA,GABINETE DESA SANDRA REGINA TEODORO REIS,2026-03-31,12,45.43,5
TRIBUNAL DE JUSTIÇA,GABINETE DESA SANDRA REGINA TEODORO REIS,2026-04-30,12,46.42,6
TRIBUNAL DE JUSTIÇA,GABINETE DESA SANDRA REGINA TEODORO REIS,2026-05-31,12,47.44,7
TRIBUNAL DE JUSTIÇA,GABINETE DESA SANDRA REGINA TEODORO REIS,2026-06-30,12,48.43,8
TRIBUNAL DE JUSTIÇA,GABINETE DESA SANDRA REGINA TEODORO REIS,2026-07-31,12,49.45,9
TRIBUNAL DE JUSTIÇA,GABINETE DESA SANDRA REGINA TEODORO REIS,2026-08-31,12,50.47,10
TRIBUNAL DE JUSTIÇA,GABINETE DESA SANDRA REGINA TEODORO REIS,2026-09-30,12,51.46,11
TRIBUNAL DE JUSTIÇA,GABINETE DESA SANDRA REGINA TEODORO REIS,2026-10-31,12,52.48,12
TRIBUNAL DE JUSTIÇA,GABINETE DESA. ALICE TELES DE OLIVEIRA,2025-11-30,12,21.68,1
TRIBUNAL DE JUSTIÇA,GABINETE DESA. ALICE TELES DE OLIVEIRA,2025-12-31,12,22.6,2
TRIBUNAL DE JUSTIÇA,GABINETE DESA. ALICE TELES DE OLIVEIRA,2026-01-31,12,23.53,3
TRIBUNAL DE JUSTIÇA,GABINETE DESA. ALICE TELES DE OLIVEIRA,2026-02-28,12,24.36,4
TRIBUNAL DE JUSTIÇA,GABINETE DESA. ALICE TELES DE OLIVEIRA,2026-03-31,12,25.29,5
TRIBUNAL DE JUSTIÇA,GABINETE DESA. ALICE TELES DE OLIVEIRA,2026-04-30,12,26.18,6
TRIBUNAL DE JUSTIÇA,GABINETE DESA. ALICE TELES DE OLIVEIRA,2026-05-31,12,27.11,7
TRIBUNAL DE JUSTIÇA,GABINETE DESA. ALICE TELES DE OLIVEIRA,2026-06-30,12,28.01,8
TRIBUNAL DE JUSTIÇA,GABINETE DESA. ALICE TELES DE OLIVEIRA,2026-07-31,12,28.93,9
TRIBUNAL DE JUSTIÇA,GABINETE DESA. ALICE TELES DE OLIVEIRA,2026-08-31,12,29.86,10
TRIBUNAL DE JUSTIÇA,GABINETE DESA. ALICE TELES DE OLIVEIRA,2026-09-30,12,30.75,11
TRIBUNAL DE JUSTIÇA,GABINETE DESA. ALICE TELES DE OLIVEIRA,2026-10-31,12,31.68,12
TRIBUNAL DE JUSTIÇA,GABINETE DESA. JULIANA PEREIRA DINIZ PRUDENTE,2025-11-30,12,42.73,1
TRIBUNAL DE JUSTIÇA,GABINETE DESA. JULIANA PEREIRA DINIZ PRUDENTE,2025-12-31,12,43.41,2
TRIBUNAL DE JUSTIÇA,GABINETE DESA. JULIANA PEREIRA DINIZ PRUDENTE,2026-01-31,12,44.09,3
TRIBUNAL DE JUSTIÇA,GABINETE DESA. JULIANA PEREIRA DINIZ PRUDENTE,2026-02-28,12,44.71,4
TRIBUNAL DE JUSTIÇA,GABINETE DESA. JULIANA PEREIRA DINIZ PRUDENTE,2026-03-31,12,45.39,5
TRIBUNAL DE JUSTIÇA,GABINETE DESA. JULIANA PEREIRA DINIZ PRUDENTE,2026-04-30,12,46.05,6
TRIBUNAL DE JUSTIÇA,GABINETE DESA. JULIANA PEREIRA DINIZ PRUDENTE,2026-05-31,12,46.73,7
TRIBUNAL DE JUSTIÇA,GABINETE DESA. JULIANA PEREIRA DINIZ PRUDENTE,2026-06-30,12,47.39,8
TRIBUNAL DE JUSTIÇA,GABINETE DESA. JULIANA PEREIRA DINIZ PRUDENTE,2026-07-31,12,48.08,9
TRIBUNAL DE JUSTIÇA,GABINETE DESA. JULIANA PEREIRA DINIZ PRUDENTE,2026-08-31,12,48.76,10
TRIBUNAL DE JUSTIÇA,GABINETE DESA. JULIANA PEREIRA DINIZ PRUDENTE,2026-09-30,12,49.42,11
TRIBUNAL DE JUSTIÇA,GABINETE DESA. JULIANA PEREIRA DINIZ PRUDENTE,2026-10-31,12,50.1,12
TRIBUNAL DE JUSTIÇA,GABINETE DESA. MÔNICA CÉZAR MORENO SENHORELO,2025-11-30,12,10.3,1
TRIBUNAL DE JUSTIÇA,GABINETE DESA. MÔNICA CÉZAR MORENO SENHORELO,2025-12-31,12,10.46,2
TRIBUNAL DE JUSTIÇA,GABINETE DESA. MÔNICA CÉZAR MORENO SENHORELO,2026-01-31,12,10.61,3
TRIBUNAL DE JUSTIÇA,GABINETE DESA. MÔNICA CÉZAR MORENO SENHORELO,2026-02-28,12,10.75,4
TRIBUNAL DE JUSTIÇA,GABINETE DESA. MÔNICA CÉZAR MORENO SENHORELO,2026-03-31,12,10.91,5
TRIBUNAL DE JUSTIÇA,GABINETE DESA. MÔNICA CÉZAR MORENO SENHORELO,2026-04-30,12,11.06,6
TRIBUNAL DE JUSTIÇA,GABINETE DESA. MÔNICA CÉZAR MORENO SENHORELO,2026-05-31,12,11.21,7
TRIBUNAL DE JUSTIÇA,GABINETE DESA. MÔNICA CÉZAR MORENO SENHORELO,2026-06-30,12,11.37,8
TRIBUNAL DE JUSTIÇA,GABINETE DESA. MÔNICA CÉZAR MORENO SENHORELO,2026-07-31,12,11.52,9
TRIBUNAL DE JUSTIÇA,GABINETE DESA. MÔNICA CÉZAR MORENO SENHORELO,2026-08-31,12,11.68,10
TRIBUNAL DE JUSTIÇA,GABINETE DESA. MÔNICA CÉZAR MORENO SENHORELO,2026-09-30,12,11.83,11
TRIBUNAL DE JUSTIÇA,GABINETE DESA. MÔNICA CÉZAR MORENO SENHORELO,2026-10-31,12,11.98,12
TRIBUNAL DE JUSTIÇA,GABINETE DESA. ROBERTA NASSER LEONE,2025-11-30,12,16.08,1
TRIBUNAL DE JUSTIÇA,GABINETE DESA. ROBERTA NASSER LEONE,2025-12-31,12,15.94,2
TRIBUNAL DE JUSTIÇA,GABINETE DESA. ROBERTA NASSER LEONE,2026-01-31,12,15.8,3
TRIBUNAL DE JUSTIÇA,GABINETE DESA. ROBERTA NASSER LEONE,2026-02-28,12,15.67,4
TRIBUNAL DE JUSTIÇA,GABINETE DESA. ROBERTA NASSER LEONE,2026-03-31,12,15.53,5
TRIBUNAL DE JUSTIÇA,GABINETE DESA. ROBERTA NASSER LEONE,2026-04-30,12,15.39,6
TRIBUNAL DE JUSTIÇA,GABINETE DESA. ROBERTA NASSER LEONE,2026-05-31,12,15.25,7
TRIBUNAL DE JUSTIÇA,GABINETE DESA. ROBERTA NASSER LEONE,2026-06-30,12,15.11,8
TRIBUNAL DE JUSTIÇA,GABINETE DESA. ROBERTA NASSER LEONE,2026-07-31,12,14.97,9
TRIBUNAL DE JUSTIÇA,GABINETE DESA. ROBERTA NASSER LEONE,2026-08-31,12,14.83,10
TRIBUNAL DE JUSTIÇA,GABINETE DESA. ROBERTA NASSER LEONE,2026-09-30,12,14.69,11
TRIBUNAL DE JUSTIÇA,GABINETE DESA. ROBERTA NASSER LEONE,2026-10-31,12,14.55,12
TRIBUNAL DE JUSTIÇA,GABINETE DESA. ROZANA FERNANDES CAMAPUM,2025-11-30,12,5.44,1
TRIBUNAL DE JUSTIÇA,GABINETE DESA. ROZANA FERNANDES CAMAPUM,2025-12-31,12,5.6,2
TRIBUNAL DE JUSTIÇA,GABINETE DESA. ROZANA FERNANDES CAMAPUM,2026-01-31,12,5.75,3
TRIBUNAL DE JUSTIÇA,GABINETE DESA. ROZANA FERNANDES CAMAPUM,2026-02-28,12,5.9,4
TRIBUNAL DE JUSTIÇA,GABINETE DESA. ROZANA FERNANDES CAMAPUM,2026-03-31,12,6.05,5
TRIBUNAL DE JUSTIÇA,GABINETE DESA. ROZANA FERNANDES CAMAPUM,2026-04-30,12,6.21,6
TRIBUNAL DE JUSTIÇA,GABINETE DESA. ROZANA FERNANDES CAMAPUM,2026-05-31,12,6.36,7
TRIBUNAL DE JUSTIÇA,GABINETE DESA. ROZANA FERNANDES CAMAPUM,2026-06-30,12,6.51,8
TRIBUNAL DE JUSTIÇA,GABINETE DESA. ROZANA FERNANDES CAMAPUM,2026-07-31,12,6.67,9
TRIBUNAL DE JUSTIÇA,GABINETE DESA. ROZANA FERNANDES CAMAPUM,2026-08-31,12,6.83,10
TRIBUNAL DE JUSTIÇA,GABINETE DESA. ROZANA FERNANDES CAMAPUM,2026-09-30,12,6.98,11
TRIBUNAL DE JUSTIÇA,GABINETE DESA. ROZANA FERNANDES CAMAPUM,2026-10-31,12,7.14,12
TRIBUNAL DE JUSTIÇA,GABINETE DESA. SIRLEI MARTINS DA COSTA,2025-11-30,12,7.39,1
TRIBUNAL DE JUSTIÇA,GABINETE DESA. SIRLEI MARTINS DA COSTA,2025-12-31,12,7.38,2
TRIBUNAL DE JUSTIÇA,GABINETE DESA. SIRLEI MARTINS DA COSTA,2026-01-31,12,7.38,3
TRIBUNAL DE JUSTIÇA,GABINETE DESA. SIRLEI MARTINS DA COSTA,2026-02-28,12,7.37,4
TRIBUNAL DE JUSTIÇA,GABINETE DESA. SIRLEI MARTINS DA COSTA,2026-03-31,12,7.37,5
TRIBUNAL DE JUSTIÇA,GABINETE DESA. SIRLEI MARTINS DA COSTA,2026-04-30,12,7.36,6
TRIBUNAL DE JUSTIÇA,GABINETE DESA. SIRLEI MARTINS DA COSTA,2026-05-31,12,7.36,7
TRIBUNAL DE JUSTIÇA,GABINETE DESA. SIRLEI MARTINS DA COSTA,2026-06-30,12,7.35,8
TRIBUNAL DE JUSTIÇA,GABINETE DESA. SIRLEI MARTINS DA COSTA,2026-07-31,12,7.35,9
TRIBUNAL DE JUSTIÇA,GABINETE DESA. SIRLEI MARTINS DA COSTA,2026-08-31,12,7.34,10
TRIBUNAL DE JUSTIÇA,GABINETE DESA. SIRLEI MARTINS DA COSTA,2026-09-30,12,7.34,11
TRIBUNAL DE JUSTIÇA,GABINETE DESA. SIRLEI MARTINS DA COSTA,2026-10-31,12,7.33,12
TRIBUNAL DE JUSTIÇA,GABINETE DESA. ZILMENE GOMIDE DA SILVA,2025-11-30,12,17.01,1
TRIBUNAL DE JUSTIÇA,GABINETE DESA. ZILMENE GOMIDE DA SILVA,2025-12-31,12,17.61,2
TRIBUNAL DE JUSTIÇA,GABINETE DESA. ZILMENE GOMIDE DA SILVA,2026-01-31,12,18.21,3
TRIBUNAL DE JUSTIÇA,GABINETE DESA. ZILMENE GOMIDE DA SILVA,2026-02-28,12,18.75,4
TRIBUNAL DE JUSTIÇA,GABINETE DESA. ZILMENE GOMIDE DA SILVA,2026-03-31,12,19.34,5
TRIBUNAL DE JUSTIÇA,GABINETE DESA. ZILMENE GOMIDE DA SILVA,2026-04-30,12,19.92,6
TRIBUNAL DE JUSTIÇA,GABINETE DESA. ZILMENE GOMIDE DA SILVA,2026-05-31,12,20.52,7
TRIBUNAL DE JUSTIÇA,GABINETE DESA. ZILMENE GOMIDE DA SILVA,2026-06-30,12,21.1,8
TRIBUNAL DE JUSTIÇA,GABINETE DESA. ZILMENE GOMIDE DA SILVA,2026-07-31,12,21.7,9
TRIBUNAL DE JUSTIÇA,GABINETE DESA. ZILMENE GOMIDE DA SILVA,2026-08-31,12,22.3,10
TRIBUNAL DE JUSTIÇA,GABINETE DESA. ZILMENE GOMIDE DA SILVA,2026-09-30,12,22.88,11
TRIBUNAL DE JUSTIÇA,GABINETE DESA. ZILMENE GOMIDE DA SILVA,2026-10-31,12,23.47,12
TRIBUNAL DE JUSTIÇA,VICE-PRESIDÊNCIA DO TRIBUNAL DE JUSTIÇA,2025-11-30,12,100.0,1
TRIBUNAL DE JUSTIÇA,VICE-PRESIDÊNCIA DO TRIBUNAL DE JUSTIÇA,2025-12-31,12,100.0,2
TRIBUNAL DE JUSTIÇA,VICE-PRESIDÊNCIA DO TRIBUNAL DE JUSTIÇA,2026-01-31,12,100.0,3
TRIBUNAL DE JUSTIÇA,VICE-PRESIDÊNCIA DO TRIBUNAL DE JUSTIÇA,2026-02-28,12,100.0,4
TRIBUNAL DE JUSTIÇA,VICE-PRESIDÊNCIA DO TRIBUNAL DE JUSTIÇA,2026-03-31,12,100.0,5
TRIBUNAL DE JUSTIÇA,VICE-PRESIDÊNCIA DO TRIBUNAL DE JUSTIÇA,2026-04-30,12,100.0,6
TRIBUNAL DE JUSTIÇA,VICE-PRESIDÊNCIA DO TRIBUNAL DE JUSTIÇA,2026-05-31,12,100.0,7
TRIBUNAL DE JUSTIÇA,VICE-PRESIDÊNCIA DO TRIBUNAL DE JUSTIÇA,2026-06-30,12,100.0,8
TRIBUNAL DE JUSTIÇA,VICE-PRESIDÊNCIA DO TRIBUNAL DE JUSTIÇA,2026-07-31,12,100.0,9
TRIBUNAL DE JUSTIÇA,VICE-PRESIDÊNCIA DO TRIBUNAL DE JUSTIÇA,2026-08-31,12,100.0,10
TRIBUNAL DE JUSTIÇA,VICE-PRESIDÊNCIA DO TRIBUNAL DE JUSTIÇA,2026-09-30,12,100.0,11
TRIBUNAL DE JUSTIÇA,VICE-PRESIDÊNCIA DO TRIBUNAL DE JUSTIÇA,2026-10-31,12,100.0,12
TRINDADE,1ª Vara (Cível e da Inf. e da Juv),2025-11-30,12,92.43,1
TRINDADE,1ª Vara (Cível e da Inf. e da Juv),2025-12-31,12,92.39,2
TRINDADE,1ª Vara (Cível e da Inf. e da Juv),2026-01-31,12,92.35,3
TRINDADE,1ª Vara (Cível e da Inf. e da Juv),2026-02-28,12,92.31,4
TRINDADE,1ª Vara (Cível e da Inf. e da Juv),2026-03-31,12,92.28,5
TRINDADE,1ª Vara (Cível e da Inf. e da Juv),2026-04-30,12,92.24,6
TRINDADE,1ª Vara (Cível e da Inf. e da Juv),2026-05-31,12,92.2,7
TRINDADE,1ª Vara (Cível e da Inf. e da Juv),2026-06-30,12,92.16,8
TRINDADE,1ª Vara (Cível e da Inf. e da Juv),2026-07-31,12,92.12,9
TRINDADE,1ª Vara (Cível e da Inf. e da Juv),2026-08-31,12,92.09,10
TRINDADE,1ª Vara (Cível e da Inf. e da Juv),2026-09-30,12,92.05,11
TRINDADE,1ª Vara (Cível e da Inf. e da Juv),2026-10-31,12,92.01,12
TRINDADE,"1ª Vara Criminal (crimes dolosos contra a vida, Pres. Trib. Juri e Execução Penal)",2025-11-30,12,55.88,1
TRINDADE,"1ª Vara Criminal (crimes dolosos contra a vida, Pres. Trib. Juri e Execução Penal)",2025-12-31,12,56.78,2
TRINDADE,"1ª Vara Criminal (crimes dolosos contra a vida, Pres. Trib. Juri e Execução Penal)",2026-01-31,12,57.68,3
TRINDADE,"1ª Vara Criminal (crimes dolosos contra a vida, Pres. Trib. Juri e Execução Penal)",2026-02-28,12,58.5,4
TRINDADE,"1ª Vara Criminal (crimes dolosos contra a vida, Pres. Trib. Juri e Execução Penal)",2026-03-31,12,59.4,5
TRINDADE,"1ª Vara Criminal (crimes dolosos contra a vida, Pres. Trib. Juri e Execução Penal)",2026-04-30,12,60.27,6
TRINDADE,"1ª Vara Criminal (crimes dolosos contra a vida, Pres. Trib. Juri e Execução Penal)",2026-05-31,12,61.17,7
TRINDADE,"1ª Vara Criminal (crimes dolosos contra a vida, Pres. Trib. Juri e Execução Penal)",2026-06-30,12,62.04,8
TRINDADE,"1ª Vara Criminal (crimes dolosos contra a vida, Pres. Trib. Juri e Execução Penal)",2026-07-31,12,62.94,9
TRINDADE,"1ª Vara Criminal (crimes dolosos contra a vida, Pres. Trib. Juri e Execução Penal)",2026-08-31,12,63.85,10
TRINDADE,"1ª Vara Criminal (crimes dolosos contra a vida, Pres. Trib. Juri e Execução Penal)",2026-09-30,12,64.72,11
TRINDADE,"1ª Vara Criminal (crimes dolosos contra a vida, Pres. Trib. Juri e Execução Penal)",2026-10-31,12,65.62,12
TRINDADE,2ª Vara Criminal (crimes em geral),2025-11-30,12,99.01,1
TRINDADE,2ª Vara Criminal (crimes em geral),2025-12-31,12,99.44,2
TRINDADE,2ª Vara Criminal (crimes em geral),2026-01-31,12,99.88,3
TRINDADE,2ª Vara Criminal (crimes em geral),2026-02-28,12,100.0,4
TRINDADE,2ª Vara Criminal (crimes em geral),2026-03-31,12,100.0,5
TRINDADE,2ª Vara Criminal (crimes em geral),2026-04-30,12,100.0,6
TRINDADE,2ª Vara Criminal (crimes em geral),2026-05-31,12,100.0,7
TRINDADE,2ª Vara Criminal (crimes em geral),2026-06-30,12,100.0,8
TRINDADE,2ª Vara Criminal (crimes em geral),2026-07-31,12,100.0,9
TRINDADE,2ª Vara Criminal (crimes em geral),2026-08-31,12,100.0,10
TRINDADE,2ª Vara Criminal (crimes em geral),2026-09-30,12,100.0,11
TRINDADE,2ª Vara Criminal (crimes em geral),2026-10-31,12,100.0,12
TRINDADE,2ª Vara Cível e Ambiental,2025-11-30,12,91.71,1
TRINDADE,2ª Vara Cível e Ambiental,2025-12-31,12,91.58,2
TRINDADE,2ª Vara Cível e Ambiental,2026-01-31,12,91.46,3
TRINDADE,2ª Vara Cível e Ambiental,2026-02-28,12,91.34,4
TRINDADE,2ª Vara Cível e Ambiental,2026-03-31,12,91.22,5
TRINDADE,2ª Vara Cível e Ambiental,2026-04-30,12,91.1,6
TRINDADE,2ª Vara Cível e Ambiental,2026-05-31,12,90.98,7
TRINDADE,2ª Vara Cível e Ambiental,2026-06-30,12,90.86,8
TRINDADE,2ª Vara Cível e Ambiental,2026-07-31,12,90.73,9
TRINDADE,2ª Vara Cível e Ambiental,2026-08-31,12,90.61,10
TRINDADE,2ª Vara Cível e Ambiental,2026-09-30,12,90.49,11
TRINDADE,2ª Vara Cível e Ambiental,2026-10-31,12,90.36,12
TRINDADE,3ª Vara Criminal (crimes em geral),2025-11-30,12,99.44,1
TRINDADE,3ª Vara Criminal (crimes em geral),2025-12-31,12,99.94,2
TRINDADE,3ª Vara Criminal (crimes em geral),2026-01-31,12,100.0,3
TRINDADE,3ª Vara Criminal (crimes em geral),2026-02-28,12,100.0,4
TRINDADE,3ª Vara Criminal (crimes em geral),2026-03-31,12,100.0,5
TRINDADE,3ª Vara Criminal (crimes em geral),2026-04-30,12,100.0,6
TRINDADE,3ª Vara Criminal (crimes em geral),2026-05-31,12,100.0,7
TRINDADE,3ª Vara Criminal (crimes em geral),2026-06-30,12,100.0,8
TRINDADE,3ª Vara Criminal (crimes em geral),2026-07-31,12,100.0,9
TRINDADE,3ª Vara Criminal (crimes em geral),2026-08-31,12,100.0,10
TRINDADE,3ª Vara Criminal (crimes em geral),2026-09-30,12,100.0,11
TRINDADE,3ª Vara Criminal (crimes em geral),2026-10-31,12,100.0,12
TRINDADE,Juizado Especial Cível e Criminal,2025-11-30,12,73.66,1
TRINDADE,Juizado Especial Cível e Criminal,2025-12-31,12,75.39,2
TRINDADE,Juizado Especial Cível e Criminal,2026-01-31,12,77.13,3
TRINDADE,Juizado Especial Cível e Criminal,2026-02-28,12,78.7,4
TRINDADE,Juizado Especial Cível e Criminal,2026-03-31,12,80.44,5
TRINDADE,Juizado Especial Cível e Criminal,2026-04-30,12,82.12,6
TRINDADE,Juizado Especial Cível e Criminal,2026-05-31,12,83.85,7
TRINDADE,Juizado Especial Cível e Criminal,2026-06-30,12,85.54,8
TRINDADE,Juizado Especial Cível e Criminal,2026-07-31,12,87.27,9
TRINDADE,Juizado Especial Cível e Criminal,2026-08-31,12,89.01,10
TRINDADE,Juizado Especial Cível e Criminal,2026-09-30,12,90.69,11
TRINDADE,Juizado Especial Cível e Criminal,2026-10-31,12,92.43,12
TRINDADE,Vara de Família e Sucessões,2025-11-30,12,96.41,1
TRINDADE,Vara de Família e Sucessões,2025-12-31,12,96.96,2
TRINDADE,Vara de Família e Sucessões,2026-01-31,12,97.51,3
TRINDADE,Vara de Família e Sucessões,2026-02-28,12,98.0,4
TRINDADE,Vara de Família e Sucessões,2026-03-31,12,98.55,5
TRINDADE,Vara de Família e Sucessões,2026-04-30,12,99.08,6
TRINDADE,Vara de Família e Sucessões,2026-05-31,12,99.62,7
TRINDADE,Vara de Família e Sucessões,2026-06-30,12,100.0,8
TRINDADE,Vara de Família e Sucessões,2026-07-31,12,100.0,9
TRINDADE,Vara de Família e Sucessões,2026-08-31,12,100.0,10
TRINDADE,Vara de Família e Sucessões,2026-09-30,12,100.0,11
TRINDADE,Vara de Família e Sucessões,2026-10-31,12,100.0,12
TRINDADE,Vara de Fazendas Públicas e Registros Públicos,2025-11-30,12,91.98,1
TRINDADE,Vara de Fazendas Públicas e Registros Públicos,2025-12-31,12,91.91,2
TRINDADE,Vara de Fazendas Públicas e Registros Públicos,2026-01-31,12,91.84,3
TRINDADE,Vara de Fazendas Públicas e Registros Públicos,2026-02-28,12,91.78,4
TRINDADE,Vara de Fazendas Públicas e Registros Públicos,2026-03-31,12,91.71,5
TRINDADE,Vara de Fazendas Públicas e Registros Públicos,2026-04-30,12,91.65,6
TRINDADE,Vara de Fazendas Públicas e Registros Públicos,2026-05-31,12,91.58,7
TRINDADE,Vara de Fazendas Públicas e Registros Públicos,2026-06-30,12,91.51,8
TRINDADE,Vara de Fazendas Públicas e Registros Públicos,2026-07-31,12,91.45,9
TRINDADE,Vara de Fazendas Públicas e Registros Públicos,2026-08-31,12,91.38,10
TRINDADE,Vara de Fazendas Públicas e Registros Públicos,2026-09-30,12,91.31,11
TRINDADE,Vara de Fazendas Públicas e Registros Públicos,2026-10-31,12,91.25,12
TURVÂNIA,Vara Judicial,2025-11-30,12,94.09,1
TURVÂNIA,Vara Judicial,2025-12-31,12,94.01,2
TURVÂNIA,Vara Judicial,2026-01-31,12,93.93,3
TURVÂNIA,Vara Judicial,2026-02-28,12,93.86,4
TURVÂNIA,Vara Judicial,2026-03-31,12,93.78,5
TURVÂNIA,Vara Judicial,2026-04-30,12,93.7,6
TURVÂNIA,Vara Judicial,2026-05-31,12,93.62,7
TURVÂNIA,Vara Judicial,2026-06-30,12,93.55,8
TURVÂNIA,Vara Judicial,2026-07-31,12,93.47,9
TURVÂNIA,Vara Judicial,2026-08-31,12,93.39,10
TURVÂNIA,Vara Judicial,2026-09-30,12,93.31,11
TURVÂNIA,Vara Judicial,2026-10-31,12,93.23,12
URUANA,Vara Judicial,2025-11-30,12,94.06,1
URUANA,Vara Judicial,2025-12-31,12,94.49,2
URUANA,Vara Judicial,2026-01-31,12,94.93,3
URUANA,Vara Judicial,2026-02-28,12,95.32,4
URUANA,Vara Judicial,2026-03-31,12,95.75,5
URUANA,Vara Judicial,2026-04-30,12,96.17,6
URUANA,Vara Judicial,2026-05-31,12,96.6,7
URUANA,Vara Judicial,2026-06-30,12,97.02,8
URUANA,Vara Judicial,2026-07-31,12,97.45,9
URUANA,Vara Judicial,2026-08-31,12,97.88,10
URUANA,Vara Judicial,2026-09-30,12,98.3,11
URUANA,Vara Judicial,2026-10-31,12,98.73,12
URUAÇU,"1ª Vara (Cív., Criminal - crime em geral e exec. penais - e da Inf. e da Juv.)",2025-11-30,12,98.14,1
URUAÇU,"1ª Vara (Cív., Criminal - crime em geral e exec. penais - e da Inf. e da Juv.)",2025-12-31,12,98.55,2
URUAÇU,"1ª Vara (Cív., Criminal - crime em geral e exec. penais - e da Inf. e da Juv.)",2026-01-31,12,98.96,3
URUAÇU,"1ª Vara (Cív., Criminal - crime em geral e exec. penais - e da Inf. e da Juv.)",2026-02-28,12,99.33,4
URUAÇU,"1ª Vara (Cív., Criminal - crime em geral e exec. penais - e da Inf. e da Juv.)",2026-03-31,12,99.74,5
URUAÇU,"1ª Vara (Cív., Criminal - crime em geral e exec. penais - e da Inf. e da Juv.)",2026-04-30,12,100.0,6
URUAÇU,"1ª Vara (Cív., Criminal - crime em geral e exec. penais - e da Inf. e da Juv.)",2026-05-31,12,100.0,7
URUAÇU,"1ª Vara (Cív., Criminal - crime em geral e exec. penais - e da Inf. e da Juv.)",2026-06-30,12,100.0,8
URUAÇU,"1ª Vara (Cív., Criminal - crime em geral e exec. penais - e da Inf. e da Juv.)",2026-07-31,12,100.0,9
URUAÇU,"1ª Vara (Cív., Criminal - crime em geral e exec. penais - e da Inf. e da Juv.)",2026-08-31,12,100.0,10
URUAÇU,"1ª Vara (Cív., Criminal - crime em geral e exec. penais - e da Inf. e da Juv.)",2026-09-30,12,100.0,11
URUAÇU,"1ª Vara (Cív., Criminal - crime em geral e exec. penais - e da Inf. e da Juv.)",2026-10-31,12,100.0,12
URUAÇU,"2ª Vara (Cív., Criminal – crime em geral, crimes dolosos contra a vida e Pres. do Trib. do Juri, das Faz. Púb. e de Reg. Pub.)",2025-11-30,12,95.57,1
URUAÇU,"2ª Vara (Cív., Criminal – crime em geral, crimes dolosos contra a vida e Pres. do Trib. do Juri, das Faz. Púb. e de Reg. Pub.)",2025-12-31,12,95.76,2
URUAÇU,"2ª Vara (Cív., Criminal – crime em geral, crimes dolosos contra a vida e Pres. do Trib. do Juri, das Faz. Púb. e de Reg. Pub.)",2026-01-31,12,95.96,3
URUAÇU,"2ª Vara (Cív., Criminal – crime em geral, crimes dolosos contra a vida e Pres. do Trib. do Juri, das Faz. Púb. e de Reg. Pub.)",2026-02-28,12,96.13,4
URUAÇU,"2ª Vara (Cív., Criminal – crime em geral, crimes dolosos contra a vida e Pres. do Trib. do Juri, das Faz. Púb. e de Reg. Pub.)",2026-03-31,12,96.33,5
URUAÇU,"2ª Vara (Cív., Criminal – crime em geral, crimes dolosos contra a vida e Pres. do Trib. do Juri, das Faz. Púb. e de Reg. Pub.)",2026-04-30,12,96.52,6
URUAÇU,"2ª Vara (Cív., Criminal – crime em geral, crimes dolosos contra a vida e Pres. do Trib. do Juri, das Faz. Púb. e de Reg. Pub.)",2026-05-31,12,96.72,7
URUAÇU,"2ª Vara (Cív., Criminal – crime em geral, crimes dolosos contra a vida e Pres. do Trib. do Juri, das Faz. Púb. e de Reg. Pub.)",2026-06-30,12,96.91,8
URUAÇU,"2ª Vara (Cív., Criminal – crime em geral, crimes dolosos contra a vida e Pres. do Trib. do Juri, das Faz. Púb. e de Reg. Pub.)",2026-07-31,12,97.1,9
URUAÇU,"2ª Vara (Cív., Criminal – crime em geral, crimes dolosos contra a vida e Pres. do Trib. do Juri, das Faz. Púb. e de Reg. Pub.)",2026-08-31,12,97.3,10
URUAÇU,"2ª Vara (Cív., Criminal – crime em geral, crimes dolosos contra a vida e Pres. do Trib. do Juri, das Faz. Púb. e de Reg. Pub.)",2026-09-30,12,97.49,11
URUAÇU,"2ª Vara (Cív., Criminal – crime em geral, crimes dolosos contra a vida e Pres. do Trib. do Juri, das Faz. Púb. e de Reg. Pub.)",2026-10-31,12,97.68,12
URUAÇU,Juizado Especial Cível e Criminal,2025-11-30,12,100.0,1
URUAÇU,Juizado Especial Cível e Criminal,2025-12-31,12,100.0,2
URUAÇU,Juizado Especial Cível e Criminal,2026-01-31,12,100.0,3
URUAÇU,Juizado Especial Cível e Criminal,2026-02-28,12,100.0,4
URUAÇU,Juizado Especial Cível e Criminal,2026-03-31,12,100.0,5
URUAÇU,Juizado Especial Cível e Criminal,2026-04-30,12,100.0,6
URUAÇU,Juizado Especial Cível e Criminal,2026-05-31,12,100.0,7
URUAÇU,Juizado Especial Cível e Criminal,2026-06-30,12,100.0,8
URUAÇU,Juizado Especial Cível e Criminal,2026-07-31,12,100.0,9
URUAÇU,Juizado Especial Cível e Criminal,2026-08-31,12,100.0,10
URUAÇU,Juizado Especial Cível e Criminal,2026-09-30,12,100.0,11
URUAÇU,Juizado Especial Cível e Criminal,2026-10-31,12,100.0,12
VALPARAÍSO DE GOIÁS,"1ª Vara Criminal (crimes dolosos contra a vida e Presidência do Tribunal do Júri, Execução Penal e crimes envolvendo violência doméstica)",2025-11-30,12,91.47,1
VALPARAÍSO DE GOIÁS,"1ª Vara Criminal (crimes dolosos contra a vida e Presidência do Tribunal do Júri, Execução Penal e crimes envolvendo violência doméstica)",2025-12-31,12,91.49,2
VALPARAÍSO DE GOIÁS,"1ª Vara Criminal (crimes dolosos contra a vida e Presidência do Tribunal do Júri, Execução Penal e crimes envolvendo violência doméstica)",2026-01-31,12,91.5,3
VALPARAÍSO DE GOIÁS,"1ª Vara Criminal (crimes dolosos contra a vida e Presidência do Tribunal do Júri, Execução Penal e crimes envolvendo violência doméstica)",2026-02-28,12,91.52,4
VALPARAÍSO DE GOIÁS,"1ª Vara Criminal (crimes dolosos contra a vida e Presidência do Tribunal do Júri, Execução Penal e crimes envolvendo violência doméstica)",2026-03-31,12,91.53,5
VALPARAÍSO DE GOIÁS,"1ª Vara Criminal (crimes dolosos contra a vida e Presidência do Tribunal do Júri, Execução Penal e crimes envolvendo violência doméstica)",2026-04-30,12,91.55,6
VALPARAÍSO DE GOIÁS,"1ª Vara Criminal (crimes dolosos contra a vida e Presidência do Tribunal do Júri, Execução Penal e crimes envolvendo violência doméstica)",2026-05-31,12,91.56,7
VALPARAÍSO DE GOIÁS,"1ª Vara Criminal (crimes dolosos contra a vida e Presidência do Tribunal do Júri, Execução Penal e crimes envolvendo violência doméstica)",2026-06-30,12,91.58,8
VALPARAÍSO DE GOIÁS,"1ª Vara Criminal (crimes dolosos contra a vida e Presidência do Tribunal do Júri, Execução Penal e crimes envolvendo violência doméstica)",2026-07-31,12,91.59,9
VALPARAÍSO DE GOIÁS,"1ª Vara Criminal (crimes dolosos contra a vida e Presidência do Tribunal do Júri, Execução Penal e crimes envolvendo violência doméstica)",2026-08-31,12,91.61,10
VALPARAÍSO DE GOIÁS,"1ª Vara Criminal (crimes dolosos contra a vida e Presidência do Tribunal do Júri, Execução Penal e crimes envolvendo violência doméstica)",2026-09-30,12,91.63,11
VALPARAÍSO DE GOIÁS,"1ª Vara Criminal (crimes dolosos contra a vida e Presidência do Tribunal do Júri, Execução Penal e crimes envolvendo violência doméstica)",2026-10-31,12,91.64,12
VALPARAÍSO DE GOIÁS,"1ª Vara Cível (Cível, Infância e Juventude)",2025-11-30,12,97.68,1
VALPARAÍSO DE GOIÁS,"1ª Vara Cível (Cível, Infância e Juventude)",2025-12-31,12,97.81,2
VALPARAÍSO DE GOIÁS,"1ª Vara Cível (Cível, Infância e Juventude)",2026-01-31,12,97.95,3
VALPARAÍSO DE GOIÁS,"1ª Vara Cível (Cível, Infância e Juventude)",2026-02-28,12,98.07,4
VALPARAÍSO DE GOIÁS,"1ª Vara Cível (Cível, Infância e Juventude)",2026-03-31,12,98.2,5
VALPARAÍSO DE GOIÁS,"1ª Vara Cível (Cível, Infância e Juventude)",2026-04-30,12,98.33,6
VALPARAÍSO DE GOIÁS,"1ª Vara Cível (Cível, Infância e Juventude)",2026-05-31,12,98.46,7
VALPARAÍSO DE GOIÁS,"1ª Vara Cível (Cível, Infância e Juventude)",2026-06-30,12,98.59,8
VALPARAÍSO DE GOIÁS,"1ª Vara Cível (Cível, Infância e Juventude)",2026-07-31,12,98.72,9
VALPARAÍSO DE GOIÁS,"1ª Vara Cível (Cível, Infância e Juventude)",2026-08-31,12,98.86,10
VALPARAÍSO DE GOIÁS,"1ª Vara Cível (Cível, Infância e Juventude)",2026-09-30,12,98.99,11
VALPARAÍSO DE GOIÁS,"1ª Vara Cível (Cível, Infância e Juventude)",2026-10-31,12,99.12,12
VALPARAÍSO DE GOIÁS,"2ª Vara (Cível, das Fazendas Públicas, de Registros Públicos e Ambiental)",2025-11-30,12,93.4,1
VALPARAÍSO DE GOIÁS,"2ª Vara (Cível, das Fazendas Públicas, de Registros Públicos e Ambiental)",2025-12-31,12,93.27,2
VALPARAÍSO DE GOIÁS,"2ª Vara (Cível, das Fazendas Públicas, de Registros Públicos e Ambiental)",2026-01-31,12,93.13,3
VALPARAÍSO DE GOIÁS,"2ª Vara (Cível, das Fazendas Públicas, de Registros Públicos e Ambiental)",2026-02-28,12,93.01,4
VALPARAÍSO DE GOIÁS,"2ª Vara (Cível, das Fazendas Públicas, de Registros Públicos e Ambiental)",2026-03-31,12,92.87,5
VALPARAÍSO DE GOIÁS,"2ª Vara (Cível, das Fazendas Públicas, de Registros Públicos e Ambiental)",2026-04-30,12,92.74,6
VALPARAÍSO DE GOIÁS,"2ª Vara (Cível, das Fazendas Públicas, de Registros Públicos e Ambiental)",2026-05-31,12,92.61,7
VALPARAÍSO DE GOIÁS,"2ª Vara (Cível, das Fazendas Públicas, de Registros Públicos e Ambiental)",2026-06-30,12,92.48,8
VALPARAÍSO DE GOIÁS,"2ª Vara (Cível, das Fazendas Públicas, de Registros Públicos e Ambiental)",2026-07-31,12,92.34,9
VALPARAÍSO DE GOIÁS,"2ª Vara (Cível, das Fazendas Públicas, de Registros Públicos e Ambiental)",2026-08-31,12,92.2,10
VALPARAÍSO DE GOIÁS,"2ª Vara (Cível, das Fazendas Públicas, de Registros Públicos e Ambiental)",2026-09-30,12,92.07,11
VALPARAÍSO DE GOIÁS,"2ª Vara (Cível, das Fazendas Públicas, de Registros Públicos e Ambiental)",2026-10-31,12,91.94,12
VALPARAÍSO DE GOIÁS,2ª Vara Criminal (crimes em geral),2025-11-30,12,99.86,1
VALPARAÍSO DE GOIÁS,2ª Vara Criminal (crimes em geral),2025-12-31,12,100.0,2
VALPARAÍSO DE GOIÁS,2ª Vara Criminal (crimes em geral),2026-01-31,12,100.0,3
VALPARAÍSO DE GOIÁS,2ª Vara Criminal (crimes em geral),2026-02-28,12,100.0,4
VALPARAÍSO DE GOIÁS,2ª Vara Criminal (crimes em geral),2026-03-31,12,100.0,5
VALPARAÍSO DE GOIÁS,2ª Vara Criminal (crimes em geral),2026-04-30,12,100.0,6
VALPARAÍSO DE GOIÁS,2ª Vara Criminal (crimes em geral),2026-05-31,12,100.0,7
VALPARAÍSO DE GOIÁS,2ª Vara Criminal (crimes em geral),2026-06-30,12,100.0,8
VALPARAÍSO DE GOIÁS,2ª Vara Criminal (crimes em geral),2026-07-31,12,100.0,9
VALPARAÍSO DE GOIÁS,2ª Vara Criminal (crimes em geral),2026-08-31,12,100.0,10
VALPARAÍSO DE GOIÁS,2ª Vara Criminal (crimes em geral),2026-09-30,12,100.0,11
VALPARAÍSO DE GOIÁS,2ª Vara Criminal (crimes em geral),2026-10-31,12,100.0,12
VALPARAÍSO DE GOIÁS,3ª Vara de Família e Sucessões e das Fazendas Públicas,2025-11-30,12,92.06,1
VALPARAÍSO DE GOIÁS,3ª Vara de Família e Sucessões e das Fazendas Públicas,2025-12-31,12,92.09,2
VALPARAÍSO DE GOIÁS,3ª Vara de Família e Sucessões e das Fazendas Públicas,2026-01-31,12,92.13,3
VALPARAÍSO DE GOIÁS,3ª Vara de Família e Sucessões e das Fazendas Públicas,2026-02-28,12,92.16,4
VALPARAÍSO DE GOIÁS,3ª Vara de Família e Sucessões e das Fazendas Públicas,2026-03-31,12,92.19,5
VALPARAÍSO DE GOIÁS,3ª Vara de Família e Sucessões e das Fazendas Públicas,2026-04-30,12,92.23,6
VALPARAÍSO DE GOIÁS,3ª Vara de Família e Sucessões e das Fazendas Públicas,2026-05-31,12,92.26,7
VALPARAÍSO DE GOIÁS,3ª Vara de Família e Sucessões e das Fazendas Públicas,2026-06-30,12,92.3,8
VALPARAÍSO DE GOIÁS,3ª Vara de Família e Sucessões e das Fazendas Públicas,2026-07-31,12,92.33,9
VALPARAÍSO DE GOIÁS,3ª Vara de Família e Sucessões e das Fazendas Públicas,2026-08-31,12,92.37,10
VALPARAÍSO DE GOIÁS,3ª Vara de Família e Sucessões e das Fazendas Públicas,2026-09-30,12,92.4,11
VALPARAÍSO DE GOIÁS,3ª Vara de Família e Sucessões e das Fazendas Públicas,2026-10-31,12,92.43,12
VALPARAÍSO DE GOIÁS,"4ª Vara Cível, Família e Sucessões",2025-11-30,12,96.46,1
VALPARAÍSO DE GOIÁS,"4ª Vara Cível, Família e Sucessões",2025-12-31,12,96.56,2
VALPARAÍSO DE GOIÁS,"4ª Vara Cível, Família e Sucessões",2026-01-31,12,96.67,3
VALPARAÍSO DE GOIÁS,"4ª Vara Cível, Família e Sucessões",2026-02-28,12,96.76,4
VALPARAÍSO DE GOIÁS,"4ª Vara Cível, Família e Sucessões",2026-03-31,12,96.86,5
VALPARAÍSO DE GOIÁS,"4ª Vara Cível, Família e Sucessões",2026-04-30,12,96.96,6
VALPARAÍSO DE GOIÁS,"4ª Vara Cível, Família e Sucessões",2026-05-31,12,97.06,7
VALPARAÍSO DE GOIÁS,"4ª Vara Cível, Família e Sucessões",2026-06-30,12,97.16,8
VALPARAÍSO DE GOIÁS,"4ª Vara Cível, Família e Sucessões",2026-07-31,12,97.26,9
VALPARAÍSO DE GOIÁS,"4ª Vara Cível, Família e Sucessões",2026-08-31,12,97.37,10
VALPARAÍSO DE GOIÁS,"4ª Vara Cível, Família e Sucessões",2026-09-30,12,97.46,11
VALPARAÍSO DE GOIÁS,"4ª Vara Cível, Família e Sucessões",2026-10-31,12,97.57,12
VALPARAÍSO DE GOIÁS,Juizado Especial Cível e Criminal,2025-11-30,12,82.6,1
VALPARAÍSO DE GOIÁS,Juizado Especial Cível e Criminal,2025-12-31,12,83.26,2
VALPARAÍSO DE GOIÁS,Juizado Especial Cível e Criminal,2026-01-31,12,83.91,3
VALPARAÍSO DE GOIÁS,Juizado Especial Cível e Criminal,2026-02-28,12,84.5,4
VALPARAÍSO DE GOIÁS,Juizado Especial Cível e Criminal,2026-03-31,12,85.15,5
VALPARAÍSO DE GOIÁS,Juizado Especial Cível e Criminal,2026-04-30,12,85.78,6
VALPARAÍSO DE GOIÁS,Juizado Especial Cível e Criminal,2026-05-31,12,86.44,7
VALPARAÍSO DE GOIÁS,Juizado Especial Cível e Criminal,2026-06-30,12,87.07,8
VALPARAÍSO DE GOIÁS,Juizado Especial Cível e Criminal,2026-07-31,12,87.72,9
VALPARAÍSO DE GOIÁS,Juizado Especial Cível e Criminal,2026-08-31,12,88.38,10
VALPARAÍSO DE GOIÁS,Juizado Especial Cível e Criminal,2026-09-30,12,89.01,11
VALPARAÍSO DE GOIÁS,Juizado Especial Cível e Criminal,2026-10-31,12,89.66,12
VARJÃO,Vara Judicial,2025-11-30,12,100.0,1
VARJÃO,Vara Judicial,2025-12-31,12,100.0,2
VARJÃO,Vara Judicial,2026-01-31,12,100.0,3
VARJÃO,Vara Judicial,2026-02-28,12,100.0,4
VARJÃO,Vara Judicial,2026-03-31,12,100.0,5
VARJÃO,Vara Judicial,2026-04-30,12,100.0,6
VARJÃO,Vara Judicial,2026-05-31,12,100.0,7
VARJÃO,Vara Judicial,2026-06-30,12,100.0,8
VARJÃO,Vara Judicial,2026-07-31,12,100.0,9
VARJÃO,Vara Judicial,2026-08-31,12,100.0,10
VARJÃO,Vara Judicial,2026-09-30,12,100.0,11
VARJÃO,Vara Judicial,2026-10-31,12,100.0,12
VIANÓPOLIS,Vara Judicial,2025-11-30,12,100.0,1
VIANÓPOLIS,Vara Judicial,2025-12-31,12,100.0,2
VIANÓPOLIS,Vara Judicial,2026-01-31,12,100.0,3
VIANÓPOLIS,Vara Judicial,2026-02-28,12,100.0,4
VIANÓPOLIS,Vara Judicial,2026-03-31,12,100.0,5
VIANÓPOLIS,Vara Judicial,2026-04-30,12,100.0,6
VIANÓPOLIS,Vara Judicial,2026-05-31,12,100.0,7
VIANÓPOLIS,Vara Judicial,2026-06-30,12,100.0,8
VIANÓPOLIS,Vara Judicial,2026-07-31,12,100.0,9
VIANÓPOLIS,Vara Judicial,2026-08-31,12,100.0,10
VIANÓPOLIS,Vara Judicial,2026-09-30,12,100.0,11
VIANÓPOLIS,Vara Judicial,2026-10-31,12,100.0,12
ÁGUAS LINDAS DE GOIÁS,"1ª Vara Criminal (crimes dolosos contra a vida, Pres. Trib. Juri e execuções penais)",2025-11-30,12,80.08,1
ÁGUAS LINDAS DE GOIÁS,"1ª Vara Criminal (crimes dolosos contra a vida, Pres. Trib. Juri e execuções penais)",2025-12-31,12,80.97,2
ÁGUAS LINDAS DE GOIÁS,"1ª Vara Criminal (crimes dolosos contra a vida, Pres. Trib. Juri e execuções penais)",2026-01-31,12,81.87,3
ÁGUAS LINDAS DE GOIÁS,"1ª Vara Criminal (crimes dolosos contra a vida, Pres. Trib. Juri e execuções penais)",2026-02-28,12,82.68,4
ÁGUAS LINDAS DE GOIÁS,"1ª Vara Criminal (crimes dolosos contra a vida, Pres. Trib. Juri e execuções penais)",2026-03-31,12,83.57,5
ÁGUAS LINDAS DE GOIÁS,"1ª Vara Criminal (crimes dolosos contra a vida, Pres. Trib. Juri e execuções penais)",2026-04-30,12,84.44,6
ÁGUAS LINDAS DE GOIÁS,"1ª Vara Criminal (crimes dolosos contra a vida, Pres. Trib. Juri e execuções penais)",2026-05-31,12,85.33,7
ÁGUAS LINDAS DE GOIÁS,"1ª Vara Criminal (crimes dolosos contra a vida, Pres. Trib. Juri e execuções penais)",2026-06-30,12,86.2,8
ÁGUAS LINDAS DE GOIÁS,"1ª Vara Criminal (crimes dolosos contra a vida, Pres. Trib. Juri e execuções penais)",2026-07-31,12,87.1,9
ÁGUAS LINDAS DE GOIÁS,"1ª Vara Criminal (crimes dolosos contra a vida, Pres. Trib. Juri e execuções penais)",2026-08-31,12,87.99,10
ÁGUAS LINDAS DE GOIÁS,"1ª Vara Criminal (crimes dolosos contra a vida, Pres. Trib. Juri e execuções penais)",2026-09-30,12,88.86,11
ÁGUAS LINDAS DE GOIÁS,"1ª Vara Criminal (crimes dolosos contra a vida, Pres. Trib. Juri e execuções penais)",2026-10-31,12,89.76,12
ÁGUAS LINDAS DE GOIÁS,"1ª Vara Cível, Família e Sucessões e da Infância e da Juventude",2025-11-30,12,97.65,1
ÁGUAS LINDAS DE GOIÁS,"1ª Vara Cível, Família e Sucessões e da Infância e da Juventude",2025-12-31,12,97.96,2
ÁGUAS LINDAS DE GOIÁS,"1ª Vara Cível, Família e Sucessões e da Infância e da Juventude",2026-01-31,12,98.26,3
ÁGUAS LINDAS DE GOIÁS,"1ª Vara Cível, Família e Sucessões e da Infância e da Juventude",2026-02-28,12,98.53,4
ÁGUAS LINDAS DE GOIÁS,"1ª Vara Cível, Família e Sucessões e da Infância e da Juventude",2026-03-31,12,98.84,5
ÁGUAS LINDAS DE GOIÁS,"1ª Vara Cível, Família e Sucessões e da Infância e da Juventude",2026-04-30,12,99.13,6
ÁGUAS LINDAS DE GOIÁS,"1ª Vara Cível, Família e Sucessões e da Infância e da Juventude",2026-05-31,12,99.43,7
ÁGUAS LINDAS DE GOIÁS,"1ª Vara Cível, Família e Sucessões e da Infância e da Juventude",2026-06-30,12,99.73,8
ÁGUAS LINDAS DE GOIÁS,"1ª Vara Cível, Família e Sucessões e da Infância e da Juventude",2026-07-31,12,100.0,9
ÁGUAS LINDAS DE GOIÁS,"1ª Vara Cível, Família e Sucessões e da Infância e da Juventude",2026-08-31,12,100.0,10
ÁGUAS LINDAS DE GOIÁS,"1ª Vara Cível, Família e Sucessões e da Infância e da Juventude",2026-09-30,12,100.0,11
ÁGUAS LINDAS DE GOIÁS,"1ª Vara Cível, Família e Sucessões e da Infância e da Juventude",2026-10-31,12,100.0,12
ÁGUAS LINDAS DE GOIÁS,"1ª Vara de Fazendas Públicas, Registros Públicos e Ambiental",2025-11-30,12,89.33,1
ÁGUAS LINDAS DE GOIÁS,"1ª Vara de Fazendas Públicas, Registros Públicos e Ambiental",2025-12-31,12,89.18,2
ÁGUAS LINDAS DE GOIÁS,"1ª Vara de Fazendas Públicas, Registros Públicos e Ambiental",2026-01-31,12,89.03,3
ÁGUAS LINDAS DE GOIÁS,"1ª Vara de Fazendas Públicas, Registros Públicos e Ambiental",2026-02-28,12,88.89,4
ÁGUAS LINDAS DE GOIÁS,"1ª Vara de Fazendas Públicas, Registros Públicos e Ambiental",2026-03-31,12,88.74,5
ÁGUAS LINDAS DE GOIÁS,"1ª Vara de Fazendas Públicas, Registros Públicos e Ambiental",2026-04-30,12,88.59,6
ÁGUAS LINDAS DE GOIÁS,"1ª Vara de Fazendas Públicas, Registros Públicos e Ambiental",2026-05-31,12,88.44,7
ÁGUAS LINDAS DE GOIÁS,"1ª Vara de Fazendas Públicas, Registros Públicos e Ambiental",2026-06-30,12,88.3,8
ÁGUAS LINDAS DE GOIÁS,"1ª Vara de Fazendas Públicas, Registros Públicos e Ambiental",2026-07-31,12,88.14,9
ÁGUAS LINDAS DE GOIÁS,"1ª Vara de Fazendas Públicas, Registros Públicos e Ambiental",2026-08-31,12,87.99,10
ÁGUAS LINDAS DE GOIÁS,"1ª Vara de Fazendas Públicas, Registros Públicos e Ambiental",2026-09-30,12,87.84,11
ÁGUAS LINDAS DE GOIÁS,"1ª Vara de Fazendas Públicas, Registros Públicos e Ambiental",2026-10-31,12,87.69,12
ÁGUAS LINDAS DE GOIÁS,2ª Vara Criminal (crimes em geral),2025-11-30,12,100.0,1
ÁGUAS LINDAS DE GOIÁS,2ª Vara Criminal (crimes em geral),2025-12-31,12,100.0,2
ÁGUAS LINDAS DE GOIÁS,2ª Vara Criminal (crimes em geral),2026-01-31,12,100.0,3
ÁGUAS LINDAS DE GOIÁS,2ª Vara Criminal (crimes em geral),2026-02-28,12,100.0,4
ÁGUAS LINDAS DE GOIÁS,2ª Vara Criminal (crimes em geral),2026-03-31,12,100.0,5
ÁGUAS LINDAS DE GOIÁS,2ª Vara Criminal (crimes em geral),2026-04-30,12,100.0,6
ÁGUAS LINDAS DE GOIÁS,2ª Vara Criminal (crimes em geral),2026-05-31,12,100.0,7
ÁGUAS LINDAS DE GOIÁS,2ª Vara Criminal (crimes em geral),2026-06-30,12,100.0,8
ÁGUAS LINDAS DE GOIÁS,2ª Vara Criminal (crimes em geral),2026-07-31,12,100.0,9
ÁGUAS LINDAS DE GOIÁS,2ª Vara Criminal (crimes em geral),2026-08-31,12,100.0,10
ÁGUAS LINDAS DE GOIÁS,2ª Vara Criminal (crimes em geral),2026-09-30,12,100.0,11
ÁGUAS LINDAS DE GOIÁS,2ª Vara Criminal (crimes em geral),2026-10-31,12,100.0,12
ÁGUAS LINDAS DE GOIÁS,"2ª Vara Cível, Família e Sucessões",2025-11-30,12,94.82,1
ÁGUAS LINDAS DE GOIÁS,"2ª Vara Cível, Família e Sucessões",2025-12-31,12,94.89,2
ÁGUAS LINDAS DE GOIÁS,"2ª Vara Cível, Família e Sucessões",2026-01-31,12,94.96,3
ÁGUAS LINDAS DE GOIÁS,"2ª Vara Cível, Família e Sucessões",2026-02-28,12,95.03,4
ÁGUAS LINDAS DE GOIÁS,"2ª Vara Cível, Família e Sucessões",2026-03-31,12,95.1,5
ÁGUAS LINDAS DE GOIÁS,"2ª Vara Cível, Família e Sucessões",2026-04-30,12,95.17,6
ÁGUAS LINDAS DE GOIÁS,"2ª Vara Cível, Família e Sucessões",2026-05-31,12,95.24,7
ÁGUAS LINDAS DE GOIÁS,"2ª Vara Cível, Família e Sucessões",2026-06-30,12,95.31,8
ÁGUAS LINDAS DE GOIÁS,"2ª Vara Cível, Família e Sucessões",2026-07-31,12,95.38,9
ÁGUAS LINDAS DE GOIÁS,"2ª Vara Cível, Família e Sucessões",2026-08-31,12,95.45,10
ÁGUAS LINDAS DE GOIÁS,"2ª Vara Cível, Família e Sucessões",2026-09-30,12,95.52,11
ÁGUAS LINDAS DE GOIÁS,"2ª Vara Cível, Família e Sucessões",2026-10-31,12,95.59,12
ÁGUAS LINDAS DE GOIÁS,"2ª Vara de Fazendas Públicas, Registros Públicos e Ambiental",2025-11-30,12,92.08,1
ÁGUAS LINDAS DE GOIÁS,"2ª Vara de Fazendas Públicas, Registros Públicos e Ambiental",2025-12-31,12,92.43,2
ÁGUAS LINDAS DE GOIÁS,"2ª Vara de Fazendas Públicas, Registros Públicos e Ambiental",2026-01-31,12,92.77,3
ÁGUAS LINDAS DE GOIÁS,"2ª Vara de Fazendas Públicas, Registros Públicos e Ambiental",2026-02-28,12,93.08,4
ÁGUAS LINDAS DE GOIÁS,"2ª Vara de Fazendas Públicas, Registros Públicos e Ambiental",2026-03-31,12,93.43,5
ÁGUAS LINDAS DE GOIÁS,"2ª Vara de Fazendas Públicas, Registros Públicos e Ambiental",2026-04-30,12,93.76,6
ÁGUAS LINDAS DE GOIÁS,"2ª Vara de Fazendas Públicas, Registros Públicos e Ambiental",2026-05-31,12,94.1,7
ÁGUAS LINDAS DE GOIÁS,"2ª Vara de Fazendas Públicas, Registros Públicos e Ambiental",2026-06-30,12,94.44,8
ÁGUAS LINDAS DE GOIÁS,"2ª Vara de Fazendas Públicas, Registros Públicos e Ambiental",2026-07-31,12,94.78,9
ÁGUAS LINDAS DE GOIÁS,"2ª Vara de Fazendas Públicas, Registros Públicos e Ambiental",2026-08-31,12,95.13,10
ÁGUAS LINDAS DE GOIÁS,"2ª Vara de Fazendas Públicas, Registros Públicos e Ambiental",2026-09-30,12,95.46,11
ÁGUAS LINDAS DE GOIÁS,"2ª Vara de Fazendas Públicas, Registros Públicos e Ambiental",2026-10-31,12,95.8,12
ÁGUAS LINDAS DE GOIÁS,3ª Vara Criminal (crimes em geral),2025-11-30,12,100.0,1
ÁGUAS LINDAS DE GOIÁS,3ª Vara Criminal (crimes em geral),2025-12-31,12,100.0,2
ÁGUAS LINDAS DE GOIÁS,3ª Vara Criminal (crimes em geral),2026-01-31,12,100.0,3
ÁGUAS LINDAS DE GOIÁS,3ª Vara Criminal (crimes em geral),2026-02-28,12,100.0,4
ÁGUAS LINDAS DE GOIÁS,3ª Vara Criminal (crimes em geral),2026-03-31,12,100.0,5
ÁGUAS LINDAS DE GOIÁS,3ª Vara Criminal (crimes em geral),2026-04-30,12,100.0,6
ÁGUAS LINDAS DE GOIÁS,3ª Vara Criminal (crimes em geral),2026-05-31,12,100.0,7
ÁGUAS LINDAS DE GOIÁS,3ª Vara Criminal (crimes em geral),2026-06-30,12,100.0,8
ÁGUAS LINDAS DE GOIÁS,3ª Vara Criminal (crimes em geral),2026-07-31,12,100.0,9
ÁGUAS LINDAS DE GOIÁS,3ª Vara Criminal (crimes em geral),2026-08-31,12,100.0,10
ÁGUAS LINDAS DE GOIÁS,3ª Vara Criminal (crimes em geral),2026-09-30,12,100.0,11
ÁGUAS LINDAS DE GOIÁS,3ª Vara Criminal (crimes em geral),2026-10-31,12,100.0,12
ÁGUAS LINDAS DE GOIÁS,Juizado Especial Cível e Criminal,2025-11-30,12,91.97,1
ÁGUAS LINDAS DE GOIÁS,Juizado Especial Cível e Criminal,2025-12-31,12,93.23,2
ÁGUAS LINDAS DE GOIÁS,Juizado Especial Cível e Criminal,2026-01-31,12,94.48,3
ÁGUAS LINDAS DE GOIÁS,Juizado Especial Cível e Criminal,2026-02-28,12,95.62,4
ÁGUAS LINDAS DE GOIÁS,Juizado Especial Cível e Criminal,2026-03-31,12,96.88,5
ÁGUAS LINDAS DE GOIÁS,Juizado Especial Cível e Criminal,2026-04-30,12,98.1,6
ÁGUAS LINDAS DE GOIÁS,Juizado Especial Cível e Criminal,2026-05-31,12,99.35,7
ÁGUAS LINDAS DE GOIÁS,Juizado Especial Cível e Criminal,2026-06-30,12,100.0,8
ÁGUAS LINDAS DE GOIÁS,Juizado Especial Cível e Criminal,2026-07-31,12,100.0,9
ÁGUAS LINDAS DE GOIÁS,Juizado Especial Cível e Criminal,2026-08-31,12,100.0,10
ÁGUAS LINDAS DE GOIÁS,Juizado Especial Cível e Criminal,2026-09-30,12,100.0,11
ÁGUAS LINDAS DE GOIÁS,Juizado Especial Cível e Criminal,2026-10-31,12,100.0,12
ÁGUAS LINDAS DE GOIÁS,Juizado de Violência Doméstica e Familiar contra a Mulher,2025-11-30,12,100.0,1
ÁGUAS LINDAS DE GOIÁS,Juizado de Violência Doméstica e Familiar contra a Mulher,2025-12-31,12,100.0,2
ÁGUAS LINDAS DE GOIÁS,Juizado de Violência Doméstica e Familiar contra a Mulher,2026-01-31,12,100.0,3
ÁGUAS LINDAS DE GOIÁS,Juizado de Violência Doméstica e Familiar contra a Mulher,2026-02-28,12,100.0,4
ÁGUAS LINDAS DE GOIÁS,Juizado de Violência Doméstica e Familiar contra a Mulher,2026-03-31,12,100.0,5
ÁGUAS LINDAS DE GOIÁS,Juizado de Violência Doméstica e Familiar contra a Mulher,2026-04-30,12,100.0,6
ÁGUAS LINDAS DE GOIÁS,Juizado de Violência Doméstica e Familiar contra a Mulher,2026-05-31,12,100.0,7
ÁGUAS LINDAS DE GOIÁS,Juizado de Violência Doméstica e Familiar contra a Mulher,2026-06-30,12,100.0,8
ÁGUAS LINDAS DE GOIÁS,Juizado de Violência Doméstica e Familiar contra a Mulher,2026-07-31,12,100.0,9
ÁGUAS LINDAS DE GOIÁS,Juizado de Violência Doméstica e Familiar contra a Mulher,2026-08-31,12,100.0,10
ÁGUAS LINDAS DE GOIÁS,Juizado de Violência Doméstica e Familiar contra a Mulher,2026-09-30,12,100.0,11
ÁGUAS LINDAS DE GOIÁS,Juizado de Violência Doméstica e Familiar contra a Mulher,2026-10-31,12,100.0,12
