comarca,serventia,data_futura,horizonte_meses,taxa_prevista,mes_no_horizonte
ABADIÂNIA,Vara Judicial,2025-11-30,6,90.83,1
ABADIÂNIA,Vara Judicial,2025-12-31,6,91.09,2
ABADIÂNIA,Vara Judicial,2026-01-31,6,91.34,3
ABADIÂNIA,Vara Judicial,2026-02-28,6,91.57,4
ABADIÂNIA,Vara Judicial,2026-03-31,6,91.83,5
ABADIÂNIA,Vara Judicial,2026-04-30,6,92.08,6
ACREÚNA,"1ª Vara Judicial (Família e Sucessões, Infância e Juventude, Cível e Juizado Especial Cível)",2025-11-30,6,96.57,1
ACREÚNA,"1ª Vara Judicial (Família e Sucessões, Infância e Juventude, Cível e Juizado Especial Cível)",2025-12-31,6,97.58,2
ACREÚNA,"1ª Vara Judicial (Família e Sucessões, Infância e Juventude, Cível e Juizado Especial Cível)",2026-01-31,6,98.59,3
ACREÚNA,"1ª Vara Judicial (Família e Sucessões, Infância e Juventude, Cível e Juizado Especial Cível)",2026-02-28,6,99.5,4
ACREÚNA,"1ª Vara Judicial (Família e Sucessões, Infância e Juventude, Cível e Juizado Especial Cível)",2026-03-31,6,100.0,5
ACREÚNA,"1ª Vara Judicial (Família e Sucessões, Infância e Juventude, Cível e Juizado Especial Cível)",2026-04-30,6,100.0,6
ACREÚNA,"2ª Vara Judicial (Fazendas Públicas, Criminal, Execução Penal e Juizado Criminal)",2025-11-30,6,94.42,1
ACREÚNA,"2ª Vara Judicial (Fazendas Públicas, Criminal, Execução Penal e Juizado Criminal)",2025-12-31,6,94.65,2
ACREÚNA,"2ª Vara Judicial (Fazendas Públicas, Criminal, Execução Penal e Juizado Criminal)",2026-01-31,6,94.89,3
ACREÚNA,"2ª Vara Judicial (Fazendas Públicas, Criminal, Execução Penal e Juizado Criminal)",2026-02-28,6,95.11,4
ACREÚNA,"2ª Vara Judicial (Fazendas Públicas, Criminal, Execução Penal e Juizado Criminal)",2026-03-31,6,95.34,5
ACREÚNA,"2ª Vara Judicial (Fazendas Públicas, Criminal, Execução Penal e Juizado Criminal)",2026-04-30,6,95.57,6
ALEXÂNIA,Vara Judicial,2025-11-30,6,97.18,1
ALEXÂNIA,Vara Judicial,2025-12-31,6,97.69,2
ALEXÂNIA,Vara Judicial,2026-01-31,6,98.21,3
ALEXÂNIA,Vara Judicial,2026-02-28,6,98.68,4
ALEXÂNIA,Vara Judicial,2026-03-31,6,99.2,5
ALEXÂNIA,Vara Judicial,2026-04-30,6,99.7,6
ALTO PARAÍSO DE GOIÁS,Vara Judicial,2025-11-30,6,95.86,1
ALTO PARAÍSO DE GOIÁS,Vara Judicial,2025-12-31,6,95.94,2
ALTO PARAÍSO DE GOIÁS,Vara Judicial,2026-01-31,6,96.03,3
ALTO PARAÍSO DE GOIÁS,Vara Judicial,2026-02-28,6,96.1,4
ALTO PARAÍSO DE GOIÁS,Vara Judicial,2026-03-31,6,96.19,5
ALTO PARAÍSO DE GOIÁS,Vara Judicial,2026-04-30,6,96.27,6
ALVORADA DO NORTE,Vara Judicial,2025-11-30,6,96.02,1
ALVORADA DO NORTE,Vara Judicial,2025-12-31,6,96.26,2
ALVORADA DO NORTE,Vara Judicial,2026-01-31,6,96.5,3
ALVORADA DO NORTE,Vara Judicial,2026-02-28,6,96.72,4
ALVORADA DO NORTE,Vara Judicial,2026-03-31,6,96.96,5
ALVORADA DO NORTE,Vara Judicial,2026-04-30,6,97.2,6
ANICUNS,"1ª Vara Judicial (Família e Sucessões, Infância e Juventude, Cível e Juizado Especial Cível)",2025-11-30,6,100.0,1
ANICUNS,"1ª Vara Judicial (Família e Sucessões, Infância e Juventude, Cível e Juizado Especial Cível)",2025-12-31,6,100.0,2
ANICUNS,"1ª Vara Judicial (Família e Sucessões, Infância e Juventude, Cível e Juizado Especial Cível)",2026-01-31,6,100.0,3
ANICUNS,"1ª Vara Judicial (Família e Sucessões, Infância e Juventude, Cível e Juizado Especial Cível)",2026-02-28,6,100.0,4
ANICUNS,"1ª Vara Judicial (Família e Sucessões, Infância e Juventude, Cível e Juizado Especial Cível)",2026-03-31,6,100.0,5
ANICUNS,"1ª Vara Judicial (Família e Sucessões, Infância e Juventude, Cível e Juizado Especial Cível)",2026-04-30,6,100.0,6
ANICUNS,"2ª Vara Judicial (Fazendas Públicas, Criminal, Execução Penal e Juizado Criminal)",2025-11-30,6,91.31,1
ANICUNS,"2ª Vara Judicial (Fazendas Públicas, Criminal, Execução Penal e Juizado Criminal)",2025-12-31,6,91.85,2
ANICUNS,"2ª Vara Judicial (Fazendas Públicas, Criminal, Execução Penal e Juizado Criminal)",2026-01-31,6,92.39,3
ANICUNS,"2ª Vara Judicial (Fazendas Públicas, Criminal, Execução Penal e Juizado Criminal)",2026-02-28,6,92.87,4
ANICUNS,"2ª Vara Judicial (Fazendas Públicas, Criminal, Execução Penal e Juizado Criminal)",2026-03-31,6,93.41,5
ANICUNS,"2ª Vara Judicial (Fazendas Públicas, Criminal, Execução Penal e Juizado Criminal)",2026-04-30,6,93.93,6
ANÁPOLIS,1ª Vara Criminal,2025-11-30,6,100.0,1
ANÁPOLIS,1ª Vara Criminal,2025-12-31,6,100.0,2
ANÁPOLIS,1ª Vara Criminal,2026-01-31,6,100.0,3
ANÁPOLIS,1ª Vara Criminal,2026-02-28,6,100.0,4
ANÁPOLIS,1ª Vara Criminal,2026-03-31,6,100.0,5
ANÁPOLIS,1ª Vara Criminal,2026-04-30,6,100.0,6
ANÁPOLIS,1ª Vara Cível,2025-11-30,6,95.38,1
ANÁPOLIS,1ª Vara Cível,2025-12-31,6,95.45,2
ANÁPOLIS,1ª Vara Cível,2026-01-31,6,95.52,3
ANÁPOLIS,1ª Vara Cível,2026-02-28,6,95.58,4
ANÁPOLIS,1ª Vara Cível,2026-03-31,6,95.65,5
ANÁPOLIS,1ª Vara Cível,2026-04-30,6,95.72,6
ANÁPOLIS,1ª Vara de Família e Sucessões,2025-11-30,6,91.61,1
ANÁPOLIS,1ª Vara de Família e Sucessões,2025-12-31,6,92.33,2
ANÁPOLIS,1ª Vara de Família e Sucessões,2026-01-31,6,93.04,3
ANÁPOLIS,1ª Vara de Família e Sucessões,2026-02-28,6,93.69,4
ANÁPOLIS,1ª Vara de Família e Sucessões,2026-03-31,6,94.4,5
ANÁPOLIS,1ª Vara de Família e Sucessões,2026-04-30,6,95.09,6
ANÁPOLIS,1º Juizado Especial Criminal,2025-11-30,6,97.05,1
ANÁPOLIS,1º Juizado Especial Criminal,2025-12-31,6,97.66,2
ANÁPOLIS,1º Juizado Especial Criminal,2026-01-31,6,98.27,3
ANÁPOLIS,1º Juizado Especial Criminal,2026-02-28,6,98.82,4
ANÁPOLIS,1º Juizado Especial Criminal,2026-03-31,6,99.43,5
ANÁPOLIS,1º Juizado Especial Criminal,2026-04-30,6,100.0,6
ANÁPOLIS,1º Juizado Especial Cível,2025-11-30,6,64.27,1
ANÁPOLIS,1º Juizado Especial Cível,2025-12-31,6,65.45,2
ANÁPOLIS,1º Juizado Especial Cível,2026-01-31,6,66.62,3
ANÁPOLIS,1º Juizado Especial Cível,2026-02-28,6,67.68,4
ANÁPOLIS,1º Juizado Especial Cível,2026-03-31,6,68.86,5
ANÁPOLIS,1º Juizado Especial Cível,2026-04-30,6,69.99,6
ANÁPOLIS,2ª Vara Criminal,2025-11-30,6,96.72,1
ANÁPOLIS,2ª Vara Criminal,2025-12-31,6,97.2,2
ANÁPOLIS,2ª Vara Criminal,2026-01-31,6,97.68,3
ANÁPOLIS,2ª Vara Criminal,2026-02-28,6,98.11,4
ANÁPOLIS,2ª Vara Criminal,2026-03-31,6,98.59,5
ANÁPOLIS,2ª Vara Criminal,2026-04-30,6,99.05,6
ANÁPOLIS,2ª Vara Cível,2025-11-30,6,94.28,1
ANÁPOLIS,2ª Vara Cível,2025-12-31,6,94.25,2
ANÁPOLIS,2ª Vara Cível,2026-01-31,6,94.23,3
ANÁPOLIS,2ª Vara Cível,2026-02-28,6,94.21,4
ANÁPOLIS,2ª Vara Cível,2026-03-31,6,94.19,5
ANÁPOLIS,2ª Vara Cível,2026-04-30,6,94.17,6
ANÁPOLIS,2ª Vara de Família e Sucessões,2025-11-30,6,98.38,1
ANÁPOLIS,2ª Vara de Família e Sucessões,2025-12-31,6,99.6,2
ANÁPOLIS,2ª Vara de Família e Sucessões,2026-01-31,6,100.0,3
ANÁPOLIS,2ª Vara de Família e Sucessões,2026-02-28,6,100.0,4
ANÁPOLIS,2ª Vara de Família e Sucessões,2026-03-31,6,100.0,5
ANÁPOLIS,2ª Vara de Família e Sucessões,2026-04-30,6,100.0,6
ANÁPOLIS,2º Juizado Especial Cível,2025-11-30,6,73.98,1
ANÁPOLIS,2º Juizado Especial Cível,2025-12-31,6,74.95,2
ANÁPOLIS,2º Juizado Especial Cível,2026-01-31,6,75.91,3
ANÁPOLIS,2º Juizado Especial Cível,2026-02-28,6,76.78,4
ANÁPOLIS,2º Juizado Especial Cível,2026-03-31,6,77.75,5
ANÁPOLIS,2º Juizado Especial Cível,2026-04-30,6,78.68,6
ANÁPOLIS,3ª Vara Criminal,2025-11-30,6,100.0,1
ANÁPOLIS,3ª Vara Criminal,2025-12-31,6,100.0,2
ANÁPOLIS,3ª Vara Criminal,2026-01-31,6,100.0,3
ANÁPOLIS,3ª Vara Criminal,2026-02-28,6,100.0,4
ANÁPOLIS,3ª Vara Criminal,2026-03-31,6,100.0,5
ANÁPOLIS,3ª Vara Criminal,2026-04-30,6,100.0,6
ANÁPOLIS,3ª Vara Cível,2025-11-30,6,91.81,1
ANÁPOLIS,3ª Vara Cível,2025-12-31,6,91.68,2
ANÁPOLIS,3ª Vara Cível,2026-01-31,6,91.55,3
ANÁPOLIS,3ª Vara Cível,2026-02-28,6,91.43,4
ANÁPOLIS,3ª Vara Cível,2026-03-31,6,91.3,5
ANÁPOLIS,3ª Vara Cível,2026-04-30,6,91.17,6
ANÁPOLIS,3ª Vara de Família e Sucessões,2025-11-30,6,95.02,1
ANÁPOLIS,3ª Vara de Família e Sucessões,2025-12-31,6,95.39,2
ANÁPOLIS,3ª Vara de Família e Sucessões,2026-01-31,6,95.75,3
ANÁPOLIS,3ª Vara de Família e Sucessões,2026-02-28,6,96.09,4
ANÁPOLIS,3ª Vara de Família e Sucessões,2026-03-31,6,96.45,5
ANÁPOLIS,3ª Vara de Família e Sucessões,2026-04-30,6,96.81,6
ANÁPOLIS,3º Juizado Especial Cível,2025-11-30,6,50.79,1
ANÁPOLIS,3º Juizado Especial Cível,2025-12-31,6,51.82,2
ANÁPOLIS,3º Juizado Especial Cível,2026-01-31,6,52.86,3
ANÁPOLIS,3º Juizado Especial Cível,2026-02-28,6,53.79,4
ANÁPOLIS,3º Juizado Especial Cível,2026-03-31,6,54.82,5
ANÁPOLIS,3º Juizado Especial Cível,2026-04-30,6,55.82,6
ANÁPOLIS,4ª Vara Criminal (Presidência do Tribunal do Juri e execuções penais),2025-11-30,6,3.22,1
ANÁPOLIS,4ª Vara Criminal (Presidência do Tribunal do Juri e execuções penais),2025-12-31,6,3.09,2
ANÁPOLIS,4ª Vara Criminal (Presidência do Tribunal do Juri e execuções penais),2026-01-31,6,2.96,3
ANÁPOLIS,4ª Vara Criminal (Presidência do Tribunal do Juri e execuções penais),2026-02-28,6,2.85,4
ANÁPOLIS,4ª Vara Criminal (Presidência do Tribunal do Juri e execuções penais),2026-03-31,6,2.72,5
ANÁPOLIS,4ª Vara Criminal (Presidência do Tribunal do Juri e execuções penais),2026-04-30,6,2.59,6
ANÁPOLIS,4ª Vara Cível,2025-11-30,6,95.45,1
ANÁPOLIS,4ª Vara Cível,2025-12-31,6,95.47,2
ANÁPOLIS,4ª Vara Cível,2026-01-31,6,95.5,3
ANÁPOLIS,4ª Vara Cível,2026-02-28,6,95.52,4
ANÁPOLIS,4ª Vara Cível,2026-03-31,6,95.54,5
ANÁPOLIS,4ª Vara Cível,2026-04-30,6,95.57,6
ANÁPOLIS,4º Juizado Especial Cível,2025-11-30,6,77.78,1
ANÁPOLIS,4º Juizado Especial Cível,2025-12-31,6,79.3,2
ANÁPOLIS,4º Juizado Especial Cível,2026-01-31,6,80.81,3
ANÁPOLIS,4º Juizado Especial Cível,2026-02-28,6,82.18,4
ANÁPOLIS,4º Juizado Especial Cível,2026-03-31,6,83.7,5
ANÁPOLIS,4º Juizado Especial Cível,2026-04-30,6,85.17,6
ANÁPOLIS,5ª Vara Criminal,2025-11-30,6,100.0,1
ANÁPOLIS,5ª Vara Criminal,2025-12-31,6,100.0,2
ANÁPOLIS,5ª Vara Criminal,2026-01-31,6,100.0,3
ANÁPOLIS,5ª Vara Criminal,2026-02-28,6,100.0,4
ANÁPOLIS,5ª Vara Criminal,2026-03-31,6,100.0,5
ANÁPOLIS,5ª Vara Criminal,2026-04-30,6,100.0,6
ANÁPOLIS,5ª Vara Cível,2025-11-30,6,95.97,1
ANÁPOLIS,5ª Vara Cível,2025-12-31,6,96.1,2
ANÁPOLIS,5ª Vara Cível,2026-01-31,6,96.23,3
ANÁPOLIS,5ª Vara Cível,2026-02-28,6,96.35,4
ANÁPOLIS,5ª Vara Cível,2026-03-31,6,96.48,5
ANÁPOLIS,5ª Vara Cível,2026-04-30,6,96.61,6
ANÁPOLIS,6ª Vara Cível,2025-11-30,6,93.29,1
ANÁPOLIS,6ª Vara Cível,2025-12-31,6,93.36,2
ANÁPOLIS,6ª Vara Cível,2026-01-31,6,93.43,3
ANÁPOLIS,6ª Vara Cível,2026-02-28,6,93.5,4
ANÁPOLIS,6ª Vara Cível,2026-03-31,6,93.57,5
ANÁPOLIS,6ª Vara Cível,2026-04-30,6,93.63,6
ANÁPOLIS,Juizado da Infância e da Juventude,2025-11-30,6,89.61,1
ANÁPOLIS,Juizado da Infância e da Juventude,2025-12-31,6,91.47,2
ANÁPOLIS,Juizado da Infância e da Juventude,2026-01-31,6,93.34,3
ANÁPOLIS,Juizado da Infância e da Juventude,2026-02-28,6,95.02,4
ANÁPOLIS,Juizado da Infância e da Juventude,2026-03-31,6,96.89,5
ANÁPOLIS,Juizado da Infância e da Juventude,2026-04-30,6,98.69,6
ANÁPOLIS,Juizado de Violência Doméstica e Familiar Contra a Mulher,2025-11-30,6,96.4,1
ANÁPOLIS,Juizado de Violência Doméstica e Familiar Contra a Mulher,2025-12-31,6,96.93,2
ANÁPOLIS,Juizado de Violência Doméstica e Familiar Contra a Mulher,2026-01-31,6,97.45,3
ANÁPOLIS,Juizado de Violência Doméstica e Familiar Contra a Mulher,2026-02-28,6,97.93,4
ANÁPOLIS,Juizado de Violência Doméstica e Familiar Contra a Mulher,2026-03-31,6,98.45,5
ANÁPOLIS,Juizado de Violência Doméstica e Familiar Contra a Mulher,2026-04-30,6,98.96,6
ANÁPOLIS,"Vara da Faz. Púb. Mun.,de Reg. Púb., e Amb.",2025-11-30,6,94.91,1
ANÁPOLIS,"Vara da Faz. Púb. Mun.,de Reg. Púb., e Amb.",2025-12-31,6,94.93,2
ANÁPOLIS,"Vara da Faz. Púb. Mun.,de Reg. Púb., e Amb.",2026-01-31,6,94.95,3
ANÁPOLIS,"Vara da Faz. Púb. Mun.,de Reg. Púb., e Amb.",2026-02-28,6,94.96,4
ANÁPOLIS,"Vara da Faz. Púb. Mun.,de Reg. Púb., e Amb.",2026-03-31,6,94.98,5
ANÁPOLIS,"Vara da Faz. Púb. Mun.,de Reg. Púb., e Amb.",2026-04-30,6,95.0,6
ANÁPOLIS,Vara da Fazenda Pública Estadual ,2025-11-30,6,87.74,1
ANÁPOLIS,Vara da Fazenda Pública Estadual ,2025-12-31,6,87.46,2
ANÁPOLIS,Vara da Fazenda Pública Estadual ,2026-01-31,6,87.19,3
ANÁPOLIS,Vara da Fazenda Pública Estadual ,2026-02-28,6,86.95,4
ANÁPOLIS,Vara da Fazenda Pública Estadual ,2026-03-31,6,86.68,5
ANÁPOLIS,Vara da Fazenda Pública Estadual ,2026-04-30,6,86.42,6
APARECIDA DE GOIÂNIA,1ª Vara Criminal,2025-11-30,6,100.0,1
APARECIDA DE GOIÂNIA,1ª Vara Criminal,2025-12-31,6,100.0,2
APARECIDA DE GOIÂNIA,1ª Vara Criminal,2026-01-31,6,100.0,3
APARECIDA DE GOIÂNIA,1ª Vara Criminal,2026-02-28,6,100.0,4
APARECIDA DE GOIÂNIA,1ª Vara Criminal,2026-03-31,6,100.0,5
APARECIDA DE GOIÂNIA,1ª Vara Criminal,2026-04-30,6,100.0,6
APARECIDA DE GOIÂNIA,"1ª Vara Criminal dos Crimes Dolosos contra a Vida, Tribunal do Júri e Execuções Penais (privativas de liberdade em regime aberto)",2025-11-30,6,77.25,1
APARECIDA DE GOIÂNIA,"1ª Vara Criminal dos Crimes Dolosos contra a Vida, Tribunal do Júri e Execuções Penais (privativas de liberdade em regime aberto)",2025-12-31,6,78.43,2
APARECIDA DE GOIÂNIA,"1ª Vara Criminal dos Crimes Dolosos contra a Vida, Tribunal do Júri e Execuções Penais (privativas de liberdade em regime aberto)",2026-01-31,6,79.6,3
APARECIDA DE GOIÂNIA,"1ª Vara Criminal dos Crimes Dolosos contra a Vida, Tribunal do Júri e Execuções Penais (privativas de liberdade em regime aberto)",2026-02-28,6,80.66,4
APARECIDA DE GOIÂNIA,"1ª Vara Criminal dos Crimes Dolosos contra a Vida, Tribunal do Júri e Execuções Penais (privativas de liberdade em regime aberto)",2026-03-31,6,81.83,5
APARECIDA DE GOIÂNIA,"1ª Vara Criminal dos Crimes Dolosos contra a Vida, Tribunal do Júri e Execuções Penais (privativas de liberdade em regime aberto)",2026-04-30,6,82.97,6
APARECIDA DE GOIÂNIA,1ª Vara Cível,2025-11-30,6,95.35,1
APARECIDA DE GOIÂNIA,1ª Vara Cível,2025-12-31,6,95.32,2
APARECIDA DE GOIÂNIA,1ª Vara Cível,2026-01-31,6,95.29,3
APARECIDA DE GOIÂNIA,1ª Vara Cível,2026-02-28,6,95.26,4
APARECIDA DE GOIÂNIA,1ª Vara Cível,2026-03-31,6,95.23,5
APARECIDA DE GOIÂNIA,1ª Vara Cível,2026-04-30,6,95.2,6
APARECIDA DE GOIÂNIA,1ª Vara de Família e Sucessões,2025-11-30,6,97.22,1
APARECIDA DE GOIÂNIA,1ª Vara de Família e Sucessões,2025-12-31,6,98.18,2
APARECIDA DE GOIÂNIA,1ª Vara de Família e Sucessões,2026-01-31,6,99.13,3
APARECIDA DE GOIÂNIA,1ª Vara de Família e Sucessões,2026-02-28,6,100.0,4
APARECIDA DE GOIÂNIA,1ª Vara de Família e Sucessões,2026-03-31,6,100.0,5
APARECIDA DE GOIÂNIA,1ª Vara de Família e Sucessões,2026-04-30,6,100.0,6
APARECIDA DE GOIÂNIA,1° Juizado de Violência Doméstica e Familiar contra a Mulher,2025-11-30,6,85.12,1
APARECIDA DE GOIÂNIA,1° Juizado de Violência Doméstica e Familiar contra a Mulher,2025-12-31,6,85.56,2
APARECIDA DE GOIÂNIA,1° Juizado de Violência Doméstica e Familiar contra a Mulher,2026-01-31,6,86.01,3
APARECIDA DE GOIÂNIA,1° Juizado de Violência Doméstica e Familiar contra a Mulher,2026-02-28,6,86.42,4
APARECIDA DE GOIÂNIA,1° Juizado de Violência Doméstica e Familiar contra a Mulher,2026-03-31,6,86.86,5
APARECIDA DE GOIÂNIA,1° Juizado de Violência Doméstica e Familiar contra a Mulher,2026-04-30,6,87.3,6
APARECIDA DE GOIÂNIA,1º Juizado Especial Criminal,2025-11-30,6,100.0,1
APARECIDA DE GOIÂNIA,1º Juizado Especial Criminal,2025-12-31,6,100.0,2
APARECIDA DE GOIÂNIA,1º Juizado Especial Criminal,2026-01-31,6,100.0,3
APARECIDA DE GOIÂNIA,1º Juizado Especial Criminal,2026-02-28,6,100.0,4
APARECIDA DE GOIÂNIA,1º Juizado Especial Criminal,2026-03-31,6,100.0,5
APARECIDA DE GOIÂNIA,1º Juizado Especial Criminal,2026-04-30,6,100.0,6
APARECIDA DE GOIÂNIA,1º Juizado Especial Cível,2025-11-30,6,78.27,1
APARECIDA DE GOIÂNIA,1º Juizado Especial Cível,2025-12-31,6,79.94,2
APARECIDA DE GOIÂNIA,1º Juizado Especial Cível,2026-01-31,6,81.61,3
APARECIDA DE GOIÂNIA,1º Juizado Especial Cível,2026-02-28,6,83.12,4
APARECIDA DE GOIÂNIA,1º Juizado Especial Cível,2026-03-31,6,84.79,5
APARECIDA DE GOIÂNIA,1º Juizado Especial Cível,2026-04-30,6,86.41,6
APARECIDA DE GOIÂNIA,2ª Vara Criminal,2025-11-30,6,100.0,1
APARECIDA DE GOIÂNIA,2ª Vara Criminal,2025-12-31,6,100.0,2
APARECIDA DE GOIÂNIA,2ª Vara Criminal,2026-01-31,6,100.0,3
APARECIDA DE GOIÂNIA,2ª Vara Criminal,2026-02-28,6,100.0,4
APARECIDA DE GOIÂNIA,2ª Vara Criminal,2026-03-31,6,100.0,5
APARECIDA DE GOIÂNIA,2ª Vara Criminal,2026-04-30,6,100.0,6
APARECIDA DE GOIÂNIA,"2ª Vara Criminal dos Crimes Dolosos contra a Vida, Tribunal do Júri e Execuções Penais (restritivas de direito, alternativas e de multa)",2025-11-30,6,100.0,1
APARECIDA DE GOIÂNIA,"2ª Vara Criminal dos Crimes Dolosos contra a Vida, Tribunal do Júri e Execuções Penais (restritivas de direito, alternativas e de multa)",2025-12-31,6,100.0,2
APARECIDA DE GOIÂNIA,"2ª Vara Criminal dos Crimes Dolosos contra a Vida, Tribunal do Júri e Execuções Penais (restritivas de direito, alternativas e de multa)",2026-01-31,6,100.0,3
APARECIDA DE GOIÂNIA,"2ª Vara Criminal dos Crimes Dolosos contra a Vida, Tribunal do Júri e Execuções Penais (restritivas de direito, alternativas e de multa)",2026-02-28,6,100.0,4
APARECIDA DE GOIÂNIA,"2ª Vara Criminal dos Crimes Dolosos contra a Vida, Tribunal do Júri e Execuções Penais (restritivas de direito, alternativas e de multa)",2026-03-31,6,100.0,5
APARECIDA DE GOIÂNIA,"2ª Vara Criminal dos Crimes Dolosos contra a Vida, Tribunal do Júri e Execuções Penais (restritivas de direito, alternativas e de multa)",2026-04-30,6,100.0,6
APARECIDA DE GOIÂNIA,2ª Vara Cível,2025-11-30,6,95.46,1
APARECIDA DE GOIÂNIA,2ª Vara Cível,2025-12-31,6,95.46,2
APARECIDA DE GOIÂNIA,2ª Vara Cível,2026-01-31,6,95.47,3
APARECIDA DE GOIÂNIA,2ª Vara Cível,2026-02-28,6,95.48,4
APARECIDA DE GOIÂNIA,2ª Vara Cível,2026-03-31,6,95.48,5
APARECIDA DE GOIÂNIA,2ª Vara Cível,2026-04-30,6,95.49,6
APARECIDA DE GOIÂNIA,2ª Vara de Família e Sucessões,2025-11-30,6,97.7,1
APARECIDA DE GOIÂNIA,2ª Vara de Família e Sucessões,2025-12-31,6,98.59,2
APARECIDA DE GOIÂNIA,2ª Vara de Família e Sucessões,2026-01-31,6,99.48,3
APARECIDA DE GOIÂNIA,2ª Vara de Família e Sucessões,2026-02-28,6,100.0,4
APARECIDA DE GOIÂNIA,2ª Vara de Família e Sucessões,2026-03-31,6,100.0,5
APARECIDA DE GOIÂNIA,2ª Vara de Família e Sucessões,2026-04-30,6,100.0,6
APARECIDA DE GOIÂNIA,2º Juizado Especial Cível,2025-11-30,6,77.78,1
APARECIDA DE GOIÂNIA,2º Juizado Especial Cível,2025-12-31,6,78.35,2
APARECIDA DE GOIÂNIA,2º Juizado Especial Cível,2026-01-31,6,78.92,3
APARECIDA DE GOIÂNIA,2º Juizado Especial Cível,2026-02-28,6,79.43,4
APARECIDA DE GOIÂNIA,2º Juizado Especial Cível,2026-03-31,6,80.0,5
APARECIDA DE GOIÂNIA,2º Juizado Especial Cível,2026-04-30,6,80.55,6
APARECIDA DE GOIÂNIA,2º Juizado de Violência Doméstica e Familiar contra a Mulher,2025-11-30,6,91.46,1
APARECIDA DE GOIÂNIA,2º Juizado de Violência Doméstica e Familiar contra a Mulher,2025-12-31,6,92.49,2
APARECIDA DE GOIÂNIA,2º Juizado de Violência Doméstica e Familiar contra a Mulher,2026-01-31,6,93.53,3
APARECIDA DE GOIÂNIA,2º Juizado de Violência Doméstica e Familiar contra a Mulher,2026-02-28,6,94.46,4
APARECIDA DE GOIÂNIA,2º Juizado de Violência Doméstica e Familiar contra a Mulher,2026-03-31,6,95.49,5
APARECIDA DE GOIÂNIA,2º Juizado de Violência Doméstica e Familiar contra a Mulher,2026-04-30,6,96.48,6
APARECIDA DE GOIÂNIA,3ª Vara Criminal,2025-11-30,6,100.0,1
APARECIDA DE GOIÂNIA,3ª Vara Criminal,2025-12-31,6,100.0,2
APARECIDA DE GOIÂNIA,3ª Vara Criminal,2026-01-31,6,100.0,3
APARECIDA DE GOIÂNIA,3ª Vara Criminal,2026-02-28,6,100.0,4
APARECIDA DE GOIÂNIA,3ª Vara Criminal,2026-03-31,6,100.0,5
APARECIDA DE GOIÂNIA,3ª Vara Criminal,2026-04-30,6,100.0,6
APARECIDA DE GOIÂNIA,3ª Vara Cível,2025-11-30,6,95.13,1
APARECIDA DE GOIÂNIA,3ª Vara Cível,2025-12-31,6,95.08,2
APARECIDA DE GOIÂNIA,3ª Vara Cível,2026-01-31,6,95.04,3
APARECIDA DE GOIÂNIA,3ª Vara Cível,2026-02-28,6,94.99,4
APARECIDA DE GOIÂNIA,3ª Vara Cível,2026-03-31,6,94.95,5
APARECIDA DE GOIÂNIA,3ª Vara Cível,2026-04-30,6,94.9,6
APARECIDA DE GOIÂNIA,3ª Vara de Família e Sucessões,2025-11-30,6,93.58,1
APARECIDA DE GOIÂNIA,3ª Vara de Família e Sucessões,2025-12-31,6,94.19,2
APARECIDA DE GOIÂNIA,3ª Vara de Família e Sucessões,2026-01-31,6,94.8,3
APARECIDA DE GOIÂNIA,3ª Vara de Família e Sucessões,2026-02-28,6,95.35,4
APARECIDA DE GOIÂNIA,3ª Vara de Família e Sucessões,2026-03-31,6,95.96,5
APARECIDA DE GOIÂNIA,3ª Vara de Família e Sucessões,2026-04-30,6,96.55,6
APARECIDA DE GOIÂNIA,3º Juizado Especial Cível,2025-11-30,6,83.88,1
APARECIDA DE GOIÂNIA,3º Juizado Especial Cível,2025-12-31,6,84.4,2
APARECIDA DE GOIÂNIA,3º Juizado Especial Cível,2026-01-31,6,84.91,3
APARECIDA DE GOIÂNIA,3º Juizado Especial Cível,2026-02-28,6,85.38,4
APARECIDA DE GOIÂNIA,3º Juizado Especial Cível,2026-03-31,6,85.89,5
APARECIDA DE GOIÂNIA,3º Juizado Especial Cível,2026-04-30,6,86.39,6
APARECIDA DE GOIÂNIA,4ª Vara Criminal,2025-11-30,6,100.0,1
APARECIDA DE GOIÂNIA,4ª Vara Criminal,2025-12-31,6,100.0,2
APARECIDA DE GOIÂNIA,4ª Vara Criminal,2026-01-31,6,100.0,3
APARECIDA DE GOIÂNIA,4ª Vara Criminal,2026-02-28,6,100.0,4
APARECIDA DE GOIÂNIA,4ª Vara Criminal,2026-03-31,6,100.0,5
APARECIDA DE GOIÂNIA,4ª Vara Criminal,2026-04-30,6,100.0,6
APARECIDA DE GOIÂNIA,4ª Vara Cível,2025-11-30,6,96.47,1
APARECIDA DE GOIÂNIA,4ª Vara Cível,2025-12-31,6,96.46,2
APARECIDA DE GOIÂNIA,4ª Vara Cível,2026-01-31,6,96.44,3
APARECIDA DE GOIÂNIA,4ª Vara Cível,2026-02-28,6,96.43,4
APARECIDA DE GOIÂNIA,4ª Vara Cível,2026-03-31,6,96.42,5
APARECIDA DE GOIÂNIA,4ª Vara Cível,2026-04-30,6,96.4,6
APARECIDA DE GOIÂNIA,5ª Vara Cível,2025-11-30,6,95.69,1
APARECIDA DE GOIÂNIA,5ª Vara Cível,2025-12-31,6,95.67,2
APARECIDA DE GOIÂNIA,5ª Vara Cível,2026-01-31,6,95.66,3
APARECIDA DE GOIÂNIA,5ª Vara Cível,2026-02-28,6,95.65,4
APARECIDA DE GOIÂNIA,5ª Vara Cível,2026-03-31,6,95.63,5
APARECIDA DE GOIÂNIA,5ª Vara Cível,2026-04-30,6,95.62,6
APARECIDA DE GOIÂNIA,6ª Vara Cível,2025-11-30,6,95.46,1
APARECIDA DE GOIÂNIA,6ª Vara Cível,2025-12-31,6,95.43,2
APARECIDA DE GOIÂNIA,6ª Vara Cível,2026-01-31,6,95.39,3
APARECIDA DE GOIÂNIA,6ª Vara Cível,2026-02-28,6,95.36,4
APARECIDA DE GOIÂNIA,6ª Vara Cível,2026-03-31,6,95.32,5
APARECIDA DE GOIÂNIA,6ª Vara Cível,2026-04-30,6,95.28,6
APARECIDA DE GOIÂNIA,Juizado da Infância e da Juventude,2025-11-30,6,93.79,1
APARECIDA DE GOIÂNIA,Juizado da Infância e da Juventude,2025-12-31,6,95.88,2
APARECIDA DE GOIÂNIA,Juizado da Infância e da Juventude,2026-01-31,6,97.97,3
APARECIDA DE GOIÂNIA,Juizado da Infância e da Juventude,2026-02-28,6,99.86,4
APARECIDA DE GOIÂNIA,Juizado da Infância e da Juventude,2026-03-31,6,100.0,5
APARECIDA DE GOIÂNIA,Juizado da Infância e da Juventude,2026-04-30,6,100.0,6
APARECIDA DE GOIÂNIA,"Vara da Fazenda Púb. Municipal, de Reg. Púb. e Ambiental",2025-11-30,6,98.71,1
APARECIDA DE GOIÂNIA,"Vara da Fazenda Púb. Municipal, de Reg. Púb. e Ambiental",2025-12-31,6,98.79,2
APARECIDA DE GOIÂNIA,"Vara da Fazenda Púb. Municipal, de Reg. Púb. e Ambiental",2026-01-31,6,98.87,3
APARECIDA DE GOIÂNIA,"Vara da Fazenda Púb. Municipal, de Reg. Púb. e Ambiental",2026-02-28,6,98.94,4
APARECIDA DE GOIÂNIA,"Vara da Fazenda Púb. Municipal, de Reg. Púb. e Ambiental",2026-03-31,6,99.02,5
APARECIDA DE GOIÂNIA,"Vara da Fazenda Púb. Municipal, de Reg. Púb. e Ambiental",2026-04-30,6,99.1,6
APARECIDA DE GOIÂNIA,Vara da Fazenda Pública Estadual,2025-11-30,6,86.97,1
APARECIDA DE GOIÂNIA,Vara da Fazenda Pública Estadual,2025-12-31,6,86.64,2
APARECIDA DE GOIÂNIA,Vara da Fazenda Pública Estadual,2026-01-31,6,86.32,3
APARECIDA DE GOIÂNIA,Vara da Fazenda Pública Estadual,2026-02-28,6,86.03,4
APARECIDA DE GOIÂNIA,Vara da Fazenda Pública Estadual,2026-03-31,6,85.7,5
APARECIDA DE GOIÂNIA,Vara da Fazenda Pública Estadual,2026-04-30,6,85.39,6
ARAGARÇAS,"1ª Vara Judicial (Família e Sucessões, Infância e Juventude, Cível e Juizado Especial Cível)",2025-11-30,6,91.89,1
ARAGARÇAS,"1ª Vara Judicial (Família e Sucessões, Infância e Juventude, Cível e Juizado Especial Cível)",2025-12-31,6,92.01,2
ARAGARÇAS,"1ª Vara Judicial (Família e Sucessões, Infância e Juventude, Cível e Juizado Especial Cível)",2026-01-31,6,92.13,3
ARAGARÇAS,"1ª Vara Judicial (Família e Sucessões, Infância e Juventude, Cível e Juizado Especial Cível)",2026-02-28,6,92.24,4
ARAGARÇAS,"1ª Vara Judicial (Família e Sucessões, Infância e Juventude, Cível e Juizado Especial Cível)",2026-03-31,6,92.36,5
ARAGARÇAS,"1ª Vara Judicial (Família e Sucessões, Infância e Juventude, Cível e Juizado Especial Cível)",2026-04-30,6,92.48,6
ARAGARÇAS,"2ª Vara Judicial (Fazendas Públicas, Criminal, Execução Penal e Juizado Criminal)",2025-11-30,6,95.54,1
ARAGARÇAS,"2ª Vara Judicial (Fazendas Públicas, Criminal, Execução Penal e Juizado Criminal)",2025-12-31,6,95.71,2
ARAGARÇAS,"2ª Vara Judicial (Fazendas Públicas, Criminal, Execução Penal e Juizado Criminal)",2026-01-31,6,95.88,3
ARAGARÇAS,"2ª Vara Judicial (Fazendas Públicas, Criminal, Execução Penal e Juizado Criminal)",2026-02-28,6,96.04,4
ARAGARÇAS,"2ª Vara Judicial (Fazendas Públicas, Criminal, Execução Penal e Juizado Criminal)",2026-03-31,6,96.21,5
ARAGARÇAS,"2ª Vara Judicial (Fazendas Públicas, Criminal, Execução Penal e Juizado Criminal)",2026-04-30,6,96.38,6
ARAÇU,Vara Judicial,2025-11-30,6,94.43,1
ARAÇU,Vara Judicial,2025-12-31,6,94.7,2
ARAÇU,Vara Judicial,2026-01-31,6,94.97,3
ARAÇU,Vara Judicial,2026-02-28,6,95.22,4
ARAÇU,Vara Judicial,2026-03-31,6,95.5,5
ARAÇU,Vara Judicial,2026-04-30,6,95.76,6
ARUANÃ,Vara Judicial,2025-11-30,6,93.61,1
ARUANÃ,Vara Judicial,2025-12-31,6,93.88,2
ARUANÃ,Vara Judicial,2026-01-31,6,94.15,3
ARUANÃ,Vara Judicial,2026-02-28,6,94.39,4
ARUANÃ,Vara Judicial,2026-03-31,6,94.66,5
ARUANÃ,Vara Judicial,2026-04-30,6,94.93,6
AURILÂNDIA,Vara Judicial,2025-11-30,6,93.03,1
AURILÂNDIA,Vara Judicial,2025-12-31,6,93.14,2
AURILÂNDIA,Vara Judicial,2026-01-31,6,93.26,3
AURILÂNDIA,Vara Judicial,2026-02-28,6,93.36,4
AURILÂNDIA,Vara Judicial,2026-03-31,6,93.48,5
AURILÂNDIA,Vara Judicial,2026-04-30,6,93.59,6
BARRO ALTO,Vara Judicial,2025-11-30,6,97.28,1
BARRO ALTO,Vara Judicial,2025-12-31,6,97.43,2
BARRO ALTO,Vara Judicial,2026-01-31,6,97.58,3
BARRO ALTO,Vara Judicial,2026-02-28,6,97.71,4
BARRO ALTO,Vara Judicial,2026-03-31,6,97.86,5
BARRO ALTO,Vara Judicial,2026-04-30,6,98.0,6
BELA VISTA DE GOIÁS,Vara Judicial,2025-11-30,6,96.36,1
BELA VISTA DE GOIÁS,Vara Judicial,2025-12-31,6,96.72,2
BELA VISTA DE GOIÁS,Vara Judicial,2026-01-31,6,97.07,3
BELA VISTA DE GOIÁS,Vara Judicial,2026-02-28,6,97.39,4
BELA VISTA DE GOIÁS,Vara Judicial,2026-03-31,6,97.75,5
BELA VISTA DE GOIÁS,Vara Judicial,2026-04-30,6,98.09,6
BOM JESUS DE GOIÁS,"1ª Vara Judicial (Família e Sucessões, Infância e Juventude, Cível e Juizado Especial Cível)",2025-11-30,6,96.7,1
BOM JESUS DE GOIÁS,"1ª Vara Judicial (Família e Sucessões, Infância e Juventude, Cível e Juizado Especial Cível)",2025-12-31,6,97.55,2
BOM JESUS DE GOIÁS,"1ª Vara Judicial (Família e Sucessões, Infância e Juventude, Cível e Juizado Especial Cível)",2026-01-31,6,98.4,3
BOM JESUS DE GOIÁS,"1ª Vara Judicial (Família e Sucessões, Infância e Juventude, Cível e Juizado Especial Cível)",2026-02-28,6,99.16,4
BOM JESUS DE GOIÁS,"1ª Vara Judicial (Família e Sucessões, Infância e Juventude, Cível e Juizado Especial Cível)",2026-03-31,6,100.0,5
BOM JESUS DE GOIÁS,"1ª Vara Judicial (Família e Sucessões, Infância e Juventude, Cível e Juizado Especial Cível)",2026-04-30,6,100.0,6
BOM JESUS DE GOIÁS,"2ª Vara Judicial (Fazendas Públicas, Criminal, Execução Penal e Juizado Criminal)",2025-11-30,6,100.0,1
BOM JESUS DE GOIÁS,"2ª Vara Judicial (Fazendas Públicas, Criminal, Execução Penal e Juizado Criminal)",2025-12-31,6,100.0,2
BOM JESUS DE GOIÁS,"2ª Vara Judicial (Fazendas Públicas, Criminal, Execução Penal e Juizado Criminal)",2026-01-31,6,100.0,3
BOM JESUS DE GOIÁS,"2ª Vara Judicial (Fazendas Públicas, Criminal, Execução Penal e Juizado Criminal)",2026-02-28,6,100.0,4
BOM JESUS DE GOIÁS,"2ª Vara Judicial (Fazendas Públicas, Criminal, Execução Penal e Juizado Criminal)",2026-03-31,6,100.0,5
BOM JESUS DE GOIÁS,"2ª Vara Judicial (Fazendas Públicas, Criminal, Execução Penal e Juizado Criminal)",2026-04-30,6,100.0,6
BURITI ALEGRE,Vara Judicial,2025-11-30,6,94.99,1
BURITI ALEGRE,Vara Judicial,2025-12-31,6,95.4,2
BURITI ALEGRE,Vara Judicial,2026-01-31,6,95.8,3
BURITI ALEGRE,Vara Judicial,2026-02-28,6,96.17,4
BURITI ALEGRE,Vara Judicial,2026-03-31,6,96.57,5
BURITI ALEGRE,Vara Judicial,2026-04-30,6,96.96,6
CACHOEIRA ALTA,Vara Judicial,2025-11-30,6,89.42,1
CACHOEIRA ALTA,Vara Judicial,2025-12-31,6,89.92,2
CACHOEIRA ALTA,Vara Judicial,2026-01-31,6,90.42,3
CACHOEIRA ALTA,Vara Judicial,2026-02-28,6,90.87,4
CACHOEIRA ALTA,Vara Judicial,2026-03-31,6,91.38,5
CACHOEIRA ALTA,Vara Judicial,2026-04-30,6,91.86,6
CAIAPÔNIA,"1ª Vara Judicial (Família e Sucessões, Infância e Juventude, Cível e Juizado Especial Cível)",2025-11-30,6,89.49,1
CAIAPÔNIA,"1ª Vara Judicial (Família e Sucessões, Infância e Juventude, Cível e Juizado Especial Cível)",2025-12-31,6,89.73,2
CAIAPÔNIA,"1ª Vara Judicial (Família e Sucessões, Infância e Juventude, Cível e Juizado Especial Cível)",2026-01-31,6,89.98,3
CAIAPÔNIA,"1ª Vara Judicial (Família e Sucessões, Infância e Juventude, Cível e Juizado Especial Cível)",2026-02-28,6,90.2,4
CAIAPÔNIA,"1ª Vara Judicial (Família e Sucessões, Infância e Juventude, Cível e Juizado Especial Cível)",2026-03-31,6,90.45,5
CAIAPÔNIA,"1ª Vara Judicial (Família e Sucessões, Infância e Juventude, Cível e Juizado Especial Cível)",2026-04-30,6,90.68,6
CAIAPÔNIA,"2ª Vara Judicial (Fazendas Públicas, Criminal, Execução Penal e Juizado Criminal)",2025-11-30,6,98.09,1
CAIAPÔNIA,"2ª Vara Judicial (Fazendas Públicas, Criminal, Execução Penal e Juizado Criminal)",2025-12-31,6,98.37,2
CAIAPÔNIA,"2ª Vara Judicial (Fazendas Públicas, Criminal, Execução Penal e Juizado Criminal)",2026-01-31,6,98.64,3
CAIAPÔNIA,"2ª Vara Judicial (Fazendas Públicas, Criminal, Execução Penal e Juizado Criminal)",2026-02-28,6,98.89,4
CAIAPÔNIA,"2ª Vara Judicial (Fazendas Públicas, Criminal, Execução Penal e Juizado Criminal)",2026-03-31,6,99.17,5
CAIAPÔNIA,"2ª Vara Judicial (Fazendas Públicas, Criminal, Execução Penal e Juizado Criminal)",2026-04-30,6,99.44,6
CALDAS NOVAS,1ª Vara (Cível e da Inf. e da Juv.),2025-11-30,6,94.4,1
CALDAS NOVAS,1ª Vara (Cível e da Inf. e da Juv.),2025-12-31,6,94.43,2
CALDAS NOVAS,1ª Vara (Cível e da Inf. e da Juv.),2026-01-31,6,94.47,3
CALDAS NOVAS,1ª Vara (Cível e da Inf. e da Juv.),2026-02-28,6,94.5,4
CALDAS NOVAS,1ª Vara (Cível e da Inf. e da Juv.),2026-03-31,6,94.54,5
CALDAS NOVAS,1ª Vara (Cível e da Inf. e da Juv.),2026-04-30,6,94.57,6
CALDAS NOVAS,"1ª Vara Criminal (crimes dolosos contra a vida, Pres. Trib Juri e Execução Penal)",2025-11-30,6,47.37,1
CALDAS NOVAS,"1ª Vara Criminal (crimes dolosos contra a vida, Pres. Trib Juri e Execução Penal)",2025-12-31,6,48.32,2
CALDAS NOVAS,"1ª Vara Criminal (crimes dolosos contra a vida, Pres. Trib Juri e Execução Penal)",2026-01-31,6,49.28,3
CALDAS NOVAS,"1ª Vara Criminal (crimes dolosos contra a vida, Pres. Trib Juri e Execução Penal)",2026-02-28,6,50.14,4
CALDAS NOVAS,"1ª Vara Criminal (crimes dolosos contra a vida, Pres. Trib Juri e Execução Penal)",2026-03-31,6,51.09,5
CALDAS NOVAS,"1ª Vara Criminal (crimes dolosos contra a vida, Pres. Trib Juri e Execução Penal)",2026-04-30,6,52.01,6
CALDAS NOVAS,1º Juizado Especial Cível e Criminal,2025-11-30,6,89.62,1
CALDAS NOVAS,1º Juizado Especial Cível e Criminal,2025-12-31,6,89.68,2
CALDAS NOVAS,1º Juizado Especial Cível e Criminal,2026-01-31,6,89.74,3
CALDAS NOVAS,1º Juizado Especial Cível e Criminal,2026-02-28,6,89.79,4
CALDAS NOVAS,1º Juizado Especial Cível e Criminal,2026-03-31,6,89.85,5
CALDAS NOVAS,1º Juizado Especial Cível e Criminal,2026-04-30,6,89.9,6
CALDAS NOVAS,"2ª Vara (Cível, Faz Públicas Estadual e Residual e Registros Públicos)",2025-11-30,6,91.53,1
CALDAS NOVAS,"2ª Vara (Cível, Faz Públicas Estadual e Residual e Registros Públicos)",2025-12-31,6,91.48,2
CALDAS NOVAS,"2ª Vara (Cível, Faz Públicas Estadual e Residual e Registros Públicos)",2026-01-31,6,91.43,3
CALDAS NOVAS,"2ª Vara (Cível, Faz Públicas Estadual e Residual e Registros Públicos)",2026-02-28,6,91.38,4
CALDAS NOVAS,"2ª Vara (Cível, Faz Públicas Estadual e Residual e Registros Públicos)",2026-03-31,6,91.33,5
CALDAS NOVAS,"2ª Vara (Cível, Faz Públicas Estadual e Residual e Registros Públicos)",2026-04-30,6,91.29,6
CALDAS NOVAS,2ª Vara Criminal (crimes em geral),2025-11-30,6,100.0,1
CALDAS NOVAS,2ª Vara Criminal (crimes em geral),2025-12-31,6,100.0,2
CALDAS NOVAS,2ª Vara Criminal (crimes em geral),2026-01-31,6,100.0,3
CALDAS NOVAS,2ª Vara Criminal (crimes em geral),2026-02-28,6,100.0,4
CALDAS NOVAS,2ª Vara Criminal (crimes em geral),2026-03-31,6,100.0,5
CALDAS NOVAS,2ª Vara Criminal (crimes em geral),2026-04-30,6,100.0,6
CALDAS NOVAS,2º Juizado Especial Cível e Criminal,2025-11-30,6,89.92,1
CALDAS NOVAS,2º Juizado Especial Cível e Criminal,2025-12-31,6,89.98,2
CALDAS NOVAS,2º Juizado Especial Cível e Criminal,2026-01-31,6,90.04,3
CALDAS NOVAS,2º Juizado Especial Cível e Criminal,2026-02-28,6,90.09,4
CALDAS NOVAS,2º Juizado Especial Cível e Criminal,2026-03-31,6,90.15,5
CALDAS NOVAS,2º Juizado Especial Cível e Criminal,2026-04-30,6,90.21,6
CALDAS NOVAS,"3ª Vara (Cível, Fazenda Pública Municipal e Ambiental)",2025-11-30,6,92.11,1
CALDAS NOVAS,"3ª Vara (Cível, Fazenda Pública Municipal e Ambiental)",2025-12-31,6,92.05,2
CALDAS NOVAS,"3ª Vara (Cível, Fazenda Pública Municipal e Ambiental)",2026-01-31,6,92.0,3
CALDAS NOVAS,"3ª Vara (Cível, Fazenda Pública Municipal e Ambiental)",2026-02-28,6,91.95,4
CALDAS NOVAS,"3ª Vara (Cível, Fazenda Pública Municipal e Ambiental)",2026-03-31,6,91.89,5
CALDAS NOVAS,"3ª Vara (Cível, Fazenda Pública Municipal e Ambiental)",2026-04-30,6,91.83,6
CALDAS NOVAS,3ª Vara Criminal (crimes em geral),2025-11-30,6,100.0,1
CALDAS NOVAS,3ª Vara Criminal (crimes em geral),2025-12-31,6,100.0,2
CALDAS NOVAS,3ª Vara Criminal (crimes em geral),2026-01-31,6,100.0,3
CALDAS NOVAS,3ª Vara Criminal (crimes em geral),2026-02-28,6,100.0,4
CALDAS NOVAS,3ª Vara Criminal (crimes em geral),2026-03-31,6,100.0,5
CALDAS NOVAS,3ª Vara Criminal (crimes em geral),2026-04-30,6,100.0,6
CALDAS NOVAS,Vara de Família e Sucessões,2025-11-30,6,95.22,1
CALDAS NOVAS,Vara de Família e Sucessões,2025-12-31,6,95.42,2
CALDAS NOVAS,Vara de Família e Sucessões,2026-01-31,6,95.62,3
CALDAS NOVAS,Vara de Família e Sucessões,2026-02-28,6,95.8,4
CALDAS NOVAS,Vara de Família e Sucessões,2026-03-31,6,96.0,5
CALDAS NOVAS,Vara de Família e Sucessões,2026-04-30,6,96.2,6
CAMPINORTE,Vara Judicial,2025-11-30,6,95.41,1
CAMPINORTE,Vara Judicial,2025-12-31,6,95.74,2
CAMPINORTE,Vara Judicial,2026-01-31,6,96.07,3
CAMPINORTE,Vara Judicial,2026-02-28,6,96.37,4
CAMPINORTE,Vara Judicial,2026-03-31,6,96.71,5
CAMPINORTE,Vara Judicial,2026-04-30,6,97.03,6
CAMPOS BELOS,"1ª Vara Judicial (Família e Sucessões, Infância e Juventude, Cível e Juizado Especial Cível)",2025-11-30,6,95.08,1
CAMPOS BELOS,"1ª Vara Judicial (Família e Sucessões, Infância e Juventude, Cível e Juizado Especial Cível)",2025-12-31,6,95.48,2
CAMPOS BELOS,"1ª Vara Judicial (Família e Sucessões, Infância e Juventude, Cível e Juizado Especial Cível)",2026-01-31,6,95.89,3
CAMPOS BELOS,"1ª Vara Judicial (Família e Sucessões, Infância e Juventude, Cível e Juizado Especial Cível)",2026-02-28,6,96.25,4
CAMPOS BELOS,"1ª Vara Judicial (Família e Sucessões, Infância e Juventude, Cível e Juizado Especial Cível)",2026-03-31,6,96.65,5
CAMPOS BELOS,"1ª Vara Judicial (Família e Sucessões, Infância e Juventude, Cível e Juizado Especial Cível)",2026-04-30,6,97.04,6
CAMPOS BELOS,"2ª Vara Judicial (Fazendas Públicas, Criminal, Execução Penal e Juizado Criminal)",2025-11-30,6,95.1,1
CAMPOS BELOS,"2ª Vara Judicial (Fazendas Públicas, Criminal, Execução Penal e Juizado Criminal)",2025-12-31,6,95.21,2
CAMPOS BELOS,"2ª Vara Judicial (Fazendas Públicas, Criminal, Execução Penal e Juizado Criminal)",2026-01-31,6,95.31,3
CAMPOS BELOS,"2ª Vara Judicial (Fazendas Públicas, Criminal, Execução Penal e Juizado Criminal)",2026-02-28,6,95.41,4
CAMPOS BELOS,"2ª Vara Judicial (Fazendas Públicas, Criminal, Execução Penal e Juizado Criminal)",2026-03-31,6,95.52,5
CAMPOS BELOS,"2ª Vara Judicial (Fazendas Públicas, Criminal, Execução Penal e Juizado Criminal)",2026-04-30,6,95.62,6
CATALÃO,1ª Vara Criminal (crimes em geral e execuções penais),2025-11-30,6,83.73,1
CATALÃO,1ª Vara Criminal (crimes em geral e execuções penais),2025-12-31,6,84.45,2
CATALÃO,1ª Vara Criminal (crimes em geral e execuções penais),2026-01-31,6,85.18,3
CATALÃO,1ª Vara Criminal (crimes em geral e execuções penais),2026-02-28,6,85.83,4
CATALÃO,1ª Vara Criminal (crimes em geral e execuções penais),2026-03-31,6,86.55,5
CATALÃO,1ª Vara Criminal (crimes em geral e execuções penais),2026-04-30,6,87.25,6
CATALÃO,1ª Vara Cível,2025-11-30,6,95.5,1
CATALÃO,1ª Vara Cível,2025-12-31,6,95.49,2
CATALÃO,1ª Vara Cível,2026-01-31,6,95.49,3
CATALÃO,1ª Vara Cível,2026-02-28,6,95.48,4
CATALÃO,1ª Vara Cível,2026-03-31,6,95.47,5
CATALÃO,1ª Vara Cível,2026-04-30,6,95.46,6
CATALÃO,1ª Vara de Família e Sucessões,2025-11-30,6,93.18,1
CATALÃO,1ª Vara de Família e Sucessões,2025-12-31,6,94.14,2
CATALÃO,1ª Vara de Família e Sucessões,2026-01-31,6,95.11,3
CATALÃO,1ª Vara de Família e Sucessões,2026-02-28,6,95.98,4
CATALÃO,1ª Vara de Família e Sucessões,2026-03-31,6,96.94,5
CATALÃO,1ª Vara de Família e Sucessões,2026-04-30,6,97.87,6
CATALÃO,1º Juizado Especial Cível e Criminal,2025-11-30,6,71.39,1
CATALÃO,1º Juizado Especial Cível e Criminal,2025-12-31,6,72.75,2
CATALÃO,1º Juizado Especial Cível e Criminal,2026-01-31,6,74.11,3
CATALÃO,1º Juizado Especial Cível e Criminal,2026-02-28,6,75.35,4
CATALÃO,1º Juizado Especial Cível e Criminal,2026-03-31,6,76.71,5
CATALÃO,1º Juizado Especial Cível e Criminal,2026-04-30,6,78.03,6
CATALÃO,"2ª Vara Criminal (Crimes em geral, Crimes dolosos contra a vida e Presidência do Tribunal do Júri e Crimes envolvendo Violência Doméstica)",2025-11-30,6,96.32,1
CATALÃO,"2ª Vara Criminal (Crimes em geral, Crimes dolosos contra a vida e Presidência do Tribunal do Júri e Crimes envolvendo Violência Doméstica)",2025-12-31,6,97.12,2
CATALÃO,"2ª Vara Criminal (Crimes em geral, Crimes dolosos contra a vida e Presidência do Tribunal do Júri e Crimes envolvendo Violência Doméstica)",2026-01-31,6,97.93,3
CATALÃO,"2ª Vara Criminal (Crimes em geral, Crimes dolosos contra a vida e Presidência do Tribunal do Júri e Crimes envolvendo Violência Doméstica)",2026-02-28,6,98.65,4
CATALÃO,"2ª Vara Criminal (Crimes em geral, Crimes dolosos contra a vida e Presidência do Tribunal do Júri e Crimes envolvendo Violência Doméstica)",2026-03-31,6,99.46,5
CATALÃO,"2ª Vara Criminal (Crimes em geral, Crimes dolosos contra a vida e Presidência do Tribunal do Júri e Crimes envolvendo Violência Doméstica)",2026-04-30,6,100.0,6
CATALÃO,2ª Vara Cível,2025-11-30,6,95.88,1
CATALÃO,2ª Vara Cível,2025-12-31,6,95.88,2
CATALÃO,2ª Vara Cível,2026-01-31,6,95.89,3
CATALÃO,2ª Vara Cível,2026-02-28,6,95.89,4
CATALÃO,2ª Vara Cível,2026-03-31,6,95.89,5
CATALÃO,2ª Vara Cível,2026-04-30,6,95.9,6
CATALÃO,2ª Vara de Família e da Infância e da Juventude,2025-11-30,6,93.73,1
CATALÃO,2ª Vara de Família e da Infância e da Juventude,2025-12-31,6,95.17,2
CATALÃO,2ª Vara de Família e da Infância e da Juventude,2026-01-31,6,96.6,3
CATALÃO,2ª Vara de Família e da Infância e da Juventude,2026-02-28,6,97.9,4
CATALÃO,2ª Vara de Família e da Infância e da Juventude,2026-03-31,6,99.34,5
CATALÃO,2ª Vara de Família e da Infância e da Juventude,2026-04-30,6,100.0,6
CATALÃO,2º Juizado Especial Cível e Criminal,2025-11-30,6,73.73,1
CATALÃO,2º Juizado Especial Cível e Criminal,2025-12-31,6,75.37,2
CATALÃO,2º Juizado Especial Cível e Criminal,2026-01-31,6,77.0,3
CATALÃO,2º Juizado Especial Cível e Criminal,2026-02-28,6,78.47,4
CATALÃO,2º Juizado Especial Cível e Criminal,2026-03-31,6,80.11,5
CATALÃO,2º Juizado Especial Cível e Criminal,2026-04-30,6,81.69,6
CATALÃO,Vara de Fazendas Públicas e Registros Públicos,2025-11-30,6,90.2,1
CATALÃO,Vara de Fazendas Públicas e Registros Públicos,2025-12-31,6,90.31,2
CATALÃO,Vara de Fazendas Públicas e Registros Públicos,2026-01-31,6,90.41,3
CATALÃO,Vara de Fazendas Públicas e Registros Públicos,2026-02-28,6,90.5,4
CATALÃO,Vara de Fazendas Públicas e Registros Públicos,2026-03-31,6,90.61,5
CATALÃO,Vara de Fazendas Públicas e Registros Públicos,2026-04-30,6,90.71,6
CAVALCANTE,Vara Judicial,2025-11-30,6,89.61,1
CAVALCANTE,Vara Judicial,2025-12-31,6,89.56,2
CAVALCANTE,Vara Judicial,2026-01-31,6,89.51,3
CAVALCANTE,Vara Judicial,2026-02-28,6,89.46,4
CAVALCANTE,Vara Judicial,2026-03-31,6,89.41,5
CAVALCANTE,Vara Judicial,2026-04-30,6,89.36,6
CAÇU,Vara Judicial,2025-11-30,6,95.53,1
CAÇU,Vara Judicial,2025-12-31,6,95.85,2
CAÇU,Vara Judicial,2026-01-31,6,96.17,3
CAÇU,Vara Judicial,2026-02-28,6,96.45,4
CAÇU,Vara Judicial,2026-03-31,6,96.77,5
CAÇU,Vara Judicial,2026-04-30,6,97.08,6
CERES,"1ª Vara (Cív., Criminal - crime em geral e exec. penais - e da Inf. e da Juv.)",2025-11-30,6,97.19,1
CERES,"1ª Vara (Cív., Criminal - crime em geral e exec. penais - e da Inf. e da Juv.)",2025-12-31,6,97.47,2
CERES,"1ª Vara (Cív., Criminal - crime em geral e exec. penais - e da Inf. e da Juv.)",2026-01-31,6,97.76,3
CERES,"1ª Vara (Cív., Criminal - crime em geral e exec. penais - e da Inf. e da Juv.)",2026-02-28,6,98.01,4
CERES,"1ª Vara (Cív., Criminal - crime em geral e exec. penais - e da Inf. e da Juv.)",2026-03-31,6,98.29,5
CERES,"1ª Vara (Cív., Criminal - crime em geral e exec. penais - e da Inf. e da Juv.)",2026-04-30,6,98.56,6
CERES,"2ªVara (Cív, Criminal - crime em geral, crimes dolosos contra a vida e Pres. do Trib. do Juri das Faz. Púb. e de Reg. Púb.)",2025-11-30,6,90.86,1
CERES,"2ªVara (Cív, Criminal - crime em geral, crimes dolosos contra a vida e Pres. do Trib. do Juri das Faz. Púb. e de Reg. Púb.)",2025-12-31,6,90.95,2
CERES,"2ªVara (Cív, Criminal - crime em geral, crimes dolosos contra a vida e Pres. do Trib. do Juri das Faz. Púb. e de Reg. Púb.)",2026-01-31,6,91.04,3
CERES,"2ªVara (Cív, Criminal - crime em geral, crimes dolosos contra a vida e Pres. do Trib. do Juri das Faz. Púb. e de Reg. Púb.)",2026-02-28,6,91.12,4
CERES,"2ªVara (Cív, Criminal - crime em geral, crimes dolosos contra a vida e Pres. do Trib. do Juri das Faz. Púb. e de Reg. Púb.)",2026-03-31,6,91.21,5
CERES,"2ªVara (Cív, Criminal - crime em geral, crimes dolosos contra a vida e Pres. do Trib. do Juri das Faz. Púb. e de Reg. Púb.)",2026-04-30,6,91.3,6
CERES,Juizado Especial Cível e Criminal,2025-11-30,6,85.83,1
CERES,Juizado Especial Cível e Criminal,2025-12-31,6,86.67,2
CERES,Juizado Especial Cível e Criminal,2026-01-31,6,87.51,3
CERES,Juizado Especial Cível e Criminal,2026-02-28,6,88.27,4
CERES,Juizado Especial Cível e Criminal,2026-03-31,6,89.11,5
CERES,Juizado Especial Cível e Criminal,2026-04-30,6,89.92,6
CIDADE OCIDENTAL,"1ª Vara (Cível, de Família, Sucessões e da Infância e da Juventude)",2025-11-30,6,99.63,1
CIDADE OCIDENTAL,"1ª Vara (Cível, de Família, Sucessões e da Infância e da Juventude)",2025-12-31,6,100.0,2
CIDADE OCIDENTAL,"1ª Vara (Cível, de Família, Sucessões e da Infância e da Juventude)",2026-01-31,6,100.0,3
CIDADE OCIDENTAL,"1ª Vara (Cível, de Família, Sucessões e da Infância e da Juventude)",2026-02-28,6,100.0,4
CIDADE OCIDENTAL,"1ª Vara (Cível, de Família, Sucessões e da Infância e da Juventude)",2026-03-31,6,100.0,5
CIDADE OCIDENTAL,"1ª Vara (Cível, de Família, Sucessões e da Infância e da Juventude)",2026-04-30,6,100.0,6
CIDADE OCIDENTAL,"2ª Vara (Cível, das Fazendas Públicas, de Registros Públicos e Ambiental)",2025-11-30,6,90.17,1
CIDADE OCIDENTAL,"2ª Vara (Cível, das Fazendas Públicas, de Registros Públicos e Ambiental)",2025-12-31,6,90.13,2
CIDADE OCIDENTAL,"2ª Vara (Cível, das Fazendas Públicas, de Registros Públicos e Ambiental)",2026-01-31,6,90.08,3
CIDADE OCIDENTAL,"2ª Vara (Cível, das Fazendas Públicas, de Registros Públicos e Ambiental)",2026-02-28,6,90.04,4
CIDADE OCIDENTAL,"2ª Vara (Cível, das Fazendas Públicas, de Registros Públicos e Ambiental)",2026-03-31,6,89.99,5
CIDADE OCIDENTAL,"2ª Vara (Cível, das Fazendas Públicas, de Registros Públicos e Ambiental)",2026-04-30,6,89.94,6
CIDADE OCIDENTAL,Juizado Especial Cível e Criminal,2025-11-30,6,97.31,1
CIDADE OCIDENTAL,Juizado Especial Cível e Criminal,2025-12-31,6,99.01,2
CIDADE OCIDENTAL,Juizado Especial Cível e Criminal,2026-01-31,6,100.0,3
CIDADE OCIDENTAL,Juizado Especial Cível e Criminal,2026-02-28,6,100.0,4
CIDADE OCIDENTAL,Juizado Especial Cível e Criminal,2026-03-31,6,100.0,5
CIDADE OCIDENTAL,Juizado Especial Cível e Criminal,2026-04-30,6,100.0,6
CIDADE OCIDENTAL,Vara Criminal,2025-11-30,6,100.0,1
CIDADE OCIDENTAL,Vara Criminal,2025-12-31,6,100.0,2
CIDADE OCIDENTAL,Vara Criminal,2026-01-31,6,100.0,3
CIDADE OCIDENTAL,Vara Criminal,2026-02-28,6,100.0,4
CIDADE OCIDENTAL,Vara Criminal,2026-03-31,6,100.0,5
CIDADE OCIDENTAL,Vara Criminal,2026-04-30,6,100.0,6
COCALZINHO DE GOIÁS,Vara Judicial,2025-11-30,6,93.5,1
COCALZINHO DE GOIÁS,Vara Judicial,2025-12-31,6,93.66,2
COCALZINHO DE GOIÁS,Vara Judicial,2026-01-31,6,93.81,3
COCALZINHO DE GOIÁS,Vara Judicial,2026-02-28,6,93.95,4
COCALZINHO DE GOIÁS,Vara Judicial,2026-03-31,6,94.1,5
COCALZINHO DE GOIÁS,Vara Judicial,2026-04-30,6,94.25,6
CORUMBAÍBA,Vara Judicial,2025-11-30,6,88.16,1
CORUMBAÍBA,Vara Judicial,2025-12-31,6,88.1,2
CORUMBAÍBA,Vara Judicial,2026-01-31,6,88.04,3
CORUMBAÍBA,Vara Judicial,2026-02-28,6,87.98,4
CORUMBAÍBA,Vara Judicial,2026-03-31,6,87.92,5
CORUMBAÍBA,Vara Judicial,2026-04-30,6,87.85,6
CORUMBÁ DE GOIÁS,Vara Judicial,2025-11-30,6,92.51,1
CORUMBÁ DE GOIÁS,Vara Judicial,2025-12-31,6,93.42,2
CORUMBÁ DE GOIÁS,Vara Judicial,2026-01-31,6,94.33,3
CORUMBÁ DE GOIÁS,Vara Judicial,2026-02-28,6,95.15,4
CORUMBÁ DE GOIÁS,Vara Judicial,2026-03-31,6,96.06,5
CORUMBÁ DE GOIÁS,Vara Judicial,2026-04-30,6,96.94,6
CRISTALINA,"1ª Vara (Cível, de Família, Sucessões e da Infância e da Juventude)",2025-11-30,6,98.44,1
CRISTALINA,"1ª Vara (Cível, de Família, Sucessões e da Infância e da Juventude)",2025-12-31,6,98.75,2
CRISTALINA,"1ª Vara (Cível, de Família, Sucessões e da Infância e da Juventude)",2026-01-31,6,99.06,3
CRISTALINA,"1ª Vara (Cível, de Família, Sucessões e da Infância e da Juventude)",2026-02-28,6,99.34,4
CRISTALINA,"1ª Vara (Cível, de Família, Sucessões e da Infância e da Juventude)",2026-03-31,6,99.65,5
CRISTALINA,"1ª Vara (Cível, de Família, Sucessões e da Infância e da Juventude)",2026-04-30,6,99.96,6
CRISTALINA,"2ª Vara (Cível, das Fazendas Públicas, de Registros Públicos e Ambiental)",2025-11-30,6,94.7,1
CRISTALINA,"2ª Vara (Cível, das Fazendas Públicas, de Registros Públicos e Ambiental)",2025-12-31,6,94.83,2
CRISTALINA,"2ª Vara (Cível, das Fazendas Públicas, de Registros Públicos e Ambiental)",2026-01-31,6,94.97,3
CRISTALINA,"2ª Vara (Cível, das Fazendas Públicas, de Registros Públicos e Ambiental)",2026-02-28,6,95.09,4
CRISTALINA,"2ª Vara (Cível, das Fazendas Públicas, de Registros Públicos e Ambiental)",2026-03-31,6,95.22,5
CRISTALINA,"2ª Vara (Cível, das Fazendas Públicas, de Registros Públicos e Ambiental)",2026-04-30,6,95.35,6
CRISTALINA,Vara Criminal,2025-11-30,6,98.01,1
CRISTALINA,Vara Criminal,2025-12-31,6,98.54,2
CRISTALINA,Vara Criminal,2026-01-31,6,99.07,3
CRISTALINA,Vara Criminal,2026-02-28,6,99.55,4
CRISTALINA,Vara Criminal,2026-03-31,6,100.0,5
CRISTALINA,Vara Criminal,2026-04-30,6,100.0,6
CRIXÁS,Vara Judicial,2025-11-30,6,96.4,1
CRIXÁS,Vara Judicial,2025-12-31,6,96.65,2
CRIXÁS,Vara Judicial,2026-01-31,6,96.9,3
CRIXÁS,Vara Judicial,2026-02-28,6,97.13,4
CRIXÁS,Vara Judicial,2026-03-31,6,97.38,5
CRIXÁS,Vara Judicial,2026-04-30,6,97.63,6
EDÉIA,Vara Judicial,2025-11-30,6,96.07,1
EDÉIA,Vara Judicial,2025-12-31,6,96.21,2
EDÉIA,Vara Judicial,2026-01-31,6,96.34,3
EDÉIA,Vara Judicial,2026-02-28,6,96.46,4
EDÉIA,Vara Judicial,2026-03-31,6,96.59,5
EDÉIA,Vara Judicial,2026-04-30,6,96.71,6
ESTRELA DO NORTE,Vara Judicial,2025-11-30,6,93.45,1
ESTRELA DO NORTE,Vara Judicial,2025-12-31,6,93.66,2
ESTRELA DO NORTE,Vara Judicial,2026-01-31,6,93.86,3
ESTRELA DO NORTE,Vara Judicial,2026-02-28,6,94.05,4
ESTRELA DO NORTE,Vara Judicial,2026-03-31,6,94.26,5
ESTRELA DO NORTE,Vara Judicial,2026-04-30,6,94.47,6
FAZENDA NOVA,Vara Judicial,2025-11-30,6,99.33,1
FAZENDA NOVA,Vara Judicial,2025-12-31,6,100.0,2
FAZENDA NOVA,Vara Judicial,2026-01-31,6,100.0,3
FAZENDA NOVA,Vara Judicial,2026-02-28,6,100.0,4
FAZENDA NOVA,Vara Judicial,2026-03-31,6,100.0,5
FAZENDA NOVA,Vara Judicial,2026-04-30,6,100.0,6
FIRMINÓPOLIS,Vara Judicial,2025-11-30,6,95.14,1
FIRMINÓPOLIS,Vara Judicial,2025-12-31,6,95.23,2
FIRMINÓPOLIS,Vara Judicial,2026-01-31,6,95.33,3
FIRMINÓPOLIS,Vara Judicial,2026-02-28,6,95.42,4
FIRMINÓPOLIS,Vara Judicial,2026-03-31,6,95.51,5
FIRMINÓPOLIS,Vara Judicial,2026-04-30,6,95.61,6
FLORES DE GOIÁS,Vara Judicial,2025-11-30,6,96.89,1
FLORES DE GOIÁS,Vara Judicial,2025-12-31,6,97.17,2
FLORES DE GOIÁS,Vara Judicial,2026-01-31,6,97.44,3
FLORES DE GOIÁS,Vara Judicial,2026-02-28,6,97.69,4
FLORES DE GOIÁS,Vara Judicial,2026-03-31,6,97.97,5
FLORES DE GOIÁS,Vara Judicial,2026-04-30,6,98.23,6
FORMOSA,1ª Vara (Cível e da Inf. e da Juv.),2025-11-30,6,100.0,1
FORMOSA,1ª Vara (Cível e da Inf. e da Juv.),2025-12-31,6,100.0,2
FORMOSA,1ª Vara (Cível e da Inf. e da Juv.),2026-01-31,6,100.0,3
FORMOSA,1ª Vara (Cível e da Inf. e da Juv.),2026-02-28,6,100.0,4
FORMOSA,1ª Vara (Cível e da Inf. e da Juv.),2026-03-31,6,100.0,5
FORMOSA,1ª Vara (Cível e da Inf. e da Juv.),2026-04-30,6,100.0,6
FORMOSA,"1ª Vara Criminal (crimes dolosos contra a vida, Pres. Trib. Juri e execuções penais)",2025-11-30,6,66.11,1
FORMOSA,"1ª Vara Criminal (crimes dolosos contra a vida, Pres. Trib. Juri e execuções penais)",2025-12-31,6,66.57,2
FORMOSA,"1ª Vara Criminal (crimes dolosos contra a vida, Pres. Trib. Juri e execuções penais)",2026-01-31,6,67.03,3
FORMOSA,"1ª Vara Criminal (crimes dolosos contra a vida, Pres. Trib. Juri e execuções penais)",2026-02-28,6,67.45,4
FORMOSA,"1ª Vara Criminal (crimes dolosos contra a vida, Pres. Trib. Juri e execuções penais)",2026-03-31,6,67.9,5
FORMOSA,"1ª Vara Criminal (crimes dolosos contra a vida, Pres. Trib. Juri e execuções penais)",2026-04-30,6,68.35,6
FORMOSA,2ª Vara Criminal (crimes em geral e Violência Doméstica e Familiar contra a Mulher),2025-11-30,6,95.07,1
FORMOSA,2ª Vara Criminal (crimes em geral e Violência Doméstica e Familiar contra a Mulher),2025-12-31,6,95.48,2
FORMOSA,2ª Vara Criminal (crimes em geral e Violência Doméstica e Familiar contra a Mulher),2026-01-31,6,95.9,3
FORMOSA,2ª Vara Criminal (crimes em geral e Violência Doméstica e Familiar contra a Mulher),2026-02-28,6,96.28,4
FORMOSA,2ª Vara Criminal (crimes em geral e Violência Doméstica e Familiar contra a Mulher),2026-03-31,6,96.7,5
FORMOSA,2ª Vara Criminal (crimes em geral e Violência Doméstica e Familiar contra a Mulher),2026-04-30,6,97.1,6
FORMOSA,2ª Vara Cível e Família e Sucessões,2025-11-30,6,98.46,1
FORMOSA,2ª Vara Cível e Família e Sucessões,2025-12-31,6,98.95,2
FORMOSA,2ª Vara Cível e Família e Sucessões,2026-01-31,6,99.45,3
FORMOSA,2ª Vara Cível e Família e Sucessões,2026-02-28,6,99.89,4
FORMOSA,2ª Vara Cível e Família e Sucessões,2026-03-31,6,100.0,5
FORMOSA,2ª Vara Cível e Família e Sucessões,2026-04-30,6,100.0,6
FORMOSA,3ª Vara Criminal (crimes em geral e Violência Doméstica e Familiar contra a Mulher),2025-11-30,6,97.43,1
FORMOSA,3ª Vara Criminal (crimes em geral e Violência Doméstica e Familiar contra a Mulher),2025-12-31,6,98.02,2
FORMOSA,3ª Vara Criminal (crimes em geral e Violência Doméstica e Familiar contra a Mulher),2026-01-31,6,98.61,3
FORMOSA,3ª Vara Criminal (crimes em geral e Violência Doméstica e Familiar contra a Mulher),2026-02-28,6,99.15,4
FORMOSA,3ª Vara Criminal (crimes em geral e Violência Doméstica e Familiar contra a Mulher),2026-03-31,6,99.74,5
FORMOSA,3ª Vara Criminal (crimes em geral e Violência Doméstica e Familiar contra a Mulher),2026-04-30,6,100.0,6
FORMOSA,3ª Vara Cível e Família e Sucessões,2025-11-30,6,93.48,1
FORMOSA,3ª Vara Cível e Família e Sucessões,2025-12-31,6,93.7,2
FORMOSA,3ª Vara Cível e Família e Sucessões,2026-01-31,6,93.93,3
FORMOSA,3ª Vara Cível e Família e Sucessões,2026-02-28,6,94.13,4
FORMOSA,3ª Vara Cível e Família e Sucessões,2026-03-31,6,94.36,5
FORMOSA,3ª Vara Cível e Família e Sucessões,2026-04-30,6,94.57,6
FORMOSA,Juizado Especial Cível e Criminal,2025-11-30,6,85.53,1
FORMOSA,Juizado Especial Cível e Criminal,2025-12-31,6,86.98,2
FORMOSA,Juizado Especial Cível e Criminal,2026-01-31,6,88.42,3
FORMOSA,Juizado Especial Cível e Criminal,2026-02-28,6,89.73,4
FORMOSA,Juizado Especial Cível e Criminal,2026-03-31,6,91.18,5
FORMOSA,Juizado Especial Cível e Criminal,2026-04-30,6,92.58,6
FORMOSA,"Vara de Fazendas Públicas, Registros Públicos e Ambiental",2025-11-30,6,96.04,1
FORMOSA,"Vara de Fazendas Públicas, Registros Públicos e Ambiental",2025-12-31,6,96.01,2
FORMOSA,"Vara de Fazendas Públicas, Registros Públicos e Ambiental",2026-01-31,6,95.98,3
FORMOSA,"Vara de Fazendas Públicas, Registros Públicos e Ambiental",2026-02-28,6,95.95,4
FORMOSA,"Vara de Fazendas Públicas, Registros Públicos e Ambiental",2026-03-31,6,95.92,5
FORMOSA,"Vara de Fazendas Públicas, Registros Públicos e Ambiental",2026-04-30,6,95.9,6
FORMOSO,Vara Judicial,2025-11-30,6,90.9,1
FORMOSO,Vara Judicial,2025-12-31,6,91.15,2
FORMOSO,Vara Judicial,2026-01-31,6,91.41,3
FORMOSO,Vara Judicial,2026-02-28,6,91.64,4
FORMOSO,Vara Judicial,2026-03-31,6,91.89,5
FORMOSO,Vara Judicial,2026-04-30,6,92.14,6
GOIANDIRA,Vara Judicial,2025-11-30,6,100.0,1
GOIANDIRA,Vara Judicial,2025-12-31,6,100.0,2
GOIANDIRA,Vara Judicial,2026-01-31,6,100.0,3
GOIANDIRA,Vara Judicial,2026-02-28,6,100.0,4
GOIANDIRA,Vara Judicial,2026-03-31,6,100.0,5
GOIANDIRA,Vara Judicial,2026-04-30,6,100.0,6
GOIANIRA,Juizado Especial Cível e Criminal,2025-11-30,6,77.9,1
GOIANIRA,Juizado Especial Cível e Criminal,2025-12-31,6,78.83,2
GOIANIRA,Juizado Especial Cível e Criminal,2026-01-31,6,79.76,3
GOIANIRA,Juizado Especial Cível e Criminal,2026-02-28,6,80.59,4
GOIANIRA,Juizado Especial Cível e Criminal,2026-03-31,6,81.52,5
GOIANIRA,Juizado Especial Cível e Criminal,2026-04-30,6,82.41,6
GOIANIRA,Vara Criminal,2025-11-30,6,100.0,1
GOIANIRA,Vara Criminal,2025-12-31,6,100.0,2
GOIANIRA,Vara Criminal,2026-01-31,6,100.0,3
GOIANIRA,Vara Criminal,2026-02-28,6,100.0,4
GOIANIRA,Vara Criminal,2026-03-31,6,100.0,5
GOIANIRA,Vara Criminal,2026-04-30,6,100.0,6
GOIANIRA,Vara Cível,2025-11-30,6,91.93,1
GOIANIRA,Vara Cível,2025-12-31,6,91.89,2
GOIANIRA,Vara Cível,2026-01-31,6,91.85,3
GOIANIRA,Vara Cível,2026-02-28,6,91.81,4
GOIANIRA,Vara Cível,2026-03-31,6,91.77,5
GOIANIRA,Vara Cível,2026-04-30,6,91.73,6
GOIANIRA,"Vara Família e Sucessões, da Infância e da Juventude, Fazendas Públicas e de Registros Públicos",2025-11-30,6,88.6,1
GOIANIRA,"Vara Família e Sucessões, da Infância e da Juventude, Fazendas Públicas e de Registros Públicos",2025-12-31,6,88.97,2
GOIANIRA,"Vara Família e Sucessões, da Infância e da Juventude, Fazendas Públicas e de Registros Públicos",2026-01-31,6,89.34,3
GOIANIRA,"Vara Família e Sucessões, da Infância e da Juventude, Fazendas Públicas e de Registros Públicos",2026-02-28,6,89.67,4
GOIANIRA,"Vara Família e Sucessões, da Infância e da Juventude, Fazendas Públicas e de Registros Públicos",2026-03-31,6,90.04,5
GOIANIRA,"Vara Família e Sucessões, da Infância e da Juventude, Fazendas Públicas e de Registros Públicos",2026-04-30,6,90.39,6
GOIANÁPOLIS,Vara Judicial,2025-11-30,6,96.89,1
GOIANÁPOLIS,Vara Judicial,2025-12-31,6,97.1,2
GOIANÁPOLIS,Vara Judicial,2026-01-31,6,97.3,3
GOIANÁPOLIS,Vara Judicial,2026-02-28,6,97.49,4
GOIANÁPOLIS,Vara Judicial,2026-03-31,6,97.7,5
GOIANÁPOLIS,Vara Judicial,2026-04-30,6,97.89,6
GOIANÉSIA,"1ª Vara (Cível, de Família, Sucessões e da Infância e da Juventude)",2025-11-30,6,93.11,1
GOIANÉSIA,"1ª Vara (Cível, de Família, Sucessões e da Infância e da Juventude)",2025-12-31,6,93.34,2
GOIANÉSIA,"1ª Vara (Cível, de Família, Sucessões e da Infância e da Juventude)",2026-01-31,6,93.57,3
GOIANÉSIA,"1ª Vara (Cível, de Família, Sucessões e da Infância e da Juventude)",2026-02-28,6,93.78,4
GOIANÉSIA,"1ª Vara (Cível, de Família, Sucessões e da Infância e da Juventude)",2026-03-31,6,94.01,5
GOIANÉSIA,"1ª Vara (Cível, de Família, Sucessões e da Infância e da Juventude)",2026-04-30,6,94.23,6
GOIANÉSIA,1ª Vara Criminal (crimes em geral e execuções penais),2025-11-30,6,95.97,1
GOIANÉSIA,1ª Vara Criminal (crimes em geral e execuções penais),2025-12-31,6,96.43,2
GOIANÉSIA,1ª Vara Criminal (crimes em geral e execuções penais),2026-01-31,6,96.9,3
GOIANÉSIA,1ª Vara Criminal (crimes em geral e execuções penais),2026-02-28,6,97.32,4
GOIANÉSIA,1ª Vara Criminal (crimes em geral e execuções penais),2026-03-31,6,97.78,5
GOIANÉSIA,1ª Vara Criminal (crimes em geral e execuções penais),2026-04-30,6,98.24,6
GOIANÉSIA,"2ª Vara Criminal (Crimes em geral, Crimes dolosos contra a vida e Presidência do Tribunal do Júri e Crimes envolvendo Violência Doméstica)",2025-11-30,6,91.26,1
GOIANÉSIA,"2ª Vara Criminal (Crimes em geral, Crimes dolosos contra a vida e Presidência do Tribunal do Júri e Crimes envolvendo Violência Doméstica)",2025-12-31,6,92.07,2
GOIANÉSIA,"2ª Vara Criminal (Crimes em geral, Crimes dolosos contra a vida e Presidência do Tribunal do Júri e Crimes envolvendo Violência Doméstica)",2026-01-31,6,92.89,3
GOIANÉSIA,"2ª Vara Criminal (Crimes em geral, Crimes dolosos contra a vida e Presidência do Tribunal do Júri e Crimes envolvendo Violência Doméstica)",2026-02-28,6,93.62,4
GOIANÉSIA,"2ª Vara Criminal (Crimes em geral, Crimes dolosos contra a vida e Presidência do Tribunal do Júri e Crimes envolvendo Violência Doméstica)",2026-03-31,6,94.43,5
GOIANÉSIA,"2ª Vara Criminal (Crimes em geral, Crimes dolosos contra a vida e Presidência do Tribunal do Júri e Crimes envolvendo Violência Doméstica)",2026-04-30,6,95.22,6
GOIANÉSIA,"2ª Vara Cível, Ambiental e Família e Sucessões",2025-11-30,6,93.91,1
GOIANÉSIA,"2ª Vara Cível, Ambiental e Família e Sucessões",2025-12-31,6,94.22,2
GOIANÉSIA,"2ª Vara Cível, Ambiental e Família e Sucessões",2026-01-31,6,94.54,3
GOIANÉSIA,"2ª Vara Cível, Ambiental e Família e Sucessões",2026-02-28,6,94.82,4
GOIANÉSIA,"2ª Vara Cível, Ambiental e Família e Sucessões",2026-03-31,6,95.14,5
GOIANÉSIA,"2ª Vara Cível, Ambiental e Família e Sucessões",2026-04-30,6,95.44,6
GOIANÉSIA,Juizado Especial Cível e Criminal,2025-11-30,6,99.76,1
GOIANÉSIA,Juizado Especial Cível e Criminal,2025-12-31,6,100.0,2
GOIANÉSIA,Juizado Especial Cível e Criminal,2026-01-31,6,100.0,3
GOIANÉSIA,Juizado Especial Cível e Criminal,2026-02-28,6,100.0,4
GOIANÉSIA,Juizado Especial Cível e Criminal,2026-03-31,6,100.0,5
GOIANÉSIA,Juizado Especial Cível e Criminal,2026-04-30,6,100.0,6
GOIANÉSIA,Vara das Fazendas Públicas e Registros Públicos,2025-11-30,6,96.58,1
GOIANÉSIA,Vara das Fazendas Públicas e Registros Públicos,2025-12-31,6,96.84,2
GOIANÉSIA,Vara das Fazendas Públicas e Registros Públicos,2026-01-31,6,97.1,3
GOIANÉSIA,Vara das Fazendas Públicas e Registros Públicos,2026-02-28,6,97.34,4
GOIANÉSIA,Vara das Fazendas Públicas e Registros Públicos,2026-03-31,6,97.6,5
GOIANÉSIA,Vara das Fazendas Públicas e Registros Públicos,2026-04-30,6,97.85,6
GOIATUBA,"1ª Vara (Cível, Criminal - crime em geral e exec. penais - e da Inf. e da Juv.)",2025-11-30,6,97.26,1
GOIATUBA,"1ª Vara (Cível, Criminal - crime em geral e exec. penais - e da Inf. e da Juv.)",2025-12-31,6,97.77,2
GOIATUBA,"1ª Vara (Cível, Criminal - crime em geral e exec. penais - e da Inf. e da Juv.)",2026-01-31,6,98.28,3
GOIATUBA,"1ª Vara (Cível, Criminal - crime em geral e exec. penais - e da Inf. e da Juv.)",2026-02-28,6,98.75,4
GOIATUBA,"1ª Vara (Cível, Criminal - crime em geral e exec. penais - e da Inf. e da Juv.)",2026-03-31,6,99.26,5
GOIATUBA,"1ª Vara (Cível, Criminal - crime em geral e exec. penais - e da Inf. e da Juv.)",2026-04-30,6,99.76,6
GOIATUBA,"2ª Vara (Cív, Criminal crime em geral, crimes dolosos contra a vida e Pres. do Trib. do Juri, das Faz.Púb.e de Reg.Pub)",2025-11-30,6,97.16,1
GOIATUBA,"2ª Vara (Cív, Criminal crime em geral, crimes dolosos contra a vida e Pres. do Trib. do Juri, das Faz.Púb.e de Reg.Pub)",2025-12-31,6,97.62,2
GOIATUBA,"2ª Vara (Cív, Criminal crime em geral, crimes dolosos contra a vida e Pres. do Trib. do Juri, das Faz.Púb.e de Reg.Pub)",2026-01-31,6,98.08,3
GOIATUBA,"2ª Vara (Cív, Criminal crime em geral, crimes dolosos contra a vida e Pres. do Trib. do Juri, das Faz.Púb.e de Reg.Pub)",2026-02-28,6,98.49,4
GOIATUBA,"2ª Vara (Cív, Criminal crime em geral, crimes dolosos contra a vida e Pres. do Trib. do Juri, das Faz.Púb.e de Reg.Pub)",2026-03-31,6,98.95,5
GOIATUBA,"2ª Vara (Cív, Criminal crime em geral, crimes dolosos contra a vida e Pres. do Trib. do Juri, das Faz.Púb.e de Reg.Pub)",2026-04-30,6,99.4,6
GOIATUBA,Juizado Especial Cível e Criminal,2025-11-30,6,80.27,1
GOIATUBA,Juizado Especial Cível e Criminal,2025-12-31,6,80.56,2
GOIATUBA,Juizado Especial Cível e Criminal,2026-01-31,6,80.86,3
GOIATUBA,Juizado Especial Cível e Criminal,2026-02-28,6,81.13,4
GOIATUBA,Juizado Especial Cível e Criminal,2026-03-31,6,81.43,5
GOIATUBA,Juizado Especial Cível e Criminal,2026-04-30,6,81.72,6
GOIÁS,"Vara Criminal (crime em geral, crimes dolosos contra a vida e Pres. do Trib. do Júri, Execução Penal e Juizado Especial Criminal)",2025-11-30,6,94.18,1
GOIÁS,"Vara Criminal (crime em geral, crimes dolosos contra a vida e Pres. do Trib. do Júri, Execução Penal e Juizado Especial Criminal)",2025-12-31,6,94.39,2
GOIÁS,"Vara Criminal (crime em geral, crimes dolosos contra a vida e Pres. do Trib. do Júri, Execução Penal e Juizado Especial Criminal)",2026-01-31,6,94.6,3
GOIÁS,"Vara Criminal (crime em geral, crimes dolosos contra a vida e Pres. do Trib. do Júri, Execução Penal e Juizado Especial Criminal)",2026-02-28,6,94.79,4
GOIÁS,"Vara Criminal (crime em geral, crimes dolosos contra a vida e Pres. do Trib. do Júri, Execução Penal e Juizado Especial Criminal)",2026-03-31,6,95.0,5
GOIÁS,"Vara Criminal (crime em geral, crimes dolosos contra a vida e Pres. do Trib. do Júri, Execução Penal e Juizado Especial Criminal)",2026-04-30,6,95.21,6
GOIÁS,"Vara Cível, Infância e Juventude e Juizado Especial Cível",2025-11-30,6,93.43,1
GOIÁS,"Vara Cível, Infância e Juventude e Juizado Especial Cível",2025-12-31,6,93.7,2
GOIÁS,"Vara Cível, Infância e Juventude e Juizado Especial Cível",2026-01-31,6,93.96,3
GOIÁS,"Vara Cível, Infância e Juventude e Juizado Especial Cível",2026-02-28,6,94.2,4
GOIÁS,"Vara Cível, Infância e Juventude e Juizado Especial Cível",2026-03-31,6,94.47,5
GOIÁS,"Vara Cível, Infância e Juventude e Juizado Especial Cível",2026-04-30,6,94.73,6
GOIÁS,Vara das Fazendas Públicas e Registro Público e de Família e Sucessões,2025-11-30,6,85.72,1
GOIÁS,Vara das Fazendas Públicas e Registro Público e de Família e Sucessões,2025-12-31,6,86.11,2
GOIÁS,Vara das Fazendas Públicas e Registro Público e de Família e Sucessões,2026-01-31,6,86.49,3
GOIÁS,Vara das Fazendas Públicas e Registro Público e de Família e Sucessões,2026-02-28,6,86.84,4
GOIÁS,Vara das Fazendas Públicas e Registro Público e de Família e Sucessões,2026-03-31,6,87.22,5
GOIÁS,Vara das Fazendas Públicas e Registro Público e de Família e Sucessões,2026-04-30,6,87.59,6
GOIÂNIA,10ª Vara Cível,2025-11-30,6,93.11,1
GOIÂNIA,10ª Vara Cível,2025-12-31,6,93.22,2
GOIÂNIA,10ª Vara Cível,2026-01-31,6,93.34,3
GOIÂNIA,10ª Vara Cível,2026-02-28,6,93.44,4
GOIÂNIA,10ª Vara Cível,2026-03-31,6,93.56,5
GOIÂNIA,10ª Vara Cível,2026-04-30,6,93.67,6
GOIÂNIA,10º Juizado Especial Cível,2025-11-30,6,87.61,1
GOIÂNIA,10º Juizado Especial Cível,2025-12-31,6,89.45,2
GOIÂNIA,10º Juizado Especial Cível,2026-01-31,6,91.29,3
GOIÂNIA,10º Juizado Especial Cível,2026-02-28,6,92.95,4
GOIÂNIA,10º Juizado Especial Cível,2026-03-31,6,94.79,5
GOIÂNIA,10º Juizado Especial Cível,2026-04-30,6,96.57,6
GOIÂNIA,11ª Vara Cível,2025-11-30,6,88.01,1
GOIÂNIA,11ª Vara Cível,2025-12-31,6,87.95,2
GOIÂNIA,11ª Vara Cível,2026-01-31,6,87.89,3
GOIÂNIA,11ª Vara Cível,2026-02-28,6,87.83,4
GOIÂNIA,11ª Vara Cível,2026-03-31,6,87.77,5
GOIÂNIA,11ª Vara Cível,2026-04-30,6,87.71,6
GOIÂNIA,11º Juizado Especial Cível,2025-11-30,6,77.57,1
GOIÂNIA,11º Juizado Especial Cível,2025-12-31,6,79.4,2
GOIÂNIA,11º Juizado Especial Cível,2026-01-31,6,81.24,3
GOIÂNIA,11º Juizado Especial Cível,2026-02-28,6,82.9,4
GOIÂNIA,11º Juizado Especial Cível,2026-03-31,6,84.74,5
GOIÂNIA,11º Juizado Especial Cível,2026-04-30,6,86.52,6
GOIÂNIA,12ª Vara Cível,2025-11-30,6,92.98,1
GOIÂNIA,12ª Vara Cível,2025-12-31,6,93.02,2
GOIÂNIA,12ª Vara Cível,2026-01-31,6,93.05,3
GOIÂNIA,12ª Vara Cível,2026-02-28,6,93.08,4
GOIÂNIA,12ª Vara Cível,2026-03-31,6,93.12,5
GOIÂNIA,12ª Vara Cível,2026-04-30,6,93.15,6
GOIÂNIA,13ª Vara Cível e Ambiental,2025-11-30,6,92.78,1
GOIÂNIA,13ª Vara Cível e Ambiental,2025-12-31,6,92.83,2
GOIÂNIA,13ª Vara Cível e Ambiental,2026-01-31,6,92.88,3
GOIÂNIA,13ª Vara Cível e Ambiental,2026-02-28,6,92.93,4
GOIÂNIA,13ª Vara Cível e Ambiental,2026-03-31,6,92.98,5
GOIÂNIA,13ª Vara Cível e Ambiental,2026-04-30,6,93.03,6
GOIÂNIA,14ª Vara Cível e Ambiental,2025-11-30,6,90.59,1
GOIÂNIA,14ª Vara Cível e Ambiental,2025-12-31,6,90.47,2
GOIÂNIA,14ª Vara Cível e Ambiental,2026-01-31,6,90.36,3
GOIÂNIA,14ª Vara Cível e Ambiental,2026-02-28,6,90.26,4
GOIÂNIA,14ª Vara Cível e Ambiental,2026-03-31,6,90.14,5
GOIÂNIA,14ª Vara Cível e Ambiental,2026-04-30,6,90.03,6
GOIÂNIA,15ª Vara Cível e Ambiental,2025-11-30,6,95.06,1
GOIÂNIA,15ª Vara Cível e Ambiental,2025-12-31,6,95.23,2
GOIÂNIA,15ª Vara Cível e Ambiental,2026-01-31,6,95.41,3
GOIÂNIA,15ª Vara Cível e Ambiental,2026-02-28,6,95.57,4
GOIÂNIA,15ª Vara Cível e Ambiental,2026-03-31,6,95.75,5
GOIÂNIA,15ª Vara Cível e Ambiental,2026-04-30,6,95.93,6
GOIÂNIA,16ª Vara Cível e Ambiental,2025-11-30,6,94.85,1
GOIÂNIA,16ª Vara Cível e Ambiental,2025-12-31,6,95.08,2
GOIÂNIA,16ª Vara Cível e Ambiental,2026-01-31,6,95.31,3
GOIÂNIA,16ª Vara Cível e Ambiental,2026-02-28,6,95.51,4
GOIÂNIA,16ª Vara Cível e Ambiental,2026-03-31,6,95.74,5
GOIÂNIA,16ª Vara Cível e Ambiental,2026-04-30,6,95.96,6
GOIÂNIA,17ª Vara Cível e Ambiental,2025-11-30,6,92.82,1
GOIÂNIA,17ª Vara Cível e Ambiental,2025-12-31,6,92.98,2
GOIÂNIA,17ª Vara Cível e Ambiental,2026-01-31,6,93.14,3
GOIÂNIA,17ª Vara Cível e Ambiental,2026-02-28,6,93.29,4
GOIÂNIA,17ª Vara Cível e Ambiental,2026-03-31,6,93.45,5
GOIÂNIA,17ª Vara Cível e Ambiental,2026-04-30,6,93.61,6
GOIÂNIA,18ª Vara Cível e Ambiental,2025-11-30,6,95.58,1
GOIÂNIA,18ª Vara Cível e Ambiental,2025-12-31,6,95.66,2
GOIÂNIA,18ª Vara Cível e Ambiental,2026-01-31,6,95.74,3
GOIÂNIA,18ª Vara Cível e Ambiental,2026-02-28,6,95.82,4
GOIÂNIA,18ª Vara Cível e Ambiental,2026-03-31,6,95.9,5
GOIÂNIA,18ª Vara Cível e Ambiental,2026-04-30,6,95.99,6
GOIÂNIA,19ª Vara Cível e Ambiental,2025-11-30,6,94.13,1
GOIÂNIA,19ª Vara Cível e Ambiental,2025-12-31,6,94.11,2
GOIÂNIA,19ª Vara Cível e Ambiental,2026-01-31,6,94.09,3
GOIÂNIA,19ª Vara Cível e Ambiental,2026-02-28,6,94.08,4
GOIÂNIA,19ª Vara Cível e Ambiental,2026-03-31,6,94.06,5
GOIÂNIA,19ª Vara Cível e Ambiental,2026-04-30,6,94.04,6
GOIÂNIA,1ª Vara Criminal dos Crimes Dolosos contra a Vida e Tribunal do Júri,2025-11-30,6,89.23,1
GOIÂNIA,1ª Vara Criminal dos Crimes Dolosos contra a Vida e Tribunal do Júri,2025-12-31,6,91.24,2
GOIÂNIA,1ª Vara Criminal dos Crimes Dolosos contra a Vida e Tribunal do Júri,2026-01-31,6,93.25,3
GOIÂNIA,1ª Vara Criminal dos Crimes Dolosos contra a Vida e Tribunal do Júri,2026-02-28,6,95.06,4
GOIÂNIA,1ª Vara Criminal dos Crimes Dolosos contra a Vida e Tribunal do Júri,2026-03-31,6,97.07,5
GOIÂNIA,1ª Vara Criminal dos Crimes Dolosos contra a Vida e Tribunal do Júri,2026-04-30,6,99.01,6
GOIÂNIA,"1ª Vara Criminal dos crimes contra vítimas hipervulneráveis (Crianças e Adolescentes, Pessoas com Deficiência e Idosos) e crimes de trânsito",2025-11-30,6,97.03,1
GOIÂNIA,"1ª Vara Criminal dos crimes contra vítimas hipervulneráveis (Crianças e Adolescentes, Pessoas com Deficiência e Idosos) e crimes de trânsito",2025-12-31,6,97.25,2
GOIÂNIA,"1ª Vara Criminal dos crimes contra vítimas hipervulneráveis (Crianças e Adolescentes, Pessoas com Deficiência e Idosos) e crimes de trânsito",2026-01-31,6,97.47,3
GOIÂNIA,"1ª Vara Criminal dos crimes contra vítimas hipervulneráveis (Crianças e Adolescentes, Pessoas com Deficiência e Idosos) e crimes de trânsito",2026-02-28,6,97.66,4
GOIÂNIA,"1ª Vara Criminal dos crimes contra vítimas hipervulneráveis (Crianças e Adolescentes, Pessoas com Deficiência e Idosos) e crimes de trânsito",2026-03-31,6,97.88,5
GOIÂNIA,"1ª Vara Criminal dos crimes contra vítimas hipervulneráveis (Crianças e Adolescentes, Pessoas com Deficiência e Idosos) e crimes de trânsito",2026-04-30,6,98.1,6
GOIÂNIA,1ª Vara Criminal dos crimes punidos com reclusão e detenção,2025-11-30,6,99.06,1
GOIÂNIA,1ª Vara Criminal dos crimes punidos com reclusão e detenção,2025-12-31,6,99.42,2
GOIÂNIA,1ª Vara Criminal dos crimes punidos com reclusão e detenção,2026-01-31,6,99.77,3
GOIÂNIA,1ª Vara Criminal dos crimes punidos com reclusão e detenção,2026-02-28,6,100.0,4
GOIÂNIA,1ª Vara Criminal dos crimes punidos com reclusão e detenção,2026-03-31,6,100.0,5
GOIÂNIA,1ª Vara Criminal dos crimes punidos com reclusão e detenção,2026-04-30,6,100.0,6
GOIÂNIA,1ª Vara Cível,2025-11-30,6,91.13,1
GOIÂNIA,1ª Vara Cível,2025-12-31,6,91.23,2
GOIÂNIA,1ª Vara Cível,2026-01-31,6,91.32,3
GOIÂNIA,1ª Vara Cível,2026-02-28,6,91.4,4
GOIÂNIA,1ª Vara Cível,2026-03-31,6,91.49,5
GOIÂNIA,1ª Vara Cível,2026-04-30,6,91.58,6
GOIÂNIA,1ª Vara da Faz. Púb. Mun. e de Reg. Púb. - Execução Fiscal,2025-11-30,6,92.4,1
GOIÂNIA,1ª Vara da Faz. Púb. Mun. e de Reg. Púb. - Execução Fiscal,2025-12-31,6,92.46,2
GOIÂNIA,1ª Vara da Faz. Púb. Mun. e de Reg. Púb. - Execução Fiscal,2026-01-31,6,92.51,3
GOIÂNIA,1ª Vara da Faz. Púb. Mun. e de Reg. Púb. - Execução Fiscal,2026-02-28,6,92.56,4
GOIÂNIA,1ª Vara da Faz. Púb. Mun. e de Reg. Púb. - Execução Fiscal,2026-03-31,6,92.62,5
GOIÂNIA,1ª Vara da Faz. Púb. Mun. e de Reg. Púb. - Execução Fiscal,2026-04-30,6,92.67,6
GOIÂNIA,1ª Vara da Fazenda Pública Estadual,2025-11-30,6,92.77,1
GOIÂNIA,1ª Vara da Fazenda Pública Estadual,2025-12-31,6,92.68,2
GOIÂNIA,1ª Vara da Fazenda Pública Estadual,2026-01-31,6,92.58,3
GOIÂNIA,1ª Vara da Fazenda Pública Estadual,2026-02-28,6,92.49,4
GOIÂNIA,1ª Vara da Fazenda Pública Estadual,2026-03-31,6,92.39,5
GOIÂNIA,1ª Vara da Fazenda Pública Estadual,2026-04-30,6,92.29,6
GOIÂNIA,1ª Vara das Garantias,2025-11-30,6,83.99,1
GOIÂNIA,1ª Vara das Garantias,2025-12-31,6,83.57,2
GOIÂNIA,1ª Vara das Garantias,2026-01-31,6,83.15,3
GOIÂNIA,1ª Vara das Garantias,2026-02-28,6,82.78,4
GOIÂNIA,1ª Vara das Garantias,2026-03-31,6,82.36,5
GOIÂNIA,1ª Vara das Garantias,2026-04-30,6,81.96,6
GOIÂNIA,1ª Vara de Família,2025-11-30,6,89.14,1
GOIÂNIA,1ª Vara de Família,2025-12-31,6,89.83,2
GOIÂNIA,1ª Vara de Família,2026-01-31,6,90.53,3
GOIÂNIA,1ª Vara de Família,2026-02-28,6,91.16,4
GOIÂNIA,1ª Vara de Família,2026-03-31,6,91.86,5
GOIÂNIA,1ª Vara de Família,2026-04-30,6,92.53,6
GOIÂNIA,1ª Vara de Sucessões,2025-11-30,6,93.26,1
GOIÂNIA,1ª Vara de Sucessões,2025-12-31,6,93.25,2
GOIÂNIA,1ª Vara de Sucessões,2026-01-31,6,93.24,3
GOIÂNIA,1ª Vara de Sucessões,2026-02-28,6,93.23,4
GOIÂNIA,1ª Vara de Sucessões,2026-03-31,6,93.22,5
GOIÂNIA,1ª Vara de Sucessões,2026-04-30,6,93.21,6
GOIÂNIA,"1ª Vara dos Feitos Relativos a Delitos Praticados por Organização Criminosa e de Lavagem ou Ocultação de Bens, Direitos e Valores",2025-11-30,6,97.86,1
GOIÂNIA,"1ª Vara dos Feitos Relativos a Delitos Praticados por Organização Criminosa e de Lavagem ou Ocultação de Bens, Direitos e Valores",2025-12-31,6,99.25,2
GOIÂNIA,"1ª Vara dos Feitos Relativos a Delitos Praticados por Organização Criminosa e de Lavagem ou Ocultação de Bens, Direitos e Valores",2026-01-31,6,100.0,3
GOIÂNIA,"1ª Vara dos Feitos Relativos a Delitos Praticados por Organização Criminosa e de Lavagem ou Ocultação de Bens, Direitos e Valores",2026-02-28,6,100.0,4
GOIÂNIA,"1ª Vara dos Feitos Relativos a Delitos Praticados por Organização Criminosa e de Lavagem ou Ocultação de Bens, Direitos e Valores",2026-03-31,6,100.0,5
GOIÂNIA,"1ª Vara dos Feitos Relativos a Delitos Praticados por Organização Criminosa e de Lavagem ou Ocultação de Bens, Direitos e Valores",2026-04-30,6,100.0,6
GOIÂNIA,1º Juizado Especial Criminal,2025-11-30,6,55.21,1
GOIÂNIA,1º Juizado Especial Criminal,2025-12-31,6,56.87,2
GOIÂNIA,1º Juizado Especial Criminal,2026-01-31,6,58.54,3
GOIÂNIA,1º Juizado Especial Criminal,2026-02-28,6,60.04,4
GOIÂNIA,1º Juizado Especial Criminal,2026-03-31,6,61.71,5
GOIÂNIA,1º Juizado Especial Criminal,2026-04-30,6,63.32,6
GOIÂNIA,1º Juizado Especial Cível,2025-11-30,6,64.84,1
GOIÂNIA,1º Juizado Especial Cível,2025-12-31,6,65.8,2
GOIÂNIA,1º Juizado Especial Cível,2026-01-31,6,66.76,3
GOIÂNIA,1º Juizado Especial Cível,2026-02-28,6,67.62,4
GOIÂNIA,1º Juizado Especial Cível,2026-03-31,6,68.58,5
GOIÂNIA,1º Juizado Especial Cível,2026-04-30,6,69.51,6
GOIÂNIA,1º Juizado da Infância e da Juventude das causas cíveis e questões adm. afins,2025-11-30,6,86.35,1
GOIÂNIA,1º Juizado da Infância e da Juventude das causas cíveis e questões adm. afins,2025-12-31,6,87.5,2
GOIÂNIA,1º Juizado da Infância e da Juventude das causas cíveis e questões adm. afins,2026-01-31,6,88.65,3
GOIÂNIA,1º Juizado da Infância e da Juventude das causas cíveis e questões adm. afins,2026-02-28,6,89.69,4
GOIÂNIA,1º Juizado da Infância e da Juventude das causas cíveis e questões adm. afins,2026-03-31,6,90.84,5
GOIÂNIA,1º Juizado da Infância e da Juventude das causas cíveis e questões adm. afins,2026-04-30,6,91.95,6
GOIÂNIA,1º Juizado de Violência Doméstica e Familiar contra a Mulher,2025-11-30,6,72.95,1
GOIÂNIA,1º Juizado de Violência Doméstica e Familiar contra a Mulher,2025-12-31,6,73.69,2
GOIÂNIA,1º Juizado de Violência Doméstica e Familiar contra a Mulher,2026-01-31,6,74.42,3
GOIÂNIA,1º Juizado de Violência Doméstica e Familiar contra a Mulher,2026-02-28,6,75.09,4
GOIÂNIA,1º Juizado de Violência Doméstica e Familiar contra a Mulher,2026-03-31,6,75.82,5
GOIÂNIA,1º Juizado de Violência Doméstica e Familiar contra a Mulher,2026-04-30,6,76.53,6
GOIÂNIA,1º Juízo do Núcleo de Justiça 4.0 especializado em matéria de Juizado Especial da Fazenda Pública,2025-11-30,6,91.11,1
GOIÂNIA,1º Juízo do Núcleo de Justiça 4.0 especializado em matéria de Juizado Especial da Fazenda Pública,2025-12-31,6,91.34,2
GOIÂNIA,1º Juízo do Núcleo de Justiça 4.0 especializado em matéria de Juizado Especial da Fazenda Pública,2026-01-31,6,91.58,3
GOIÂNIA,1º Juízo do Núcleo de Justiça 4.0 especializado em matéria de Juizado Especial da Fazenda Pública,2026-02-28,6,91.8,4
GOIÂNIA,1º Juízo do Núcleo de Justiça 4.0 especializado em matéria de Juizado Especial da Fazenda Pública,2026-03-31,6,92.03,5
GOIÂNIA,1º Juízo do Núcleo de Justiça 4.0 especializado em matéria de Juizado Especial da Fazenda Pública,2026-04-30,6,92.26,6
GOIÂNIA,1º Núcleo de Justiça 4.0,2025-11-30,6,100.0,1
GOIÂNIA,1º Núcleo de Justiça 4.0,2025-12-31,6,100.0,2
GOIÂNIA,1º Núcleo de Justiça 4.0,2026-01-31,6,100.0,3
GOIÂNIA,1º Núcleo de Justiça 4.0,2026-02-28,6,100.0,4
GOIÂNIA,1º Núcleo de Justiça 4.0,2026-03-31,6,100.0,5
GOIÂNIA,1º Núcleo de Justiça 4.0,2026-04-30,6,100.0,6
GOIÂNIA,20ª Vara Cível,2025-11-30,6,91.73,1
GOIÂNIA,20ª Vara Cível,2025-12-31,6,91.7,2
GOIÂNIA,20ª Vara Cível,2026-01-31,6,91.66,3
GOIÂNIA,20ª Vara Cível,2026-02-28,6,91.63,4
GOIÂNIA,20ª Vara Cível,2026-03-31,6,91.6,5
GOIÂNIA,20ª Vara Cível,2026-04-30,6,91.57,6
GOIÂNIA,21ª Vara Cível,2025-11-30,6,91.24,1
GOIÂNIA,21ª Vara Cível,2025-12-31,6,91.18,2
GOIÂNIA,21ª Vara Cível,2026-01-31,6,91.13,3
GOIÂNIA,21ª Vara Cível,2026-02-28,6,91.08,4
GOIÂNIA,21ª Vara Cível,2026-03-31,6,91.03,5
GOIÂNIA,21ª Vara Cível,2026-04-30,6,90.98,6
GOIÂNIA,22ª Vara Cível,2025-11-30,6,86.66,1
GOIÂNIA,22ª Vara Cível,2025-12-31,6,86.5,2
GOIÂNIA,22ª Vara Cível,2026-01-31,6,86.33,3
GOIÂNIA,22ª Vara Cível,2026-02-28,6,86.18,4
GOIÂNIA,22ª Vara Cível,2026-03-31,6,86.02,5
GOIÂNIA,22ª Vara Cível,2026-04-30,6,85.85,6
GOIÂNIA,23ª Vara Cível,2025-11-30,6,92.21,1
GOIÂNIA,23ª Vara Cível,2025-12-31,6,92.29,2
GOIÂNIA,23ª Vara Cível,2026-01-31,6,92.38,3
GOIÂNIA,23ª Vara Cível,2026-02-28,6,92.45,4
GOIÂNIA,23ª Vara Cível,2026-03-31,6,92.54,5
GOIÂNIA,23ª Vara Cível,2026-04-30,6,92.62,6
GOIÂNIA,24ª Vara Cível e de Arbitragem,2025-11-30,6,91.83,1
GOIÂNIA,24ª Vara Cível e de Arbitragem,2025-12-31,6,91.8,2
GOIÂNIA,24ª Vara Cível e de Arbitragem,2026-01-31,6,91.77,3
GOIÂNIA,24ª Vara Cível e de Arbitragem,2026-02-28,6,91.74,4
GOIÂNIA,24ª Vara Cível e de Arbitragem,2026-03-31,6,91.71,5
GOIÂNIA,24ª Vara Cível e de Arbitragem,2026-04-30,6,91.68,6
GOIÂNIA,25ª Vara Cível,2025-11-30,6,91.69,1
GOIÂNIA,25ª Vara Cível,2025-12-31,6,91.62,2
GOIÂNIA,25ª Vara Cível,2026-01-31,6,91.55,3
GOIÂNIA,25ª Vara Cível,2026-02-28,6,91.49,4
GOIÂNIA,25ª Vara Cível,2026-03-31,6,91.42,5
GOIÂNIA,25ª Vara Cível,2026-04-30,6,91.35,6
GOIÂNIA,26ª Vara Cível,2025-11-30,6,96.25,1
GOIÂNIA,26ª Vara Cível,2025-12-31,6,96.7,2
GOIÂNIA,26ª Vara Cível,2026-01-31,6,97.15,3
GOIÂNIA,26ª Vara Cível,2026-02-28,6,97.56,4
GOIÂNIA,26ª Vara Cível,2026-03-31,6,98.01,5
GOIÂNIA,26ª Vara Cível,2026-04-30,6,98.44,6
GOIÂNIA,27ª Vara Cível,2025-11-30,6,89.4,1
GOIÂNIA,27ª Vara Cível,2025-12-31,6,89.33,2
GOIÂNIA,27ª Vara Cível,2026-01-31,6,89.27,3
GOIÂNIA,27ª Vara Cível,2026-02-28,6,89.2,4
GOIÂNIA,27ª Vara Cível,2026-03-31,6,89.13,5
GOIÂNIA,27ª Vara Cível,2026-04-30,6,89.07,6
GOIÂNIA,28ª Vara Cível,2025-11-30,6,91.59,1
GOIÂNIA,28ª Vara Cível,2025-12-31,6,91.7,2
GOIÂNIA,28ª Vara Cível,2026-01-31,6,91.81,3
GOIÂNIA,28ª Vara Cível,2026-02-28,6,91.91,4
GOIÂNIA,28ª Vara Cível,2026-03-31,6,92.02,5
GOIÂNIA,28ª Vara Cível,2026-04-30,6,92.13,6
GOIÂNIA,29ª Vara Cível,2025-11-30,6,92.91,1
GOIÂNIA,29ª Vara Cível,2025-12-31,6,92.91,2
GOIÂNIA,29ª Vara Cível,2026-01-31,6,92.9,3
GOIÂNIA,29ª Vara Cível,2026-02-28,6,92.9,4
GOIÂNIA,29ª Vara Cível,2026-03-31,6,92.89,5
GOIÂNIA,29ª Vara Cível,2026-04-30,6,92.89,6
GOIÂNIA,2ª Vara Criminal dos Crimes Dolosos contra a Vida e Tribunal do Júri,2025-11-30,6,81.96,1
GOIÂNIA,2ª Vara Criminal dos Crimes Dolosos contra a Vida e Tribunal do Júri,2025-12-31,6,83.68,2
GOIÂNIA,2ª Vara Criminal dos Crimes Dolosos contra a Vida e Tribunal do Júri,2026-01-31,6,85.39,3
GOIÂNIA,2ª Vara Criminal dos Crimes Dolosos contra a Vida e Tribunal do Júri,2026-02-28,6,86.93,4
GOIÂNIA,2ª Vara Criminal dos Crimes Dolosos contra a Vida e Tribunal do Júri,2026-03-31,6,88.64,5
GOIÂNIA,2ª Vara Criminal dos Crimes Dolosos contra a Vida e Tribunal do Júri,2026-04-30,6,90.3,6
GOIÂNIA,"2ª Vara Criminal dos crimes contra vítimas hipervulneráveis (Crianças e Adolescentes, Pessoas com Deficiência e Idosos) e crimes de trânsito",2025-11-30,6,97.77,1
GOIÂNIA,"2ª Vara Criminal dos crimes contra vítimas hipervulneráveis (Crianças e Adolescentes, Pessoas com Deficiência e Idosos) e crimes de trânsito",2025-12-31,6,98.26,2
GOIÂNIA,"2ª Vara Criminal dos crimes contra vítimas hipervulneráveis (Crianças e Adolescentes, Pessoas com Deficiência e Idosos) e crimes de trânsito",2026-01-31,6,98.74,3
GOIÂNIA,"2ª Vara Criminal dos crimes contra vítimas hipervulneráveis (Crianças e Adolescentes, Pessoas com Deficiência e Idosos) e crimes de trânsito",2026-02-28,6,99.18,4
GOIÂNIA,"2ª Vara Criminal dos crimes contra vítimas hipervulneráveis (Crianças e Adolescentes, Pessoas com Deficiência e Idosos) e crimes de trânsito",2026-03-31,6,99.67,5
GOIÂNIA,"2ª Vara Criminal dos crimes contra vítimas hipervulneráveis (Crianças e Adolescentes, Pessoas com Deficiência e Idosos) e crimes de trânsito",2026-04-30,6,100.0,6
GOIÂNIA,2ª Vara Criminal dos crimes punidos com reclusão e detenção,2025-11-30,6,100.0,1
GOIÂNIA,2ª Vara Criminal dos crimes punidos com reclusão e detenção,2025-12-31,6,100.0,2
GOIÂNIA,2ª Vara Criminal dos crimes punidos com reclusão e detenção,2026-01-31,6,100.0,3
GOIÂNIA,2ª Vara Criminal dos crimes punidos com reclusão e detenção,2026-02-28,6,100.0,4
GOIÂNIA,2ª Vara Criminal dos crimes punidos com reclusão e detenção,2026-03-31,6,100.0,5
GOIÂNIA,2ª Vara Criminal dos crimes punidos com reclusão e detenção,2026-04-30,6,100.0,6
GOIÂNIA,2ª Vara Cível,2025-11-30,6,89.47,1
GOIÂNIA,2ª Vara Cível,2025-12-31,6,89.44,2
GOIÂNIA,2ª Vara Cível,2026-01-31,6,89.41,3
GOIÂNIA,2ª Vara Cível,2026-02-28,6,89.39,4
GOIÂNIA,2ª Vara Cível,2026-03-31,6,89.36,5
GOIÂNIA,2ª Vara Cível,2026-04-30,6,89.33,6
GOIÂNIA,2ª Vara da Faz. Púb. Mun. e de Reg. Púb.,2025-11-30,6,91.65,1
GOIÂNIA,2ª Vara da Faz. Púb. Mun. e de Reg. Púb.,2025-12-31,6,91.7,2
GOIÂNIA,2ª Vara da Faz. Púb. Mun. e de Reg. Púb.,2026-01-31,6,91.76,3
GOIÂNIA,2ª Vara da Faz. Púb. Mun. e de Reg. Púb.,2026-02-28,6,91.8,4
GOIÂNIA,2ª Vara da Faz. Púb. Mun. e de Reg. Púb.,2026-03-31,6,91.86,5
GOIÂNIA,2ª Vara da Faz. Púb. Mun. e de Reg. Púb.,2026-04-30,6,91.91,6
GOIÂNIA,2ª Vara da Fazenda Pública Estadual,2025-11-30,6,92.87,1
GOIÂNIA,2ª Vara da Fazenda Pública Estadual,2025-12-31,6,92.76,2
GOIÂNIA,2ª Vara da Fazenda Pública Estadual,2026-01-31,6,92.65,3
GOIÂNIA,2ª Vara da Fazenda Pública Estadual,2026-02-28,6,92.54,4
GOIÂNIA,2ª Vara da Fazenda Pública Estadual,2026-03-31,6,92.43,5
GOIÂNIA,2ª Vara da Fazenda Pública Estadual,2026-04-30,6,92.32,6
GOIÂNIA,2ª Vara das Garantias,2025-11-30,6,87.61,1
GOIÂNIA,2ª Vara das Garantias,2025-12-31,6,87.33,2
GOIÂNIA,2ª Vara das Garantias,2026-01-31,6,87.05,3
GOIÂNIA,2ª Vara das Garantias,2026-02-28,6,86.79,4
GOIÂNIA,2ª Vara das Garantias,2026-03-31,6,86.51,5
GOIÂNIA,2ª Vara das Garantias,2026-04-30,6,86.24,6
GOIÂNIA,2ª Vara de Família,2025-11-30,6,89.3,1
GOIÂNIA,2ª Vara de Família,2025-12-31,6,89.8,2
GOIÂNIA,2ª Vara de Família,2026-01-31,6,90.3,3
GOIÂNIA,2ª Vara de Família,2026-02-28,6,90.76,4
GOIÂNIA,2ª Vara de Família,2026-03-31,6,91.26,5
GOIÂNIA,2ª Vara de Família,2026-04-30,6,91.74,6
GOIÂNIA,2ª Vara de Sucessões,2025-11-30,6,94.73,1
GOIÂNIA,2ª Vara de Sucessões,2025-12-31,6,94.78,2
GOIÂNIA,2ª Vara de Sucessões,2026-01-31,6,94.83,3
GOIÂNIA,2ª Vara de Sucessões,2026-02-28,6,94.88,4
GOIÂNIA,2ª Vara de Sucessões,2026-03-31,6,94.93,5
GOIÂNIA,2ª Vara de Sucessões,2026-04-30,6,94.98,6
GOIÂNIA,"2ª Vara dos Feitos Relativos a Delitos Praticados por Organização Criminosa e de Lavagem ou Ocultação de Bens, Direitos e Valores",2025-11-30,6,97.08,1
GOIÂNIA,"2ª Vara dos Feitos Relativos a Delitos Praticados por Organização Criminosa e de Lavagem ou Ocultação de Bens, Direitos e Valores",2025-12-31,6,97.93,2
GOIÂNIA,"2ª Vara dos Feitos Relativos a Delitos Praticados por Organização Criminosa e de Lavagem ou Ocultação de Bens, Direitos e Valores",2026-01-31,6,98.79,3
GOIÂNIA,"2ª Vara dos Feitos Relativos a Delitos Praticados por Organização Criminosa e de Lavagem ou Ocultação de Bens, Direitos e Valores",2026-02-28,6,99.56,4
GOIÂNIA,"2ª Vara dos Feitos Relativos a Delitos Praticados por Organização Criminosa e de Lavagem ou Ocultação de Bens, Direitos e Valores",2026-03-31,6,100.0,5
GOIÂNIA,"2ª Vara dos Feitos Relativos a Delitos Praticados por Organização Criminosa e de Lavagem ou Ocultação de Bens, Direitos e Valores",2026-04-30,6,100.0,6
GOIÂNIA,2º Juizado Especial Criminal,2025-11-30,6,67.96,1
GOIÂNIA,2º Juizado Especial Criminal,2025-12-31,6,69.5,2
GOIÂNIA,2º Juizado Especial Criminal,2026-01-31,6,71.03,3
GOIÂNIA,2º Juizado Especial Criminal,2026-02-28,6,72.42,4
GOIÂNIA,2º Juizado Especial Criminal,2026-03-31,6,73.96,5
GOIÂNIA,2º Juizado Especial Criminal,2026-04-30,6,75.45,6
GOIÂNIA,2º Juizado Especial Cível,2025-11-30,6,75.18,1
GOIÂNIA,2º Juizado Especial Cível,2025-12-31,6,76.35,2
GOIÂNIA,2º Juizado Especial Cível,2026-01-31,6,77.52,3
GOIÂNIA,2º Juizado Especial Cível,2026-02-28,6,78.57,4
GOIÂNIA,2º Juizado Especial Cível,2026-03-31,6,79.74,5
GOIÂNIA,2º Juizado Especial Cível,2026-04-30,6,80.87,6
GOIÂNIA,2º Juizado da Infância e da Juventude das causas infracionais questões adm. afins,2025-11-30,6,60.5,1
GOIÂNIA,2º Juizado da Infância e da Juventude das causas infracionais questões adm. afins,2025-12-31,6,62.22,2
GOIÂNIA,2º Juizado da Infância e da Juventude das causas infracionais questões adm. afins,2026-01-31,6,63.94,3
GOIÂNIA,2º Juizado da Infância e da Juventude das causas infracionais questões adm. afins,2026-02-28,6,65.49,4
GOIÂNIA,2º Juizado da Infância e da Juventude das causas infracionais questões adm. afins,2026-03-31,6,67.21,5
GOIÂNIA,2º Juizado da Infância e da Juventude das causas infracionais questões adm. afins,2026-04-30,6,68.87,6
GOIÂNIA,2º Juizado de Violência Doméstica e Familiar contra a Mulher,2025-11-30,6,78.95,1
GOIÂNIA,2º Juizado de Violência Doméstica e Familiar contra a Mulher,2025-12-31,6,79.7,2
GOIÂNIA,2º Juizado de Violência Doméstica e Familiar contra a Mulher,2026-01-31,6,80.44,3
GOIÂNIA,2º Juizado de Violência Doméstica e Familiar contra a Mulher,2026-02-28,6,81.11,4
GOIÂNIA,2º Juizado de Violência Doméstica e Familiar contra a Mulher,2026-03-31,6,81.85,5
GOIÂNIA,2º Juizado de Violência Doméstica e Familiar contra a Mulher,2026-04-30,6,82.57,6
GOIÂNIA,2º Juízo do Núcleo de Justiça 4.0 especializado em matéria de Juizado Especial da Fazenda Pública,2025-11-30,6,84.4,1
GOIÂNIA,2º Juízo do Núcleo de Justiça 4.0 especializado em matéria de Juizado Especial da Fazenda Pública,2025-12-31,6,84.48,2
GOIÂNIA,2º Juízo do Núcleo de Justiça 4.0 especializado em matéria de Juizado Especial da Fazenda Pública,2026-01-31,6,84.56,3
GOIÂNIA,2º Juízo do Núcleo de Justiça 4.0 especializado em matéria de Juizado Especial da Fazenda Pública,2026-02-28,6,84.63,4
GOIÂNIA,2º Juízo do Núcleo de Justiça 4.0 especializado em matéria de Juizado Especial da Fazenda Pública,2026-03-31,6,84.71,5
GOIÂNIA,2º Juízo do Núcleo de Justiça 4.0 especializado em matéria de Juizado Especial da Fazenda Pública,2026-04-30,6,84.79,6
GOIÂNIA,2º Núcleo de Justiça 4.0,2025-11-30,6,96.3,1
GOIÂNIA,2º Núcleo de Justiça 4.0,2025-12-31,6,96.47,2
GOIÂNIA,2º Núcleo de Justiça 4.0,2026-01-31,6,96.65,3
GOIÂNIA,2º Núcleo de Justiça 4.0,2026-02-28,6,96.81,4
GOIÂNIA,2º Núcleo de Justiça 4.0,2026-03-31,6,96.99,5
GOIÂNIA,2º Núcleo de Justiça 4.0,2026-04-30,6,97.16,6
GOIÂNIA,30ª Vara Cível,2025-11-30,6,88.01,1
GOIÂNIA,30ª Vara Cível,2025-12-31,6,87.98,2
GOIÂNIA,30ª Vara Cível,2026-01-31,6,87.94,3
GOIÂNIA,30ª Vara Cível,2026-02-28,6,87.91,4
GOIÂNIA,30ª Vara Cível,2026-03-31,6,87.88,5
GOIÂNIA,30ª Vara Cível,2026-04-30,6,87.85,6
GOIÂNIA,31ª Vara Cível,2025-11-30,6,92.78,1
GOIÂNIA,31ª Vara Cível,2025-12-31,6,92.74,2
GOIÂNIA,31ª Vara Cível,2026-01-31,6,92.71,3
GOIÂNIA,31ª Vara Cível,2026-02-28,6,92.68,4
GOIÂNIA,31ª Vara Cível,2026-03-31,6,92.65,5
GOIÂNIA,31ª Vara Cível,2026-04-30,6,92.62,6
GOIÂNIA,32ª Vara Cível,2025-11-30,6,91.42,1
GOIÂNIA,32ª Vara Cível,2025-12-31,6,91.49,2
GOIÂNIA,32ª Vara Cível,2026-01-31,6,91.55,3
GOIÂNIA,32ª Vara Cível,2026-02-28,6,91.61,4
GOIÂNIA,32ª Vara Cível,2026-03-31,6,91.68,5
GOIÂNIA,32ª Vara Cível,2026-04-30,6,91.74,6
GOIÂNIA,3ª Vara Criminal dos Crimes Dolosos contra a Vida e Tribunal do Júri,2025-11-30,6,93.84,1
GOIÂNIA,3ª Vara Criminal dos Crimes Dolosos contra a Vida e Tribunal do Júri,2025-12-31,6,95.76,2
GOIÂNIA,3ª Vara Criminal dos Crimes Dolosos contra a Vida e Tribunal do Júri,2026-01-31,6,97.69,3
GOIÂNIA,3ª Vara Criminal dos Crimes Dolosos contra a Vida e Tribunal do Júri,2026-02-28,6,99.44,4
GOIÂNIA,3ª Vara Criminal dos Crimes Dolosos contra a Vida e Tribunal do Júri,2026-03-31,6,100.0,5
GOIÂNIA,3ª Vara Criminal dos Crimes Dolosos contra a Vida e Tribunal do Júri,2026-04-30,6,100.0,6
GOIÂNIA,3ª Vara Criminal dos crimes punidos com reclusão e detenção,2025-11-30,6,100.0,1
GOIÂNIA,3ª Vara Criminal dos crimes punidos com reclusão e detenção,2025-12-31,6,100.0,2
GOIÂNIA,3ª Vara Criminal dos crimes punidos com reclusão e detenção,2026-01-31,6,100.0,3
GOIÂNIA,3ª Vara Criminal dos crimes punidos com reclusão e detenção,2026-02-28,6,100.0,4
GOIÂNIA,3ª Vara Criminal dos crimes punidos com reclusão e detenção,2026-03-31,6,100.0,5
GOIÂNIA,3ª Vara Criminal dos crimes punidos com reclusão e detenção,2026-04-30,6,100.0,6
GOIÂNIA,3ª Vara Cível,2025-11-30,6,93.57,1
GOIÂNIA,3ª Vara Cível,2025-12-31,6,93.66,2
GOIÂNIA,3ª Vara Cível,2026-01-31,6,93.76,3
GOIÂNIA,3ª Vara Cível,2026-02-28,6,93.85,4
GOIÂNIA,3ª Vara Cível,2026-03-31,6,93.94,5
GOIÂNIA,3ª Vara Cível,2026-04-30,6,94.03,6
GOIÂNIA,3ª Vara da Faz. Púb. Mun. e de Reg. Púb.,2025-11-30,6,91.66,1
GOIÂNIA,3ª Vara da Faz. Púb. Mun. e de Reg. Púb.,2025-12-31,6,91.64,2
GOIÂNIA,3ª Vara da Faz. Púb. Mun. e de Reg. Púb.,2026-01-31,6,91.63,3
GOIÂNIA,3ª Vara da Faz. Púb. Mun. e de Reg. Púb.,2026-02-28,6,91.61,4
GOIÂNIA,3ª Vara da Faz. Púb. Mun. e de Reg. Púb.,2026-03-31,6,91.6,5
GOIÂNIA,3ª Vara da Faz. Púb. Mun. e de Reg. Púb.,2026-04-30,6,91.58,6
GOIÂNIA,3ª Vara da Fazenda Pública Estadual Execução Fiscal,2025-11-30,6,98.84,1
GOIÂNIA,3ª Vara da Fazenda Pública Estadual Execução Fiscal,2025-12-31,6,99.04,2
GOIÂNIA,3ª Vara da Fazenda Pública Estadual Execução Fiscal,2026-01-31,6,99.24,3
GOIÂNIA,3ª Vara da Fazenda Pública Estadual Execução Fiscal,2026-02-28,6,99.42,4
GOIÂNIA,3ª Vara da Fazenda Pública Estadual Execução Fiscal,2026-03-31,6,99.62,5
GOIÂNIA,3ª Vara da Fazenda Pública Estadual Execução Fiscal,2026-04-30,6,99.82,6
GOIÂNIA,3ª Vara de Família,2025-11-30,6,97.21,1
GOIÂNIA,3ª Vara de Família,2025-12-31,6,97.82,2
GOIÂNIA,3ª Vara de Família,2026-01-31,6,98.43,3
GOIÂNIA,3ª Vara de Família,2026-02-28,6,98.99,4
GOIÂNIA,3ª Vara de Família,2026-03-31,6,99.6,5
GOIÂNIA,3ª Vara de Família,2026-04-30,6,100.0,6
GOIÂNIA,3º Juizado Especial Criminal,2025-11-30,6,29.1,1
GOIÂNIA,3º Juizado Especial Criminal,2025-12-31,6,29.87,2
GOIÂNIA,3º Juizado Especial Criminal,2026-01-31,6,30.63,3
GOIÂNIA,3º Juizado Especial Criminal,2026-02-28,6,31.32,4
GOIÂNIA,3º Juizado Especial Criminal,2026-03-31,6,32.08,5
GOIÂNIA,3º Juizado Especial Criminal,2026-04-30,6,32.82,6
GOIÂNIA,3º Juizado Especial Cível,2025-11-30,6,60.56,1
GOIÂNIA,3º Juizado Especial Cível,2025-12-31,6,62.11,2
GOIÂNIA,3º Juizado Especial Cível,2026-01-31,6,63.67,3
GOIÂNIA,3º Juizado Especial Cível,2026-02-28,6,65.07,4
GOIÂNIA,3º Juizado Especial Cível,2026-03-31,6,66.63,5
GOIÂNIA,3º Juizado Especial Cível,2026-04-30,6,68.13,6
GOIÂNIA,3º Juizado de Violência Doméstica e Familiar contra a Mulher,2025-11-30,6,71.44,1
GOIÂNIA,3º Juizado de Violência Doméstica e Familiar contra a Mulher,2025-12-31,6,72.34,2
GOIÂNIA,3º Juizado de Violência Doméstica e Familiar contra a Mulher,2026-01-31,6,73.24,3
GOIÂNIA,3º Juizado de Violência Doméstica e Familiar contra a Mulher,2026-02-28,6,74.05,4
GOIÂNIA,3º Juizado de Violência Doméstica e Familiar contra a Mulher,2026-03-31,6,74.95,5
GOIÂNIA,3º Juizado de Violência Doméstica e Familiar contra a Mulher,2026-04-30,6,75.82,6
GOIÂNIA,3º Juízo do Núcleo de Justiça 4.0 especializado em matéria de Juizado Especial da Fazenda Pública,2025-11-30,6,90.68,1
GOIÂNIA,3º Juízo do Núcleo de Justiça 4.0 especializado em matéria de Juizado Especial da Fazenda Pública,2025-12-31,6,91.11,2
GOIÂNIA,3º Juízo do Núcleo de Justiça 4.0 especializado em matéria de Juizado Especial da Fazenda Pública,2026-01-31,6,91.53,3
GOIÂNIA,3º Juízo do Núcleo de Justiça 4.0 especializado em matéria de Juizado Especial da Fazenda Pública,2026-02-28,6,91.91,4
GOIÂNIA,3º Juízo do Núcleo de Justiça 4.0 especializado em matéria de Juizado Especial da Fazenda Pública,2026-03-31,6,92.33,5
GOIÂNIA,3º Juízo do Núcleo de Justiça 4.0 especializado em matéria de Juizado Especial da Fazenda Pública,2026-04-30,6,92.74,6
GOIÂNIA,4ª Vara Criminal dos Crimes Dolosos contra a Vida e Tribunal do Júri,2025-11-30,6,86.2,1
GOIÂNIA,4ª Vara Criminal dos Crimes Dolosos contra a Vida e Tribunal do Júri,2025-12-31,6,86.7,2
GOIÂNIA,4ª Vara Criminal dos Crimes Dolosos contra a Vida e Tribunal do Júri,2026-01-31,6,87.21,3
GOIÂNIA,4ª Vara Criminal dos Crimes Dolosos contra a Vida e Tribunal do Júri,2026-02-28,6,87.66,4
GOIÂNIA,4ª Vara Criminal dos Crimes Dolosos contra a Vida e Tribunal do Júri,2026-03-31,6,88.17,5
GOIÂNIA,4ª Vara Criminal dos Crimes Dolosos contra a Vida e Tribunal do Júri,2026-04-30,6,88.65,6
GOIÂNIA,4ª Vara Criminal dos crimes punidos com reclusão e detenção,2025-11-30,6,100.0,1
GOIÂNIA,4ª Vara Criminal dos crimes punidos com reclusão e detenção,2025-12-31,6,100.0,2
GOIÂNIA,4ª Vara Criminal dos crimes punidos com reclusão e detenção,2026-01-31,6,100.0,3
GOIÂNIA,4ª Vara Criminal dos crimes punidos com reclusão e detenção,2026-02-28,6,100.0,4
GOIÂNIA,4ª Vara Criminal dos crimes punidos com reclusão e detenção,2026-03-31,6,100.0,5
GOIÂNIA,4ª Vara Criminal dos crimes punidos com reclusão e detenção,2026-04-30,6,100.0,6
GOIÂNIA,4ª Vara Cível,2025-11-30,6,100.0,1
GOIÂNIA,4ª Vara Cível,2025-12-31,6,100.0,2
GOIÂNIA,4ª Vara Cível,2026-01-31,6,100.0,3
GOIÂNIA,4ª Vara Cível,2026-02-28,6,100.0,4
GOIÂNIA,4ª Vara Cível,2026-03-31,6,100.0,5
GOIÂNIA,4ª Vara Cível,2026-04-30,6,100.0,6
GOIÂNIA,4ª Vara da Faz. Púb. Mun. e de Reg. Púb.,2025-11-30,6,93.21,1
GOIÂNIA,4ª Vara da Faz. Púb. Mun. e de Reg. Púb.,2025-12-31,6,93.17,2
GOIÂNIA,4ª Vara da Faz. Púb. Mun. e de Reg. Púb.,2026-01-31,6,93.14,3
GOIÂNIA,4ª Vara da Faz. Púb. Mun. e de Reg. Púb.,2026-02-28,6,93.11,4
GOIÂNIA,4ª Vara da Faz. Púb. Mun. e de Reg. Púb.,2026-03-31,6,93.08,5
GOIÂNIA,4ª Vara da Faz. Púb. Mun. e de Reg. Púb.,2026-04-30,6,93.05,6
GOIÂNIA,4ª Vara da Fazenda Pública Estadual,2025-11-30,6,98.22,1
GOIÂNIA,4ª Vara da Fazenda Pública Estadual,2025-12-31,6,98.19,2
GOIÂNIA,4ª Vara da Fazenda Pública Estadual,2026-01-31,6,98.15,3
GOIÂNIA,4ª Vara da Fazenda Pública Estadual,2026-02-28,6,98.12,4
GOIÂNIA,4ª Vara da Fazenda Pública Estadual,2026-03-31,6,98.09,5
GOIÂNIA,4ª Vara da Fazenda Pública Estadual,2026-04-30,6,98.06,6
GOIÂNIA,4ª Vara de Família,2025-11-30,6,90.52,1
GOIÂNIA,4ª Vara de Família,2025-12-31,6,90.92,2
GOIÂNIA,4ª Vara de Família,2026-01-31,6,91.31,3
GOIÂNIA,4ª Vara de Família,2026-02-28,6,91.67,4
GOIÂNIA,4ª Vara de Família,2026-03-31,6,92.06,5
GOIÂNIA,4ª Vara de Família,2026-04-30,6,92.44,6
GOIÂNIA,4º Juizado Especial Cível,2025-11-30,6,68.49,1
GOIÂNIA,4º Juizado Especial Cível,2025-12-31,6,70.23,2
GOIÂNIA,4º Juizado Especial Cível,2026-01-31,6,71.96,3
GOIÂNIA,4º Juizado Especial Cível,2026-02-28,6,73.53,4
GOIÂNIA,4º Juizado Especial Cível,2026-03-31,6,75.26,5
GOIÂNIA,4º Juizado Especial Cível,2026-04-30,6,76.94,6
GOIÂNIA,4º Juizado de Violência Doméstica e Familiar contra a Mulher,2025-11-30,6,83.33,1
GOIÂNIA,4º Juizado de Violência Doméstica e Familiar contra a Mulher,2025-12-31,6,84.57,2
GOIÂNIA,4º Juizado de Violência Doméstica e Familiar contra a Mulher,2026-01-31,6,85.82,3
GOIÂNIA,4º Juizado de Violência Doméstica e Familiar contra a Mulher,2026-02-28,6,86.95,4
GOIÂNIA,4º Juizado de Violência Doméstica e Familiar contra a Mulher,2026-03-31,6,88.19,5
GOIÂNIA,4º Juizado de Violência Doméstica e Familiar contra a Mulher,2026-04-30,6,89.4,6
GOIÂNIA,4º Juízo do Núcleo de Justiça 4.0 especializado em matéria de Juizado Especial da Fazenda Pública,2025-11-30,6,85.11,1
GOIÂNIA,4º Juízo do Núcleo de Justiça 4.0 especializado em matéria de Juizado Especial da Fazenda Pública,2025-12-31,6,85.12,2
GOIÂNIA,4º Juízo do Núcleo de Justiça 4.0 especializado em matéria de Juizado Especial da Fazenda Pública,2026-01-31,6,85.12,3
GOIÂNIA,4º Juízo do Núcleo de Justiça 4.0 especializado em matéria de Juizado Especial da Fazenda Pública,2026-02-28,6,85.13,4
GOIÂNIA,4º Juízo do Núcleo de Justiça 4.0 especializado em matéria de Juizado Especial da Fazenda Pública,2026-03-31,6,85.14,5
GOIÂNIA,4º Juízo do Núcleo de Justiça 4.0 especializado em matéria de Juizado Especial da Fazenda Pública,2026-04-30,6,85.15,6
GOIÂNIA,5ª Vara Criminal dos crimes punidos com reclusão e detenção,2025-11-30,6,100.0,1
GOIÂNIA,5ª Vara Criminal dos crimes punidos com reclusão e detenção,2025-12-31,6,100.0,2
GOIÂNIA,5ª Vara Criminal dos crimes punidos com reclusão e detenção,2026-01-31,6,100.0,3
GOIÂNIA,5ª Vara Criminal dos crimes punidos com reclusão e detenção,2026-02-28,6,100.0,4
GOIÂNIA,5ª Vara Criminal dos crimes punidos com reclusão e detenção,2026-03-31,6,100.0,5
GOIÂNIA,5ª Vara Criminal dos crimes punidos com reclusão e detenção,2026-04-30,6,100.0,6
GOIÂNIA,5ª Vara Cível e de Arbitragem,2025-11-30,6,93.22,1
GOIÂNIA,5ª Vara Cível e de Arbitragem,2025-12-31,6,93.21,2
GOIÂNIA,5ª Vara Cível e de Arbitragem,2026-01-31,6,93.2,3
GOIÂNIA,5ª Vara Cível e de Arbitragem,2026-02-28,6,93.19,4
GOIÂNIA,5ª Vara Cível e de Arbitragem,2026-03-31,6,93.18,5
GOIÂNIA,5ª Vara Cível e de Arbitragem,2026-04-30,6,93.16,6
GOIÂNIA,5ª Vara da Fazenda Pública Estadual,2025-11-30,6,94.99,1
GOIÂNIA,5ª Vara da Fazenda Pública Estadual,2025-12-31,6,94.99,2
GOIÂNIA,5ª Vara da Fazenda Pública Estadual,2026-01-31,6,94.99,3
GOIÂNIA,5ª Vara da Fazenda Pública Estadual,2026-02-28,6,94.99,4
GOIÂNIA,5ª Vara da Fazenda Pública Estadual,2026-03-31,6,94.99,5
GOIÂNIA,5ª Vara da Fazenda Pública Estadual,2026-04-30,6,94.99,6
GOIÂNIA,5ª Vara da Fazenda Pública Municipal e de Registros Públicos – Execução Fiscal,2025-11-30,6,92.57,1
GOIÂNIA,5ª Vara da Fazenda Pública Municipal e de Registros Públicos – Execução Fiscal,2025-12-31,6,92.59,2
GOIÂNIA,5ª Vara da Fazenda Pública Municipal e de Registros Públicos – Execução Fiscal,2026-01-31,6,92.61,3
GOIÂNIA,5ª Vara da Fazenda Pública Municipal e de Registros Públicos – Execução Fiscal,2026-02-28,6,92.62,4
GOIÂNIA,5ª Vara da Fazenda Pública Municipal e de Registros Públicos – Execução Fiscal,2026-03-31,6,92.64,5
GOIÂNIA,5ª Vara da Fazenda Pública Municipal e de Registros Públicos – Execução Fiscal,2026-04-30,6,92.65,6
GOIÂNIA,5ª Vara de Família,2025-11-30,6,92.14,1
GOIÂNIA,5ª Vara de Família,2025-12-31,6,92.55,2
GOIÂNIA,5ª Vara de Família,2026-01-31,6,92.95,3
GOIÂNIA,5ª Vara de Família,2026-02-28,6,93.32,4
GOIÂNIA,5ª Vara de Família,2026-03-31,6,93.73,5
GOIÂNIA,5ª Vara de Família,2026-04-30,6,94.12,6
GOIÂNIA,5º Juizado Especial Cível,2025-11-30,6,71.33,1
GOIÂNIA,5º Juizado Especial Cível,2025-12-31,6,72.93,2
GOIÂNIA,5º Juizado Especial Cível,2026-01-31,6,74.54,3
GOIÂNIA,5º Juizado Especial Cível,2026-02-28,6,75.99,4
GOIÂNIA,5º Juizado Especial Cível,2026-03-31,6,77.6,5
GOIÂNIA,5º Juizado Especial Cível,2026-04-30,6,79.15,6
GOIÂNIA,6ª Vara Criminal dos crimes punidos com reclusão e detenção,2025-11-30,6,100.0,1
GOIÂNIA,6ª Vara Criminal dos crimes punidos com reclusão e detenção,2025-12-31,6,100.0,2
GOIÂNIA,6ª Vara Criminal dos crimes punidos com reclusão e detenção,2026-01-31,6,100.0,3
GOIÂNIA,6ª Vara Criminal dos crimes punidos com reclusão e detenção,2026-02-28,6,100.0,4
GOIÂNIA,6ª Vara Criminal dos crimes punidos com reclusão e detenção,2026-03-31,6,100.0,5
GOIÂNIA,6ª Vara Criminal dos crimes punidos com reclusão e detenção,2026-04-30,6,100.0,6
GOIÂNIA,6ª Vara Cível,2025-11-30,6,95.95,1
GOIÂNIA,6ª Vara Cível,2025-12-31,6,96.18,2
GOIÂNIA,6ª Vara Cível,2026-01-31,6,96.41,3
GOIÂNIA,6ª Vara Cível,2026-02-28,6,96.62,4
GOIÂNIA,6ª Vara Cível,2026-03-31,6,96.85,5
GOIÂNIA,6ª Vara Cível,2026-04-30,6,97.07,6
GOIÂNIA,6ª Vara da Fazenda Pública Estadual,2025-11-30,6,94.71,1
GOIÂNIA,6ª Vara da Fazenda Pública Estadual,2025-12-31,6,94.68,2
GOIÂNIA,6ª Vara da Fazenda Pública Estadual,2026-01-31,6,94.65,3
GOIÂNIA,6ª Vara da Fazenda Pública Estadual,2026-02-28,6,94.62,4
GOIÂNIA,6ª Vara da Fazenda Pública Estadual,2026-03-31,6,94.59,5
GOIÂNIA,6ª Vara da Fazenda Pública Estadual,2026-04-30,6,94.56,6
GOIÂNIA,6ª Vara de Família,2025-11-30,6,92.64,1
GOIÂNIA,6ª Vara de Família,2025-12-31,6,94.1,2
GOIÂNIA,6ª Vara de Família,2026-01-31,6,95.57,3
GOIÂNIA,6ª Vara de Família,2026-02-28,6,96.89,4
GOIÂNIA,6ª Vara de Família,2026-03-31,6,98.35,5
GOIÂNIA,6ª Vara de Família,2026-04-30,6,99.77,6
GOIÂNIA,6º Juizado Especial Cível,2025-11-30,6,74.89,1
GOIÂNIA,6º Juizado Especial Cível,2025-12-31,6,76.71,2
GOIÂNIA,6º Juizado Especial Cível,2026-01-31,6,78.53,3
GOIÂNIA,6º Juizado Especial Cível,2026-02-28,6,80.18,4
GOIÂNIA,6º Juizado Especial Cível,2026-03-31,6,82.0,5
GOIÂNIA,6º Juizado Especial Cível,2026-04-30,6,83.76,6
GOIÂNIA,7ª Vara Criminal dos crimes punidos com reclusão e detenção,2025-11-30,6,100.0,1
GOIÂNIA,7ª Vara Criminal dos crimes punidos com reclusão e detenção,2025-12-31,6,100.0,2
GOIÂNIA,7ª Vara Criminal dos crimes punidos com reclusão e detenção,2026-01-31,6,100.0,3
GOIÂNIA,7ª Vara Criminal dos crimes punidos com reclusão e detenção,2026-02-28,6,100.0,4
GOIÂNIA,7ª Vara Criminal dos crimes punidos com reclusão e detenção,2026-03-31,6,100.0,5
GOIÂNIA,7ª Vara Criminal dos crimes punidos com reclusão e detenção,2026-04-30,6,100.0,6
GOIÂNIA,7ª Vara Cível,2025-11-30,6,90.42,1
GOIÂNIA,7ª Vara Cível,2025-12-31,6,90.3,2
GOIÂNIA,7ª Vara Cível,2026-01-31,6,90.18,3
GOIÂNIA,7ª Vara Cível,2026-02-28,6,90.07,4
GOIÂNIA,7ª Vara Cível,2026-03-31,6,89.95,5
GOIÂNIA,7ª Vara Cível,2026-04-30,6,89.83,6
GOIÂNIA,7ª Vara da Fazenda Pública Estadual,2025-11-30,6,93.77,1
GOIÂNIA,7ª Vara da Fazenda Pública Estadual,2025-12-31,6,93.7,2
GOIÂNIA,7ª Vara da Fazenda Pública Estadual,2026-01-31,6,93.63,3
GOIÂNIA,7ª Vara da Fazenda Pública Estadual,2026-02-28,6,93.57,4
GOIÂNIA,7ª Vara da Fazenda Pública Estadual,2026-03-31,6,93.5,5
GOIÂNIA,7ª Vara da Fazenda Pública Estadual,2026-04-30,6,93.44,6
GOIÂNIA,7ª Vara de Família,2025-11-30,6,92.58,1
GOIÂNIA,7ª Vara de Família,2025-12-31,6,93.06,2
GOIÂNIA,7ª Vara de Família,2026-01-31,6,93.54,3
GOIÂNIA,7ª Vara de Família,2026-02-28,6,93.98,4
GOIÂNIA,7ª Vara de Família,2026-03-31,6,94.46,5
GOIÂNIA,7ª Vara de Família,2026-04-30,6,94.92,6
GOIÂNIA,7º Juizado Especial Cível,2025-11-30,6,77.39,1
GOIÂNIA,7º Juizado Especial Cível,2025-12-31,6,78.59,2
GOIÂNIA,7º Juizado Especial Cível,2026-01-31,6,79.79,3
GOIÂNIA,7º Juizado Especial Cível,2026-02-28,6,80.87,4
GOIÂNIA,7º Juizado Especial Cível,2026-03-31,6,82.06,5
GOIÂNIA,7º Juizado Especial Cível,2026-04-30,6,83.22,6
GOIÂNIA,8ª Vara Criminal dos crimes punidos com reclusão e detenção,2025-11-30,6,100.0,1
GOIÂNIA,8ª Vara Criminal dos crimes punidos com reclusão e detenção,2025-12-31,6,100.0,2
GOIÂNIA,8ª Vara Criminal dos crimes punidos com reclusão e detenção,2026-01-31,6,100.0,3
GOIÂNIA,8ª Vara Criminal dos crimes punidos com reclusão e detenção,2026-02-28,6,100.0,4
GOIÂNIA,8ª Vara Criminal dos crimes punidos com reclusão e detenção,2026-03-31,6,100.0,5
GOIÂNIA,8ª Vara Criminal dos crimes punidos com reclusão e detenção,2026-04-30,6,100.0,6
GOIÂNIA,8ª Vara Cível,2025-11-30,6,88.08,1
GOIÂNIA,8ª Vara Cível,2025-12-31,6,88.08,2
GOIÂNIA,8ª Vara Cível,2026-01-31,6,88.09,3
GOIÂNIA,8ª Vara Cível,2026-02-28,6,88.1,4
GOIÂNIA,8ª Vara Cível,2026-03-31,6,88.11,5
GOIÂNIA,8ª Vara Cível,2026-04-30,6,88.12,6
GOIÂNIA,8ª Vara da Fazenda Pública Estadual,2025-11-30,6,94.13,1
GOIÂNIA,8ª Vara da Fazenda Pública Estadual,2025-12-31,6,94.11,2
GOIÂNIA,8ª Vara da Fazenda Pública Estadual,2026-01-31,6,94.09,3
GOIÂNIA,8ª Vara da Fazenda Pública Estadual,2026-02-28,6,94.07,4
GOIÂNIA,8ª Vara da Fazenda Pública Estadual,2026-03-31,6,94.04,5
GOIÂNIA,8ª Vara da Fazenda Pública Estadual,2026-04-30,6,94.02,6
GOIÂNIA,8ª Vara de Família,2025-11-30,6,95.32,1
GOIÂNIA,8ª Vara de Família,2025-12-31,6,96.86,2
GOIÂNIA,8ª Vara de Família,2026-01-31,6,98.41,3
GOIÂNIA,8ª Vara de Família,2026-02-28,6,99.8,4
GOIÂNIA,8ª Vara de Família,2026-03-31,6,100.0,5
GOIÂNIA,8ª Vara de Família,2026-04-30,6,100.0,6
GOIÂNIA,8º Juizado Especial Cível,2025-11-30,6,90.77,1
GOIÂNIA,8º Juizado Especial Cível,2025-12-31,6,92.58,2
GOIÂNIA,8º Juizado Especial Cível,2026-01-31,6,94.39,3
GOIÂNIA,8º Juizado Especial Cível,2026-02-28,6,96.02,4
GOIÂNIA,8º Juizado Especial Cível,2026-03-31,6,97.83,5
GOIÂNIA,8º Juizado Especial Cível,2026-04-30,6,99.58,6
GOIÂNIA,9ª Vara Criminal dos crimes punidos com reclusão e detenção,2025-11-30,6,100.0,1
GOIÂNIA,9ª Vara Criminal dos crimes punidos com reclusão e detenção,2025-12-31,6,100.0,2
GOIÂNIA,9ª Vara Criminal dos crimes punidos com reclusão e detenção,2026-01-31,6,100.0,3
GOIÂNIA,9ª Vara Criminal dos crimes punidos com reclusão e detenção,2026-02-28,6,100.0,4
GOIÂNIA,9ª Vara Criminal dos crimes punidos com reclusão e detenção,2026-03-31,6,100.0,5
GOIÂNIA,9ª Vara Criminal dos crimes punidos com reclusão e detenção,2026-04-30,6,100.0,6
GOIÂNIA,9ª Vara Cível,2025-11-30,6,91.0,1
GOIÂNIA,9ª Vara Cível,2025-12-31,6,91.14,2
GOIÂNIA,9ª Vara Cível,2026-01-31,6,91.28,3
GOIÂNIA,9ª Vara Cível,2026-02-28,6,91.4,4
GOIÂNIA,9ª Vara Cível,2026-03-31,6,91.54,5
GOIÂNIA,9ª Vara Cível,2026-04-30,6,91.68,6
GOIÂNIA,9º Juizado Especial Cível,2025-11-30,6,82.07,1
GOIÂNIA,9º Juizado Especial Cível,2025-12-31,6,83.8,2
GOIÂNIA,9º Juizado Especial Cível,2026-01-31,6,85.53,3
GOIÂNIA,9º Juizado Especial Cível,2026-02-28,6,87.09,4
GOIÂNIA,9º Juizado Especial Cível,2026-03-31,6,88.82,5
GOIÂNIA,9º Juizado Especial Cível,2026-04-30,6,90.49,6
GOIÂNIA,Auditoria Militar,2025-11-30,6,98.79,1
GOIÂNIA,Auditoria Militar,2025-12-31,6,99.91,2
GOIÂNIA,Auditoria Militar,2026-01-31,6,100.0,3
GOIÂNIA,Auditoria Militar,2026-02-28,6,100.0,4
GOIÂNIA,Auditoria Militar,2026-03-31,6,100.0,5
GOIÂNIA,Auditoria Militar,2026-04-30,6,100.0,6
GOIÂNIA,Central Estadual de Conciliação Pré-Processual,2025-11-30,6,0.0,1
GOIÂNIA,Central Estadual de Conciliação Pré-Processual,2025-12-31,6,0.0,2
GOIÂNIA,Central Estadual de Conciliação Pré-Processual,2026-01-31,6,0.0,3
GOIÂNIA,Central Estadual de Conciliação Pré-Processual,2026-02-28,6,0.0,4
GOIÂNIA,Central Estadual de Conciliação Pré-Processual,2026-03-31,6,0.0,5
GOIÂNIA,Central Estadual de Conciliação Pré-Processual,2026-04-30,6,0.0,6
GOIÂNIA,Gabinete da Central de Cumprimento de Sentença Cível - Juiz 1,2025-11-30,6,100.0,1
GOIÂNIA,Gabinete da Central de Cumprimento de Sentença Cível - Juiz 1,2025-12-31,6,100.0,2
GOIÂNIA,Gabinete da Central de Cumprimento de Sentença Cível - Juiz 1,2026-01-31,6,100.0,3
GOIÂNIA,Gabinete da Central de Cumprimento de Sentença Cível - Juiz 1,2026-02-28,6,100.0,4
GOIÂNIA,Gabinete da Central de Cumprimento de Sentença Cível - Juiz 1,2026-03-31,6,100.0,5
GOIÂNIA,Gabinete da Central de Cumprimento de Sentença Cível - Juiz 1,2026-04-30,6,100.0,6
GOIÂNIA,Gabinete da Central de Cumprimento de Sentença Cível - Juiz 2,2025-11-30,6,100.0,1
GOIÂNIA,Gabinete da Central de Cumprimento de Sentença Cível - Juiz 2,2025-12-31,6,100.0,2
GOIÂNIA,Gabinete da Central de Cumprimento de Sentença Cível - Juiz 2,2026-01-31,6,100.0,3
GOIÂNIA,Gabinete da Central de Cumprimento de Sentença Cível - Juiz 2,2026-02-28,6,100.0,4
GOIÂNIA,Gabinete da Central de Cumprimento de Sentença Cível - Juiz 2,2026-03-31,6,100.0,5
GOIÂNIA,Gabinete da Central de Cumprimento de Sentença Cível - Juiz 2,2026-04-30,6,100.0,6
GOIÂNIA,Gabinete da Central de Cumprimento de Sentença Cível - Juiz 3,2025-11-30,6,100.0,1
GOIÂNIA,Gabinete da Central de Cumprimento de Sentença Cível - Juiz 3,2025-12-31,6,100.0,2
GOIÂNIA,Gabinete da Central de Cumprimento de Sentença Cível - Juiz 3,2026-01-31,6,100.0,3
GOIÂNIA,Gabinete da Central de Cumprimento de Sentença Cível - Juiz 3,2026-02-28,6,100.0,4
GOIÂNIA,Gabinete da Central de Cumprimento de Sentença Cível - Juiz 3,2026-03-31,6,100.0,5
GOIÂNIA,Gabinete da Central de Cumprimento de Sentença Cível - Juiz 3,2026-04-30,6,100.0,6
GOIÂNIA,Gabinete da Central de Cumprimento de Sentença Cível - Juiz 4,2025-11-30,6,100.0,1
GOIÂNIA,Gabinete da Central de Cumprimento de Sentença Cível - Juiz 4,2025-12-31,6,100.0,2
GOIÂNIA,Gabinete da Central de Cumprimento de Sentença Cível - Juiz 4,2026-01-31,6,100.0,3
GOIÂNIA,Gabinete da Central de Cumprimento de Sentença Cível - Juiz 4,2026-02-28,6,100.0,4
GOIÂNIA,Gabinete da Central de Cumprimento de Sentença Cível - Juiz 4,2026-03-31,6,100.0,5
GOIÂNIA,Gabinete da Central de Cumprimento de Sentença Cível - Juiz 4,2026-04-30,6,100.0,6
GOIÂNIA,Gabinete da Central de Cumprimento de Sentença Cível - Juiz 5,2025-11-30,6,100.0,1
GOIÂNIA,Gabinete da Central de Cumprimento de Sentença Cível - Juiz 5,2025-12-31,6,100.0,2
GOIÂNIA,Gabinete da Central de Cumprimento de Sentença Cível - Juiz 5,2026-01-31,6,100.0,3
GOIÂNIA,Gabinete da Central de Cumprimento de Sentença Cível - Juiz 5,2026-02-28,6,100.0,4
GOIÂNIA,Gabinete da Central de Cumprimento de Sentença Cível - Juiz 5,2026-03-31,6,100.0,5
GOIÂNIA,Gabinete da Central de Cumprimento de Sentença Cível - Juiz 5,2026-04-30,6,100.0,6
GOIÂNIA,Gabinete da Central de Cumprimento de Sentença Cível - Juiz 6,2025-11-30,6,100.0,1
GOIÂNIA,Gabinete da Central de Cumprimento de Sentença Cível - Juiz 6,2025-12-31,6,100.0,2
GOIÂNIA,Gabinete da Central de Cumprimento de Sentença Cível - Juiz 6,2026-01-31,6,100.0,3
GOIÂNIA,Gabinete da Central de Cumprimento de Sentença Cível - Juiz 6,2026-02-28,6,100.0,4
GOIÂNIA,Gabinete da Central de Cumprimento de Sentença Cível - Juiz 6,2026-03-31,6,100.0,5
GOIÂNIA,Gabinete da Central de Cumprimento de Sentença Cível - Juiz 6,2026-04-30,6,100.0,6
GUAPÓ,"1ª Vara Judicial (Família e Sucessões, Infância e Juventude, Cível e Juizado Especial Cível)",2025-11-30,6,94.01,1
GUAPÓ,"1ª Vara Judicial (Família e Sucessões, Infância e Juventude, Cível e Juizado Especial Cível)",2025-12-31,6,94.13,2
GUAPÓ,"1ª Vara Judicial (Família e Sucessões, Infância e Juventude, Cível e Juizado Especial Cível)",2026-01-31,6,94.24,3
GUAPÓ,"1ª Vara Judicial (Família e Sucessões, Infância e Juventude, Cível e Juizado Especial Cível)",2026-02-28,6,94.35,4
GUAPÓ,"1ª Vara Judicial (Família e Sucessões, Infância e Juventude, Cível e Juizado Especial Cível)",2026-03-31,6,94.47,5
GUAPÓ,"1ª Vara Judicial (Família e Sucessões, Infância e Juventude, Cível e Juizado Especial Cível)",2026-04-30,6,94.58,6
GUAPÓ,"2ª Vara Judicial (Fazendas Públicas, Criminal, Execução Penal e Juizado Criminal)",2025-11-30,6,99.53,1
GUAPÓ,"2ª Vara Judicial (Fazendas Públicas, Criminal, Execução Penal e Juizado Criminal)",2025-12-31,6,100.0,2
GUAPÓ,"2ª Vara Judicial (Fazendas Públicas, Criminal, Execução Penal e Juizado Criminal)",2026-01-31,6,100.0,3
GUAPÓ,"2ª Vara Judicial (Fazendas Públicas, Criminal, Execução Penal e Juizado Criminal)",2026-02-28,6,100.0,4
GUAPÓ,"2ª Vara Judicial (Fazendas Públicas, Criminal, Execução Penal e Juizado Criminal)",2026-03-31,6,100.0,5
GUAPÓ,"2ª Vara Judicial (Fazendas Públicas, Criminal, Execução Penal e Juizado Criminal)",2026-04-30,6,100.0,6
HIDROLÂNDIA,"1ª Vara Judicial (Família e Sucessões, Infância e Juventude, Cível e Juizado Especial Cível)",2025-11-30,6,89.08,1
HIDROLÂNDIA,"1ª Vara Judicial (Família e Sucessões, Infância e Juventude, Cível e Juizado Especial Cível)",2025-12-31,6,89.23,2
HIDROLÂNDIA,"1ª Vara Judicial (Família e Sucessões, Infância e Juventude, Cível e Juizado Especial Cível)",2026-01-31,6,89.38,3
HIDROLÂNDIA,"1ª Vara Judicial (Família e Sucessões, Infância e Juventude, Cível e Juizado Especial Cível)",2026-02-28,6,89.51,4
HIDROLÂNDIA,"1ª Vara Judicial (Família e Sucessões, Infância e Juventude, Cível e Juizado Especial Cível)",2026-03-31,6,89.65,5
HIDROLÂNDIA,"1ª Vara Judicial (Família e Sucessões, Infância e Juventude, Cível e Juizado Especial Cível)",2026-04-30,6,89.79,6
HIDROLÂNDIA,"2ª Vara Judicial (Fazendas Públicas, Criminal, Execução Penal e Juizado Criminal)",2025-11-30,6,89.63,1
HIDROLÂNDIA,"2ª Vara Judicial (Fazendas Públicas, Criminal, Execução Penal e Juizado Criminal)",2025-12-31,6,89.7,2
HIDROLÂNDIA,"2ª Vara Judicial (Fazendas Públicas, Criminal, Execução Penal e Juizado Criminal)",2026-01-31,6,89.77,3
HIDROLÂNDIA,"2ª Vara Judicial (Fazendas Públicas, Criminal, Execução Penal e Juizado Criminal)",2026-02-28,6,89.84,4
HIDROLÂNDIA,"2ª Vara Judicial (Fazendas Públicas, Criminal, Execução Penal e Juizado Criminal)",2026-03-31,6,89.92,5
HIDROLÂNDIA,"2ª Vara Judicial (Fazendas Públicas, Criminal, Execução Penal e Juizado Criminal)",2026-04-30,6,89.99,6
IACIARA,Vara Judicial,2025-11-30,6,97.83,1
IACIARA,Vara Judicial,2025-12-31,6,98.28,2
IACIARA,Vara Judicial,2026-01-31,6,98.72,3
IACIARA,Vara Judicial,2026-02-28,6,99.11,4
IACIARA,Vara Judicial,2026-03-31,6,99.55,5
IACIARA,Vara Judicial,2026-04-30,6,99.98,6
INHUMAS,"Vara Criminal (crime em geral, crimes dolosos contra a vida e Pres. do Trib. do Júri - Execução Penal) e Juizado Especial Criminal",2025-11-30,6,93.68,1
INHUMAS,"Vara Criminal (crime em geral, crimes dolosos contra a vida e Pres. do Trib. do Júri - Execução Penal) e Juizado Especial Criminal",2025-12-31,6,93.96,2
INHUMAS,"Vara Criminal (crime em geral, crimes dolosos contra a vida e Pres. do Trib. do Júri - Execução Penal) e Juizado Especial Criminal",2026-01-31,6,94.24,3
INHUMAS,"Vara Criminal (crime em geral, crimes dolosos contra a vida e Pres. do Trib. do Júri - Execução Penal) e Juizado Especial Criminal",2026-02-28,6,94.5,4
INHUMAS,"Vara Criminal (crime em geral, crimes dolosos contra a vida e Pres. do Trib. do Júri - Execução Penal) e Juizado Especial Criminal",2026-03-31,6,94.78,5
INHUMAS,"Vara Criminal (crime em geral, crimes dolosos contra a vida e Pres. do Trib. do Júri - Execução Penal) e Juizado Especial Criminal",2026-04-30,6,95.05,6
INHUMAS,"Vara Cível, Infância e Juventude e Juizado Especial Cível",2025-11-30,6,92.82,1
INHUMAS,"Vara Cível, Infância e Juventude e Juizado Especial Cível",2025-12-31,6,93.05,2
INHUMAS,"Vara Cível, Infância e Juventude e Juizado Especial Cível",2026-01-31,6,93.28,3
INHUMAS,"Vara Cível, Infância e Juventude e Juizado Especial Cível",2026-02-28,6,93.49,4
INHUMAS,"Vara Cível, Infância e Juventude e Juizado Especial Cível",2026-03-31,6,93.71,5
INHUMAS,"Vara Cível, Infância e Juventude e Juizado Especial Cível",2026-04-30,6,93.94,6
INHUMAS,Vara das Fazendas Públicas e Registros Públicos e Família e Sucessões,2025-11-30,6,90.38,1
INHUMAS,Vara das Fazendas Públicas e Registros Públicos e Família e Sucessões,2025-12-31,6,91.17,2
INHUMAS,Vara das Fazendas Públicas e Registros Públicos e Família e Sucessões,2026-01-31,6,91.96,3
INHUMAS,Vara das Fazendas Públicas e Registros Públicos e Família e Sucessões,2026-02-28,6,92.68,4
INHUMAS,Vara das Fazendas Públicas e Registros Públicos e Família e Sucessões,2026-03-31,6,93.47,5
INHUMAS,Vara das Fazendas Públicas e Registros Públicos e Família e Sucessões,2026-04-30,6,94.23,6
IPAMERI,"1ª Vara (Cível, Criminal - crime em geral e exec. penais - e da Infância e da Juventude)",2025-11-30,6,91.37,1
IPAMERI,"1ª Vara (Cível, Criminal - crime em geral e exec. penais - e da Infância e da Juventude)",2025-12-31,6,93.02,2
IPAMERI,"1ª Vara (Cível, Criminal - crime em geral e exec. penais - e da Infância e da Juventude)",2026-01-31,6,94.67,3
IPAMERI,"1ª Vara (Cível, Criminal - crime em geral e exec. penais - e da Infância e da Juventude)",2026-02-28,6,96.17,4
IPAMERI,"1ª Vara (Cível, Criminal - crime em geral e exec. penais - e da Infância e da Juventude)",2026-03-31,6,97.82,5
IPAMERI,"1ª Vara (Cível, Criminal - crime em geral e exec. penais - e da Infância e da Juventude)",2026-04-30,6,99.42,6
IPAMERI,"2ª Vara (Cível, Criminal crime em geral, crimes dolosos contra a vida e Pres. do Trib. do Juri, das Fazendas Púb., de Reg. Púb. e Amb.)",2025-11-30,6,93.6,1
IPAMERI,"2ª Vara (Cível, Criminal crime em geral, crimes dolosos contra a vida e Pres. do Trib. do Juri, das Fazendas Púb., de Reg. Púb. e Amb.)",2025-12-31,6,94.49,2
IPAMERI,"2ª Vara (Cível, Criminal crime em geral, crimes dolosos contra a vida e Pres. do Trib. do Juri, das Fazendas Púb., de Reg. Púb. e Amb.)",2026-01-31,6,95.37,3
IPAMERI,"2ª Vara (Cível, Criminal crime em geral, crimes dolosos contra a vida e Pres. do Trib. do Juri, das Fazendas Púb., de Reg. Púb. e Amb.)",2026-02-28,6,96.17,4
IPAMERI,"2ª Vara (Cível, Criminal crime em geral, crimes dolosos contra a vida e Pres. do Trib. do Juri, das Fazendas Púb., de Reg. Púb. e Amb.)",2026-03-31,6,97.05,5
IPAMERI,"2ª Vara (Cível, Criminal crime em geral, crimes dolosos contra a vida e Pres. do Trib. do Juri, das Fazendas Púb., de Reg. Púb. e Amb.)",2026-04-30,6,97.91,6
IPAMERI,Juizado Especial Cível e Criminal,2025-11-30,6,69.34,1
IPAMERI,Juizado Especial Cível e Criminal,2025-12-31,6,70.86,2
IPAMERI,Juizado Especial Cível e Criminal,2026-01-31,6,72.38,3
IPAMERI,Juizado Especial Cível e Criminal,2026-02-28,6,73.75,4
IPAMERI,Juizado Especial Cível e Criminal,2026-03-31,6,75.27,5
IPAMERI,Juizado Especial Cível e Criminal,2026-04-30,6,76.74,6
IPORÁ,"1ª Vara (Cív., Criminal - crime em geral e exec. penais - e da Inf. e da Juventude)",2025-11-30,6,100.0,1
IPORÁ,"1ª Vara (Cív., Criminal - crime em geral e exec. penais - e da Inf. e da Juventude)",2025-12-31,6,100.0,2
IPORÁ,"1ª Vara (Cív., Criminal - crime em geral e exec. penais - e da Inf. e da Juventude)",2026-01-31,6,100.0,3
IPORÁ,"1ª Vara (Cív., Criminal - crime em geral e exec. penais - e da Inf. e da Juventude)",2026-02-28,6,100.0,4
IPORÁ,"1ª Vara (Cív., Criminal - crime em geral e exec. penais - e da Inf. e da Juventude)",2026-03-31,6,100.0,5
IPORÁ,"1ª Vara (Cív., Criminal - crime em geral e exec. penais - e da Inf. e da Juventude)",2026-04-30,6,100.0,6
IPORÁ,"2ª Vara (Cível, Criminal - crime em geral, crimes dolosos contra a vida e Pres. do Trib. do Juri, das Faz. Púb., de Reg. Púb. e Ambiental)",2025-11-30,6,99.25,1
IPORÁ,"2ª Vara (Cível, Criminal - crime em geral, crimes dolosos contra a vida e Pres. do Trib. do Juri, das Faz. Púb., de Reg. Púb. e Ambiental)",2025-12-31,6,99.94,2
IPORÁ,"2ª Vara (Cível, Criminal - crime em geral, crimes dolosos contra a vida e Pres. do Trib. do Juri, das Faz. Púb., de Reg. Púb. e Ambiental)",2026-01-31,6,100.0,3
IPORÁ,"2ª Vara (Cível, Criminal - crime em geral, crimes dolosos contra a vida e Pres. do Trib. do Juri, das Faz. Púb., de Reg. Púb. e Ambiental)",2026-02-28,6,100.0,4
IPORÁ,"2ª Vara (Cível, Criminal - crime em geral, crimes dolosos contra a vida e Pres. do Trib. do Juri, das Faz. Púb., de Reg. Púb. e Ambiental)",2026-03-31,6,100.0,5
IPORÁ,"2ª Vara (Cível, Criminal - crime em geral, crimes dolosos contra a vida e Pres. do Trib. do Juri, das Faz. Púb., de Reg. Púb. e Ambiental)",2026-04-30,6,100.0,6
IPORÁ,Juizado Especial Cível e Criminal,2025-11-30,6,82.77,1
IPORÁ,Juizado Especial Cível e Criminal,2025-12-31,6,84.62,2
IPORÁ,Juizado Especial Cível e Criminal,2026-01-31,6,86.48,3
IPORÁ,Juizado Especial Cível e Criminal,2026-02-28,6,88.15,4
IPORÁ,Juizado Especial Cível e Criminal,2026-03-31,6,90.01,5
IPORÁ,Juizado Especial Cível e Criminal,2026-04-30,6,91.8,6
ITABERAÍ,"1ª Vara Cível, Infância e da Juventude e Juizado Especial Cível",2025-11-30,6,98.18,1
ITABERAÍ,"1ª Vara Cível, Infância e da Juventude e Juizado Especial Cível",2025-12-31,6,98.86,2
ITABERAÍ,"1ª Vara Cível, Infância e da Juventude e Juizado Especial Cível",2026-01-31,6,99.53,3
ITABERAÍ,"1ª Vara Cível, Infância e da Juventude e Juizado Especial Cível",2026-02-28,6,100.0,4
ITABERAÍ,"1ª Vara Cível, Infância e da Juventude e Juizado Especial Cível",2026-03-31,6,100.0,5
ITABERAÍ,"1ª Vara Cível, Infância e da Juventude e Juizado Especial Cível",2026-04-30,6,100.0,6
ITABERAÍ,"2ª Vara Cível, Família e Sucessões, das Fazendas Públicas e Registros Públicos",2025-11-30,6,89.91,1
ITABERAÍ,"2ª Vara Cível, Família e Sucessões, das Fazendas Públicas e Registros Públicos",2025-12-31,6,89.91,2
ITABERAÍ,"2ª Vara Cível, Família e Sucessões, das Fazendas Públicas e Registros Públicos",2026-01-31,6,89.92,3
ITABERAÍ,"2ª Vara Cível, Família e Sucessões, das Fazendas Públicas e Registros Públicos",2026-02-28,6,89.93,4
ITABERAÍ,"2ª Vara Cível, Família e Sucessões, das Fazendas Públicas e Registros Públicos",2026-03-31,6,89.94,5
ITABERAÍ,"2ª Vara Cível, Família e Sucessões, das Fazendas Públicas e Registros Públicos",2026-04-30,6,89.95,6
ITABERAÍ,"Vara Criminal (crimes em geral, crimes dolosos contra a vida e Pres. do Trib. do Júri execução penal) e Juizado Especial Criminal.",2025-11-30,6,100.0,1
ITABERAÍ,"Vara Criminal (crimes em geral, crimes dolosos contra a vida e Pres. do Trib. do Júri execução penal) e Juizado Especial Criminal.",2025-12-31,6,100.0,2
ITABERAÍ,"Vara Criminal (crimes em geral, crimes dolosos contra a vida e Pres. do Trib. do Júri execução penal) e Juizado Especial Criminal.",2026-01-31,6,100.0,3
ITABERAÍ,"Vara Criminal (crimes em geral, crimes dolosos contra a vida e Pres. do Trib. do Júri execução penal) e Juizado Especial Criminal.",2026-02-28,6,100.0,4
ITABERAÍ,"Vara Criminal (crimes em geral, crimes dolosos contra a vida e Pres. do Trib. do Júri execução penal) e Juizado Especial Criminal.",2026-03-31,6,100.0,5
ITABERAÍ,"Vara Criminal (crimes em geral, crimes dolosos contra a vida e Pres. do Trib. do Júri execução penal) e Juizado Especial Criminal.",2026-04-30,6,100.0,6
ITAJÁ,Vara Judicial,2025-11-30,6,95.82,1
ITAJÁ,Vara Judicial,2025-12-31,6,96.19,2
ITAJÁ,Vara Judicial,2026-01-31,6,96.57,3
ITAJÁ,Vara Judicial,2026-02-28,6,96.91,4
ITAJÁ,Vara Judicial,2026-03-31,6,97.28,5
ITAJÁ,Vara Judicial,2026-04-30,6,97.65,6
ITAPACI,Vara Judicial,2025-11-30,6,90.02,1
ITAPACI,Vara Judicial,2025-12-31,6,90.18,2
ITAPACI,Vara Judicial,2026-01-31,6,90.33,3
ITAPACI,Vara Judicial,2026-02-28,6,90.47,4
ITAPACI,Vara Judicial,2026-03-31,6,90.62,5
ITAPACI,Vara Judicial,2026-04-30,6,90.77,6
ITAPIRAPUÃ,Vara Judicial,2025-11-30,6,92.05,1
ITAPIRAPUÃ,Vara Judicial,2025-12-31,6,92.1,2
ITAPIRAPUÃ,Vara Judicial,2026-01-31,6,92.15,3
ITAPIRAPUÃ,Vara Judicial,2026-02-28,6,92.2,4
ITAPIRAPUÃ,Vara Judicial,2026-03-31,6,92.25,5
ITAPIRAPUÃ,Vara Judicial,2026-04-30,6,92.3,6
ITAPURANGA,"1ª Vara Judicial (Família e Sucessões, Infância e Juventude, Cível e Juizado Especial Cível)",2025-11-30,6,94.12,1
ITAPURANGA,"1ª Vara Judicial (Família e Sucessões, Infância e Juventude, Cível e Juizado Especial Cível)",2025-12-31,6,94.92,2
ITAPURANGA,"1ª Vara Judicial (Família e Sucessões, Infância e Juventude, Cível e Juizado Especial Cível)",2026-01-31,6,95.72,3
ITAPURANGA,"1ª Vara Judicial (Família e Sucessões, Infância e Juventude, Cível e Juizado Especial Cível)",2026-02-28,6,96.45,4
ITAPURANGA,"1ª Vara Judicial (Família e Sucessões, Infância e Juventude, Cível e Juizado Especial Cível)",2026-03-31,6,97.25,5
ITAPURANGA,"1ª Vara Judicial (Família e Sucessões, Infância e Juventude, Cível e Juizado Especial Cível)",2026-04-30,6,98.03,6
ITAPURANGA,"2ª Vara Judicial (Fazendas Públicas, Criminal, Execução Penal e Juizado Criminal)",2025-11-30,6,91.14,1
ITAPURANGA,"2ª Vara Judicial (Fazendas Públicas, Criminal, Execução Penal e Juizado Criminal)",2025-12-31,6,91.26,2
ITAPURANGA,"2ª Vara Judicial (Fazendas Públicas, Criminal, Execução Penal e Juizado Criminal)",2026-01-31,6,91.38,3
ITAPURANGA,"2ª Vara Judicial (Fazendas Públicas, Criminal, Execução Penal e Juizado Criminal)",2026-02-28,6,91.49,4
ITAPURANGA,"2ª Vara Judicial (Fazendas Públicas, Criminal, Execução Penal e Juizado Criminal)",2026-03-31,6,91.61,5
ITAPURANGA,"2ª Vara Judicial (Fazendas Públicas, Criminal, Execução Penal e Juizado Criminal)",2026-04-30,6,91.72,6
ITAUÇU,Vara Judicial,2025-11-30,6,92.26,1
ITAUÇU,Vara Judicial,2025-12-31,6,92.24,2
ITAUÇU,Vara Judicial,2026-01-31,6,92.22,3
ITAUÇU,Vara Judicial,2026-02-28,6,92.2,4
ITAUÇU,Vara Judicial,2026-03-31,6,92.17,5
ITAUÇU,Vara Judicial,2026-04-30,6,92.15,6
ITUMBIARA,1ª Vara (Cív. e da Inf.e da Juv.),2025-11-30,6,92.23,1
ITUMBIARA,1ª Vara (Cív. e da Inf.e da Juv.),2025-12-31,6,92.45,2
ITUMBIARA,1ª Vara (Cív. e da Inf.e da Juv.),2026-01-31,6,92.67,3
ITUMBIARA,1ª Vara (Cív. e da Inf.e da Juv.),2026-02-28,6,92.86,4
ITUMBIARA,1ª Vara (Cív. e da Inf.e da Juv.),2026-03-31,6,93.08,5
ITUMBIARA,1ª Vara (Cív. e da Inf.e da Juv.),2026-04-30,6,93.29,6
ITUMBIARA,1ª Vara Criminal (crimes em geral e execuções penais),2025-11-30,6,100.0,1
ITUMBIARA,1ª Vara Criminal (crimes em geral e execuções penais),2025-12-31,6,100.0,2
ITUMBIARA,1ª Vara Criminal (crimes em geral e execuções penais),2026-01-31,6,100.0,3
ITUMBIARA,1ª Vara Criminal (crimes em geral e execuções penais),2026-02-28,6,100.0,4
ITUMBIARA,1ª Vara Criminal (crimes em geral e execuções penais),2026-03-31,6,100.0,5
ITUMBIARA,1ª Vara Criminal (crimes em geral e execuções penais),2026-04-30,6,100.0,6
ITUMBIARA,1º Juizado Especial Cível e Criminal,2025-11-30,6,51.43,1
ITUMBIARA,1º Juizado Especial Cível e Criminal,2025-12-31,6,52.77,2
ITUMBIARA,1º Juizado Especial Cível e Criminal,2026-01-31,6,54.11,3
ITUMBIARA,1º Juizado Especial Cível e Criminal,2026-02-28,6,55.32,4
ITUMBIARA,1º Juizado Especial Cível e Criminal,2026-03-31,6,56.66,5
ITUMBIARA,1º Juizado Especial Cível e Criminal,2026-04-30,6,57.95,6
ITUMBIARA,2ª Vara (Cível e Ambiental),2025-11-30,6,95.22,1
ITUMBIARA,2ª Vara (Cível e Ambiental),2025-12-31,6,95.36,2
ITUMBIARA,2ª Vara (Cível e Ambiental),2026-01-31,6,95.49,3
ITUMBIARA,2ª Vara (Cível e Ambiental),2026-02-28,6,95.62,4
ITUMBIARA,2ª Vara (Cível e Ambiental),2026-03-31,6,95.76,5
ITUMBIARA,2ª Vara (Cível e Ambiental),2026-04-30,6,95.89,6
ITUMBIARA,"2ª Vara Criminal (crimes dolosos contra a vida, Pres. Trib. Juri e crimes em geral)",2025-11-30,6,100.0,1
ITUMBIARA,"2ª Vara Criminal (crimes dolosos contra a vida, Pres. Trib. Juri e crimes em geral)",2025-12-31,6,100.0,2
ITUMBIARA,"2ª Vara Criminal (crimes dolosos contra a vida, Pres. Trib. Juri e crimes em geral)",2026-01-31,6,100.0,3
ITUMBIARA,"2ª Vara Criminal (crimes dolosos contra a vida, Pres. Trib. Juri e crimes em geral)",2026-02-28,6,100.0,4
ITUMBIARA,"2ª Vara Criminal (crimes dolosos contra a vida, Pres. Trib. Juri e crimes em geral)",2026-03-31,6,100.0,5
ITUMBIARA,"2ª Vara Criminal (crimes dolosos contra a vida, Pres. Trib. Juri e crimes em geral)",2026-04-30,6,100.0,6
ITUMBIARA,2º Juizado Especial Cível e Criminal,2025-11-30,6,66.46,1
ITUMBIARA,2º Juizado Especial Cível e Criminal,2025-12-31,6,68.12,2
ITUMBIARA,2º Juizado Especial Cível e Criminal,2026-01-31,6,69.79,3
ITUMBIARA,2º Juizado Especial Cível e Criminal,2026-02-28,6,71.29,4
ITUMBIARA,2º Juizado Especial Cível e Criminal,2026-03-31,6,72.95,5
ITUMBIARA,2º Juizado Especial Cível e Criminal,2026-04-30,6,74.56,6
ITUMBIARA,Vara de Família e Sucessões,2025-11-30,6,90.34,1
ITUMBIARA,Vara de Família e Sucessões,2025-12-31,6,91.64,2
ITUMBIARA,Vara de Família e Sucessões,2026-01-31,6,92.94,3
ITUMBIARA,Vara de Família e Sucessões,2026-02-28,6,94.12,4
ITUMBIARA,Vara de Família e Sucessões,2026-03-31,6,95.42,5
ITUMBIARA,Vara de Família e Sucessões,2026-04-30,6,96.68,6
ITUMBIARA,Vara de Fazendas Públicas e de Registros Públicos,2025-11-30,6,78.26,1
ITUMBIARA,Vara de Fazendas Públicas e de Registros Públicos,2025-12-31,6,78.31,2
ITUMBIARA,Vara de Fazendas Públicas e de Registros Públicos,2026-01-31,6,78.37,3
ITUMBIARA,Vara de Fazendas Públicas e de Registros Públicos,2026-02-28,6,78.41,4
ITUMBIARA,Vara de Fazendas Públicas e de Registros Públicos,2026-03-31,6,78.47,5
ITUMBIARA,Vara de Fazendas Públicas e de Registros Públicos,2026-04-30,6,78.52,6
JANDAIA,Vara Judicial,2025-11-30,6,86.44,1
JANDAIA,Vara Judicial,2025-12-31,6,86.46,2
JANDAIA,Vara Judicial,2026-01-31,6,86.49,3
JANDAIA,Vara Judicial,2026-02-28,6,86.51,4
JANDAIA,Vara Judicial,2026-03-31,6,86.54,5
JANDAIA,Vara Judicial,2026-04-30,6,86.56,6
JARAGUÁ,"Vara Criminal (crime em geral, crimes dolosos contra a vida e Pres. do Trib. do Júri - Execução Penal) e Juizado Especial Criminal",2025-11-30,6,94.38,1
JARAGUÁ,"Vara Criminal (crime em geral, crimes dolosos contra a vida e Pres. do Trib. do Júri - Execução Penal) e Juizado Especial Criminal",2025-12-31,6,94.87,2
JARAGUÁ,"Vara Criminal (crime em geral, crimes dolosos contra a vida e Pres. do Trib. do Júri - Execução Penal) e Juizado Especial Criminal",2026-01-31,6,95.36,3
JARAGUÁ,"Vara Criminal (crime em geral, crimes dolosos contra a vida e Pres. do Trib. do Júri - Execução Penal) e Juizado Especial Criminal",2026-02-28,6,95.8,4
JARAGUÁ,"Vara Criminal (crime em geral, crimes dolosos contra a vida e Pres. do Trib. do Júri - Execução Penal) e Juizado Especial Criminal",2026-03-31,6,96.29,5
JARAGUÁ,"Vara Criminal (crime em geral, crimes dolosos contra a vida e Pres. do Trib. do Júri - Execução Penal) e Juizado Especial Criminal",2026-04-30,6,96.76,6
JARAGUÁ,"Vara Cível, Infância e Juventude e Juizado Especial Cível",2025-11-30,6,89.84,1
JARAGUÁ,"Vara Cível, Infância e Juventude e Juizado Especial Cível",2025-12-31,6,90.12,2
JARAGUÁ,"Vara Cível, Infância e Juventude e Juizado Especial Cível",2026-01-31,6,90.41,3
JARAGUÁ,"Vara Cível, Infância e Juventude e Juizado Especial Cível",2026-02-28,6,90.67,4
JARAGUÁ,"Vara Cível, Infância e Juventude e Juizado Especial Cível",2026-03-31,6,90.96,5
JARAGUÁ,"Vara Cível, Infância e Juventude e Juizado Especial Cível",2026-04-30,6,91.24,6
JARAGUÁ,Vara das Fazendas Públicas e Registro Público e de Família e Sucessões,2025-11-30,6,80.52,1
JARAGUÁ,Vara das Fazendas Públicas e Registro Público e de Família e Sucessões,2025-12-31,6,81.16,2
JARAGUÁ,Vara das Fazendas Públicas e Registro Público e de Família e Sucessões,2026-01-31,6,81.8,3
JARAGUÁ,Vara das Fazendas Públicas e Registro Público e de Família e Sucessões,2026-02-28,6,82.38,4
JARAGUÁ,Vara das Fazendas Públicas e Registro Público e de Família e Sucessões,2026-03-31,6,83.01,5
JARAGUÁ,Vara das Fazendas Públicas e Registro Público e de Família e Sucessões,2026-04-30,6,83.63,6
JATAÍ,1ª Vara Criminal (crimes em geral e execuções penais),2025-11-30,6,100.0,1
JATAÍ,1ª Vara Criminal (crimes em geral e execuções penais),2025-12-31,6,100.0,2
JATAÍ,1ª Vara Criminal (crimes em geral e execuções penais),2026-01-31,6,100.0,3
JATAÍ,1ª Vara Criminal (crimes em geral e execuções penais),2026-02-28,6,100.0,4
JATAÍ,1ª Vara Criminal (crimes em geral e execuções penais),2026-03-31,6,100.0,5
JATAÍ,1ª Vara Criminal (crimes em geral e execuções penais),2026-04-30,6,100.0,6
JATAÍ,1ª Vara Cível,2025-11-30,6,94.87,1
JATAÍ,1ª Vara Cível,2025-12-31,6,94.9,2
JATAÍ,1ª Vara Cível,2026-01-31,6,94.93,3
JATAÍ,1ª Vara Cível,2026-02-28,6,94.95,4
JATAÍ,1ª Vara Cível,2026-03-31,6,94.97,5
JATAÍ,1ª Vara Cível,2026-04-30,6,95.0,6
JATAÍ,2ª Vara Criminal (crimes dolosos contra a vida e Presidência do Tribunal do Júri),2025-11-30,6,100.0,1
JATAÍ,2ª Vara Criminal (crimes dolosos contra a vida e Presidência do Tribunal do Júri),2025-12-31,6,100.0,2
JATAÍ,2ª Vara Criminal (crimes dolosos contra a vida e Presidência do Tribunal do Júri),2026-01-31,6,100.0,3
JATAÍ,2ª Vara Criminal (crimes dolosos contra a vida e Presidência do Tribunal do Júri),2026-02-28,6,100.0,4
JATAÍ,2ª Vara Criminal (crimes dolosos contra a vida e Presidência do Tribunal do Júri),2026-03-31,6,100.0,5
JATAÍ,2ª Vara Criminal (crimes dolosos contra a vida e Presidência do Tribunal do Júri),2026-04-30,6,100.0,6
JATAÍ,2ª Vara Cível,2025-11-30,6,95.49,1
JATAÍ,2ª Vara Cível,2025-12-31,6,95.62,2
JATAÍ,2ª Vara Cível,2026-01-31,6,95.76,3
JATAÍ,2ª Vara Cível,2026-02-28,6,95.88,4
JATAÍ,2ª Vara Cível,2026-03-31,6,96.02,5
JATAÍ,2ª Vara Cível,2026-04-30,6,96.15,6
JATAÍ,Juizado Especial Cível e Criminal,2025-11-30,6,92.78,1
JATAÍ,Juizado Especial Cível e Criminal,2025-12-31,6,94.33,2
JATAÍ,Juizado Especial Cível e Criminal,2026-01-31,6,95.87,3
JATAÍ,Juizado Especial Cível e Criminal,2026-02-28,6,97.26,4
JATAÍ,Juizado Especial Cível e Criminal,2026-03-31,6,98.81,5
JATAÍ,Juizado Especial Cível e Criminal,2026-04-30,6,100.0,6
JATAÍ,Juizado de Violência Doméstica e Familiar Contra a Mulher,2025-11-30,6,94.55,1
JATAÍ,Juizado de Violência Doméstica e Familiar Contra a Mulher,2025-12-31,6,95.29,2
JATAÍ,Juizado de Violência Doméstica e Familiar Contra a Mulher,2026-01-31,6,96.02,3
JATAÍ,Juizado de Violência Doméstica e Familiar Contra a Mulher,2026-02-28,6,96.68,4
JATAÍ,Juizado de Violência Doméstica e Familiar Contra a Mulher,2026-03-31,6,97.42,5
JATAÍ,Juizado de Violência Doméstica e Familiar Contra a Mulher,2026-04-30,6,98.13,6
JATAÍ,Vara de Família e Sucessões,2025-11-30,6,82.35,1
JATAÍ,Vara de Família e Sucessões,2025-12-31,6,83.27,2
JATAÍ,Vara de Família e Sucessões,2026-01-31,6,84.19,3
JATAÍ,Vara de Família e Sucessões,2026-02-28,6,85.01,4
JATAÍ,Vara de Família e Sucessões,2026-03-31,6,85.93,5
JATAÍ,Vara de Família e Sucessões,2026-04-30,6,86.82,6
JATAÍ,"Vara de Fazendas Públicas, Registros Públicos e Infância e Juventude",2025-11-30,6,91.19,1
JATAÍ,"Vara de Fazendas Públicas, Registros Públicos e Infância e Juventude",2025-12-31,6,91.26,2
JATAÍ,"Vara de Fazendas Públicas, Registros Públicos e Infância e Juventude",2026-01-31,6,91.34,3
JATAÍ,"Vara de Fazendas Públicas, Registros Públicos e Infância e Juventude",2026-02-28,6,91.41,4
JATAÍ,"Vara de Fazendas Públicas, Registros Públicos e Infância e Juventude",2026-03-31,6,91.48,5
JATAÍ,"Vara de Fazendas Públicas, Registros Públicos e Infância e Juventude",2026-04-30,6,91.56,6
JOVIÂNIA,Vara Judicial,2025-11-30,6,100.0,1
JOVIÂNIA,Vara Judicial,2025-12-31,6,100.0,2
JOVIÂNIA,Vara Judicial,2026-01-31,6,100.0,3
JOVIÂNIA,Vara Judicial,2026-02-28,6,100.0,4
JOVIÂNIA,Vara Judicial,2026-03-31,6,100.0,5
JOVIÂNIA,Vara Judicial,2026-04-30,6,100.0,6
JUSSARA,"1ª Vara Judicial (Família e Sucessões, Infância e Juventude, Cível e Juizado Especial Cível)",2025-11-30,6,93.2,1
JUSSARA,"1ª Vara Judicial (Família e Sucessões, Infância e Juventude, Cível e Juizado Especial Cível)",2025-12-31,6,93.65,2
JUSSARA,"1ª Vara Judicial (Família e Sucessões, Infância e Juventude, Cível e Juizado Especial Cível)",2026-01-31,6,94.1,3
JUSSARA,"1ª Vara Judicial (Família e Sucessões, Infância e Juventude, Cível e Juizado Especial Cível)",2026-02-28,6,94.51,4
JUSSARA,"1ª Vara Judicial (Família e Sucessões, Infância e Juventude, Cível e Juizado Especial Cível)",2026-03-31,6,94.96,5
JUSSARA,"1ª Vara Judicial (Família e Sucessões, Infância e Juventude, Cível e Juizado Especial Cível)",2026-04-30,6,95.4,6
JUSSARA,"2ª Vara Judicial (Fazendas Públicas, Criminal, Execução Penal e Juizado Criminal)",2025-11-30,6,91.19,1
JUSSARA,"2ª Vara Judicial (Fazendas Públicas, Criminal, Execução Penal e Juizado Criminal)",2025-12-31,6,91.39,2
JUSSARA,"2ª Vara Judicial (Fazendas Públicas, Criminal, Execução Penal e Juizado Criminal)",2026-01-31,6,91.59,3
JUSSARA,"2ª Vara Judicial (Fazendas Públicas, Criminal, Execução Penal e Juizado Criminal)",2026-02-28,6,91.77,4
JUSSARA,"2ª Vara Judicial (Fazendas Públicas, Criminal, Execução Penal e Juizado Criminal)",2026-03-31,6,91.97,5
JUSSARA,"2ª Vara Judicial (Fazendas Públicas, Criminal, Execução Penal e Juizado Criminal)",2026-04-30,6,92.16,6
LEOPOLDO DE BULHÕES,Vara Judicial,2025-11-30,6,89.48,1
LEOPOLDO DE BULHÕES,Vara Judicial,2025-12-31,6,89.52,2
LEOPOLDO DE BULHÕES,Vara Judicial,2026-01-31,6,89.56,3
LEOPOLDO DE BULHÕES,Vara Judicial,2026-02-28,6,89.59,4
LEOPOLDO DE BULHÕES,Vara Judicial,2026-03-31,6,89.63,5
LEOPOLDO DE BULHÕES,Vara Judicial,2026-04-30,6,89.67,6
LUZIÂNIA,1ª Vara (Cível e da Faz. Púb. Estadual),2025-11-30,6,94.95,1
LUZIÂNIA,1ª Vara (Cível e da Faz. Púb. Estadual),2025-12-31,6,95.0,2
LUZIÂNIA,1ª Vara (Cível e da Faz. Púb. Estadual),2026-01-31,6,95.05,3
LUZIÂNIA,1ª Vara (Cível e da Faz. Púb. Estadual),2026-02-28,6,95.09,4
LUZIÂNIA,1ª Vara (Cível e da Faz. Púb. Estadual),2026-03-31,6,95.14,5
LUZIÂNIA,1ª Vara (Cível e da Faz. Púb. Estadual),2026-04-30,6,95.18,6
LUZIÂNIA,"1ª Vara Criminal (crimes dolosos contra a vida, Pres. Trib do Juri e Execuções Penais)",2025-11-30,6,92.98,1
LUZIÂNIA,"1ª Vara Criminal (crimes dolosos contra a vida, Pres. Trib do Juri e Execuções Penais)",2025-12-31,6,94.34,2
LUZIÂNIA,"1ª Vara Criminal (crimes dolosos contra a vida, Pres. Trib do Juri e Execuções Penais)",2026-01-31,6,95.69,3
LUZIÂNIA,"1ª Vara Criminal (crimes dolosos contra a vida, Pres. Trib do Juri e Execuções Penais)",2026-02-28,6,96.92,4
LUZIÂNIA,"1ª Vara Criminal (crimes dolosos contra a vida, Pres. Trib do Juri e Execuções Penais)",2026-03-31,6,98.27,5
LUZIÂNIA,"1ª Vara Criminal (crimes dolosos contra a vida, Pres. Trib do Juri e Execuções Penais)",2026-04-30,6,99.58,6
LUZIÂNIA,1ª Vara de Família e Sucessões,2025-11-30,6,91.93,1
LUZIÂNIA,1ª Vara de Família e Sucessões,2025-12-31,6,93.02,2
LUZIÂNIA,1ª Vara de Família e Sucessões,2026-01-31,6,94.11,3
LUZIÂNIA,1ª Vara de Família e Sucessões,2026-02-28,6,95.1,4
LUZIÂNIA,1ª Vara de Família e Sucessões,2026-03-31,6,96.19,5
LUZIÂNIA,1ª Vara de Família e Sucessões,2026-04-30,6,97.24,6
LUZIÂNIA,1° Juizado Especial Cível e Criminal,2025-11-30,6,85.77,1
LUZIÂNIA,1° Juizado Especial Cível e Criminal,2025-12-31,6,87.15,2
LUZIÂNIA,1° Juizado Especial Cível e Criminal,2026-01-31,6,88.54,3
LUZIÂNIA,1° Juizado Especial Cível e Criminal,2026-02-28,6,89.79,4
LUZIÂNIA,1° Juizado Especial Cível e Criminal,2026-03-31,6,91.17,5
LUZIÂNIA,1° Juizado Especial Cível e Criminal,2026-04-30,6,92.51,6
LUZIÂNIA,1° Juizado de Violência Doméstica e Familiar contra a Mulher,2025-11-30,6,100.0,1
LUZIÂNIA,1° Juizado de Violência Doméstica e Familiar contra a Mulher,2025-12-31,6,100.0,2
LUZIÂNIA,1° Juizado de Violência Doméstica e Familiar contra a Mulher,2026-01-31,6,100.0,3
LUZIÂNIA,1° Juizado de Violência Doméstica e Familiar contra a Mulher,2026-02-28,6,100.0,4
LUZIÂNIA,1° Juizado de Violência Doméstica e Familiar contra a Mulher,2026-03-31,6,100.0,5
LUZIÂNIA,1° Juizado de Violência Doméstica e Familiar contra a Mulher,2026-04-30,6,100.0,6
LUZIÂNIA,"2ª Vara (Cível, da Faz. Púb. Mun., de Reg. Púb. e Amb.)",2025-11-30,6,95.12,1
LUZIÂNIA,"2ª Vara (Cível, da Faz. Púb. Mun., de Reg. Púb. e Amb.)",2025-12-31,6,95.09,2
LUZIÂNIA,"2ª Vara (Cível, da Faz. Púb. Mun., de Reg. Púb. e Amb.)",2026-01-31,6,95.05,3
LUZIÂNIA,"2ª Vara (Cível, da Faz. Púb. Mun., de Reg. Púb. e Amb.)",2026-02-28,6,95.02,4
LUZIÂNIA,"2ª Vara (Cível, da Faz. Púb. Mun., de Reg. Púb. e Amb.)",2026-03-31,6,94.98,5
LUZIÂNIA,"2ª Vara (Cível, da Faz. Púb. Mun., de Reg. Púb. e Amb.)",2026-04-30,6,94.95,6
LUZIÂNIA,2ª Vara Criminal (crimes em geral),2025-11-30,6,96.74,1
LUZIÂNIA,2ª Vara Criminal (crimes em geral),2025-12-31,6,97.04,2
LUZIÂNIA,2ª Vara Criminal (crimes em geral),2026-01-31,6,97.33,3
LUZIÂNIA,2ª Vara Criminal (crimes em geral),2026-02-28,6,97.6,4
LUZIÂNIA,2ª Vara Criminal (crimes em geral),2026-03-31,6,97.89,5
LUZIÂNIA,2ª Vara Criminal (crimes em geral),2026-04-30,6,98.18,6
LUZIÂNIA,2ª Vara de Família e Sucessões,2025-11-30,6,98.01,1
LUZIÂNIA,2ª Vara de Família e Sucessões,2025-12-31,6,98.73,2
LUZIÂNIA,2ª Vara de Família e Sucessões,2026-01-31,6,99.45,3
LUZIÂNIA,2ª Vara de Família e Sucessões,2026-02-28,6,100.0,4
LUZIÂNIA,2ª Vara de Família e Sucessões,2026-03-31,6,100.0,5
LUZIÂNIA,2ª Vara de Família e Sucessões,2026-04-30,6,100.0,6
LUZIÂNIA,2° Juizado de Violência Doméstica e Familiar contra a Mulher,2025-11-30,6,100.0,1
LUZIÂNIA,2° Juizado de Violência Doméstica e Familiar contra a Mulher,2025-12-31,6,100.0,2
LUZIÂNIA,2° Juizado de Violência Doméstica e Familiar contra a Mulher,2026-01-31,6,100.0,3
LUZIÂNIA,2° Juizado de Violência Doméstica e Familiar contra a Mulher,2026-02-28,6,100.0,4
LUZIÂNIA,2° Juizado de Violência Doméstica e Familiar contra a Mulher,2026-03-31,6,100.0,5
LUZIÂNIA,2° Juizado de Violência Doméstica e Familiar contra a Mulher,2026-04-30,6,100.0,6
LUZIÂNIA,Juizado da Infância e da Juventude,2025-11-30,6,76.76,1
LUZIÂNIA,Juizado da Infância e da Juventude,2025-12-31,6,76.53,2
LUZIÂNIA,Juizado da Infância e da Juventude,2026-01-31,6,76.3,3
LUZIÂNIA,Juizado da Infância e da Juventude,2026-02-28,6,76.09,4
LUZIÂNIA,Juizado da Infância e da Juventude,2026-03-31,6,75.86,5
LUZIÂNIA,Juizado da Infância e da Juventude,2026-04-30,6,75.63,6
MARA ROSA,Vara Judicial,2025-11-30,6,93.57,1
MARA ROSA,Vara Judicial,2025-12-31,6,93.86,2
MARA ROSA,Vara Judicial,2026-01-31,6,94.16,3
MARA ROSA,Vara Judicial,2026-02-28,6,94.43,4
MARA ROSA,Vara Judicial,2026-03-31,6,94.72,5
MARA ROSA,Vara Judicial,2026-04-30,6,95.01,6
MAURILÂNDIA,Vara Judicial,2025-11-30,6,93.43,1
MAURILÂNDIA,Vara Judicial,2025-12-31,6,93.84,2
MAURILÂNDIA,Vara Judicial,2026-01-31,6,94.24,3
MAURILÂNDIA,Vara Judicial,2026-02-28,6,94.61,4
MAURILÂNDIA,Vara Judicial,2026-03-31,6,95.02,5
MAURILÂNDIA,Vara Judicial,2026-04-30,6,95.41,6
MINAÇU,"Vara Criminal (crime em geral, crimes dolosos contra a vida e Pres. do Trib. do Júri, Execução Penal e Juizado Especial Criminal)",2025-11-30,6,97.27,1
MINAÇU,"Vara Criminal (crime em geral, crimes dolosos contra a vida e Pres. do Trib. do Júri, Execução Penal e Juizado Especial Criminal)",2025-12-31,6,98.58,2
MINAÇU,"Vara Criminal (crime em geral, crimes dolosos contra a vida e Pres. do Trib. do Júri, Execução Penal e Juizado Especial Criminal)",2026-01-31,6,99.89,3
MINAÇU,"Vara Criminal (crime em geral, crimes dolosos contra a vida e Pres. do Trib. do Júri, Execução Penal e Juizado Especial Criminal)",2026-02-28,6,100.0,4
MINAÇU,"Vara Criminal (crime em geral, crimes dolosos contra a vida e Pres. do Trib. do Júri, Execução Penal e Juizado Especial Criminal)",2026-03-31,6,100.0,5
MINAÇU,"Vara Criminal (crime em geral, crimes dolosos contra a vida e Pres. do Trib. do Júri, Execução Penal e Juizado Especial Criminal)",2026-04-30,6,100.0,6
MINAÇU,"Vara Cível, Infância e Juventude e Juizado Especial Cível",2025-11-30,6,85.14,1
MINAÇU,"Vara Cível, Infância e Juventude e Juizado Especial Cível",2025-12-31,6,85.17,2
MINAÇU,"Vara Cível, Infância e Juventude e Juizado Especial Cível",2026-01-31,6,85.19,3
MINAÇU,"Vara Cível, Infância e Juventude e Juizado Especial Cível",2026-02-28,6,85.22,4
MINAÇU,"Vara Cível, Infância e Juventude e Juizado Especial Cível",2026-03-31,6,85.24,5
MINAÇU,"Vara Cível, Infância e Juventude e Juizado Especial Cível",2026-04-30,6,85.27,6
MINAÇU,Vara das Fazendas Públicas e Registro Público e de Família e Sucessões,2025-11-30,6,84.66,1
MINAÇU,Vara das Fazendas Públicas e Registro Público e de Família e Sucessões,2025-12-31,6,84.75,2
MINAÇU,Vara das Fazendas Públicas e Registro Público e de Família e Sucessões,2026-01-31,6,84.85,3
MINAÇU,Vara das Fazendas Públicas e Registro Público e de Família e Sucessões,2026-02-28,6,84.93,4
MINAÇU,Vara das Fazendas Públicas e Registro Público e de Família e Sucessões,2026-03-31,6,85.03,5
MINAÇU,Vara das Fazendas Públicas e Registro Público e de Família e Sucessões,2026-04-30,6,85.12,6
MINEIROS,1ª Vara (Cível e da Inf. e da Juventude),2025-11-30,6,96.03,1
MINEIROS,1ª Vara (Cível e da Inf. e da Juventude),2025-12-31,6,96.15,2
MINEIROS,1ª Vara (Cível e da Inf. e da Juventude),2026-01-31,6,96.28,3
MINEIROS,1ª Vara (Cível e da Inf. e da Juventude),2026-02-28,6,96.39,4
MINEIROS,1ª Vara (Cível e da Inf. e da Juventude),2026-03-31,6,96.51,5
MINEIROS,1ª Vara (Cível e da Inf. e da Juventude),2026-04-30,6,96.63,6
MINEIROS,1ª Vara Criminal (Crimes em Geral e Execuções Penais),2025-11-30,6,96.57,1
MINEIROS,1ª Vara Criminal (Crimes em Geral e Execuções Penais),2025-12-31,6,96.89,2
MINEIROS,1ª Vara Criminal (Crimes em Geral e Execuções Penais),2026-01-31,6,97.21,3
MINEIROS,1ª Vara Criminal (Crimes em Geral e Execuções Penais),2026-02-28,6,97.5,4
MINEIROS,1ª Vara Criminal (Crimes em Geral e Execuções Penais),2026-03-31,6,97.82,5
MINEIROS,1ª Vara Criminal (Crimes em Geral e Execuções Penais),2026-04-30,6,98.14,6
MINEIROS,"2ª Vara (Cív, das Faz Púb, de Reg Púb. e Amb.)",2025-11-30,6,92.33,1
MINEIROS,"2ª Vara (Cív, das Faz Púb, de Reg Púb. e Amb.)",2025-12-31,6,92.27,2
MINEIROS,"2ª Vara (Cív, das Faz Púb, de Reg Púb. e Amb.)",2026-01-31,6,92.21,3
MINEIROS,"2ª Vara (Cív, das Faz Púb, de Reg Púb. e Amb.)",2026-02-28,6,92.16,4
MINEIROS,"2ª Vara (Cív, das Faz Púb, de Reg Púb. e Amb.)",2026-03-31,6,92.09,5
MINEIROS,"2ª Vara (Cív, das Faz Púb, de Reg Púb. e Amb.)",2026-04-30,6,92.04,6
MINEIROS,"2ª Vara Criminal (Crimes em Geral, Crimes Dolosos contra a Vida e Presidência do Tribunal do Júri e Crimes Envolvendo Violência Doméstica - Lei 11.340/2006)",2025-11-30,6,98.74,1
MINEIROS,"2ª Vara Criminal (Crimes em Geral, Crimes Dolosos contra a Vida e Presidência do Tribunal do Júri e Crimes Envolvendo Violência Doméstica - Lei 11.340/2006)",2025-12-31,6,98.96,2
MINEIROS,"2ª Vara Criminal (Crimes em Geral, Crimes Dolosos contra a Vida e Presidência do Tribunal do Júri e Crimes Envolvendo Violência Doméstica - Lei 11.340/2006)",2026-01-31,6,99.19,3
MINEIROS,"2ª Vara Criminal (Crimes em Geral, Crimes Dolosos contra a Vida e Presidência do Tribunal do Júri e Crimes Envolvendo Violência Doméstica - Lei 11.340/2006)",2026-02-28,6,99.39,4
MINEIROS,"2ª Vara Criminal (Crimes em Geral, Crimes Dolosos contra a Vida e Presidência do Tribunal do Júri e Crimes Envolvendo Violência Doméstica - Lei 11.340/2006)",2026-03-31,6,99.61,5
MINEIROS,"2ª Vara Criminal (Crimes em Geral, Crimes Dolosos contra a Vida e Presidência do Tribunal do Júri e Crimes Envolvendo Violência Doméstica - Lei 11.340/2006)",2026-04-30,6,99.83,6
MINEIROS,Juizado Especial Cível e Criminal,2025-11-30,6,89.31,1
MINEIROS,Juizado Especial Cível e Criminal,2025-12-31,6,89.92,2
MINEIROS,Juizado Especial Cível e Criminal,2026-01-31,6,90.53,3
MINEIROS,Juizado Especial Cível e Criminal,2026-02-28,6,91.08,4
MINEIROS,Juizado Especial Cível e Criminal,2026-03-31,6,91.68,5
MINEIROS,Juizado Especial Cível e Criminal,2026-04-30,6,92.27,6
MINEIROS,"Vara de Família, Sucessões e Cível",2025-11-30,6,96.79,1
MINEIROS,"Vara de Família, Sucessões e Cível",2025-12-31,6,96.93,2
MINEIROS,"Vara de Família, Sucessões e Cível",2026-01-31,6,97.06,3
MINEIROS,"Vara de Família, Sucessões e Cível",2026-02-28,6,97.18,4
MINEIROS,"Vara de Família, Sucessões e Cível",2026-03-31,6,97.32,5
MINEIROS,"Vara de Família, Sucessões e Cível",2026-04-30,6,97.45,6
MONTES CLAROS DE GOIÁS,Vara Judicial,2025-11-30,6,100.0,1
MONTES CLAROS DE GOIÁS,Vara Judicial,2025-12-31,6,100.0,2
MONTES CLAROS DE GOIÁS,Vara Judicial,2026-01-31,6,100.0,3
MONTES CLAROS DE GOIÁS,Vara Judicial,2026-02-28,6,100.0,4
MONTES CLAROS DE GOIÁS,Vara Judicial,2026-03-31,6,100.0,5
MONTES CLAROS DE GOIÁS,Vara Judicial,2026-04-30,6,100.0,6
MONTIVIDIU,Vara Judicial,2025-11-30,6,95.2,1
MONTIVIDIU,Vara Judicial,2025-12-31,6,95.2,2
MONTIVIDIU,Vara Judicial,2026-01-31,6,95.2,3
MONTIVIDIU,Vara Judicial,2026-02-28,6,95.2,4
MONTIVIDIU,Vara Judicial,2026-03-31,6,95.2,5
MONTIVIDIU,Vara Judicial,2026-04-30,6,95.2,6
MORRINHOS,"1ª Vara (Cív., Criminal - crime em geral e exec. penais - e da Inf. e da Juv.)",2025-11-30,6,99.82,1
MORRINHOS,"1ª Vara (Cív., Criminal - crime em geral e exec. penais - e da Inf. e da Juv.)",2025-12-31,6,100.0,2
MORRINHOS,"1ª Vara (Cív., Criminal - crime em geral e exec. penais - e da Inf. e da Juv.)",2026-01-31,6,100.0,3
MORRINHOS,"1ª Vara (Cív., Criminal - crime em geral e exec. penais - e da Inf. e da Juv.)",2026-02-28,6,100.0,4
MORRINHOS,"1ª Vara (Cív., Criminal - crime em geral e exec. penais - e da Inf. e da Juv.)",2026-03-31,6,100.0,5
MORRINHOS,"1ª Vara (Cív., Criminal - crime em geral e exec. penais - e da Inf. e da Juv.)",2026-04-30,6,100.0,6
MORRINHOS,"2ª Vara (Cív. Criminal crime em geral, crimes dolosos contra a vida e Pres. do Trib. do Juri, das Faz. Púb. e de Reg. Púb. e Ambiental)",2025-11-30,6,97.44,1
MORRINHOS,"2ª Vara (Cív. Criminal crime em geral, crimes dolosos contra a vida e Pres. do Trib. do Juri, das Faz. Púb. e de Reg. Púb. e Ambiental)",2025-12-31,6,97.81,2
MORRINHOS,"2ª Vara (Cív. Criminal crime em geral, crimes dolosos contra a vida e Pres. do Trib. do Juri, das Faz. Púb. e de Reg. Púb. e Ambiental)",2026-01-31,6,98.17,3
MORRINHOS,"2ª Vara (Cív. Criminal crime em geral, crimes dolosos contra a vida e Pres. do Trib. do Juri, das Faz. Púb. e de Reg. Púb. e Ambiental)",2026-02-28,6,98.5,4
MORRINHOS,"2ª Vara (Cív. Criminal crime em geral, crimes dolosos contra a vida e Pres. do Trib. do Juri, das Faz. Púb. e de Reg. Púb. e Ambiental)",2026-03-31,6,98.87,5
MORRINHOS,"2ª Vara (Cív. Criminal crime em geral, crimes dolosos contra a vida e Pres. do Trib. do Juri, das Faz. Púb. e de Reg. Púb. e Ambiental)",2026-04-30,6,99.22,6
MORRINHOS,Juizado Especial Cível e Criminal,2025-11-30,6,72.59,1
MORRINHOS,Juizado Especial Cível e Criminal,2025-12-31,6,74.57,2
MORRINHOS,Juizado Especial Cível e Criminal,2026-01-31,6,76.56,3
MORRINHOS,Juizado Especial Cível e Criminal,2026-02-28,6,78.35,4
MORRINHOS,Juizado Especial Cível e Criminal,2026-03-31,6,80.34,5
MORRINHOS,Juizado Especial Cível e Criminal,2026-04-30,6,82.26,6
MOSSÂMEDES,Vara Judicial,2025-11-30,6,92.09,1
MOSSÂMEDES,Vara Judicial,2025-12-31,6,92.38,2
MOSSÂMEDES,Vara Judicial,2026-01-31,6,92.68,3
MOSSÂMEDES,Vara Judicial,2026-02-28,6,92.94,4
MOSSÂMEDES,Vara Judicial,2026-03-31,6,93.23,5
MOSSÂMEDES,Vara Judicial,2026-04-30,6,93.52,6
MOZARLÂNDIA,"1ª Vara Judicial (Família e Sucessões, Infância e Juventude, Cível e Juizado Especial Cível)",2025-11-30,6,89.11,1
MOZARLÂNDIA,"1ª Vara Judicial (Família e Sucessões, Infância e Juventude, Cível e Juizado Especial Cível)",2025-12-31,6,89.32,2
MOZARLÂNDIA,"1ª Vara Judicial (Família e Sucessões, Infância e Juventude, Cível e Juizado Especial Cível)",2026-01-31,6,89.54,3
MOZARLÂNDIA,"1ª Vara Judicial (Família e Sucessões, Infância e Juventude, Cível e Juizado Especial Cível)",2026-02-28,6,89.74,4
MOZARLÂNDIA,"1ª Vara Judicial (Família e Sucessões, Infância e Juventude, Cível e Juizado Especial Cível)",2026-03-31,6,89.96,5
MOZARLÂNDIA,"1ª Vara Judicial (Família e Sucessões, Infância e Juventude, Cível e Juizado Especial Cível)",2026-04-30,6,90.17,6
MOZARLÂNDIA,"2ª Vara Judicial (Fazendas Públicas, Criminal, Execução Penal e Juizado Criminal)",2025-11-30,6,94.9,1
MOZARLÂNDIA,"2ª Vara Judicial (Fazendas Públicas, Criminal, Execução Penal e Juizado Criminal)",2025-12-31,6,94.94,2
MOZARLÂNDIA,"2ª Vara Judicial (Fazendas Públicas, Criminal, Execução Penal e Juizado Criminal)",2026-01-31,6,94.97,3
MOZARLÂNDIA,"2ª Vara Judicial (Fazendas Públicas, Criminal, Execução Penal e Juizado Criminal)",2026-02-28,6,95.0,4
MOZARLÂNDIA,"2ª Vara Judicial (Fazendas Públicas, Criminal, Execução Penal e Juizado Criminal)",2026-03-31,6,95.04,5
MOZARLÂNDIA,"2ª Vara Judicial (Fazendas Públicas, Criminal, Execução Penal e Juizado Criminal)",2026-04-30,6,95.07,6
NAZÁRIO,Vara Judicial,2025-11-30,6,94.82,1
NAZÁRIO,Vara Judicial,2025-12-31,6,95.03,2
NAZÁRIO,Vara Judicial,2026-01-31,6,95.24,3
NAZÁRIO,Vara Judicial,2026-02-28,6,95.43,4
NAZÁRIO,Vara Judicial,2026-03-31,6,95.64,5
NAZÁRIO,Vara Judicial,2026-04-30,6,95.84,6
NERÓPOLIS,"1ª Vara Judicial (Família e Sucessões, Infância e Juventude, Cível e Juizado Especial Cível)",2025-11-30,6,86.56,1
NERÓPOLIS,"1ª Vara Judicial (Família e Sucessões, Infância e Juventude, Cível e Juizado Especial Cível)",2025-12-31,6,86.64,2
NERÓPOLIS,"1ª Vara Judicial (Família e Sucessões, Infância e Juventude, Cível e Juizado Especial Cível)",2026-01-31,6,86.72,3
NERÓPOLIS,"1ª Vara Judicial (Família e Sucessões, Infância e Juventude, Cível e Juizado Especial Cível)",2026-02-28,6,86.79,4
NERÓPOLIS,"1ª Vara Judicial (Família e Sucessões, Infância e Juventude, Cível e Juizado Especial Cível)",2026-03-31,6,86.87,5
NERÓPOLIS,"1ª Vara Judicial (Família e Sucessões, Infância e Juventude, Cível e Juizado Especial Cível)",2026-04-30,6,86.95,6
NERÓPOLIS,"2ª Vara Judicial (Fazendas Públicas, Criminal, Execução Penal e Juizado Criminal)",2025-11-30,6,94.3,1
NERÓPOLIS,"2ª Vara Judicial (Fazendas Públicas, Criminal, Execução Penal e Juizado Criminal)",2025-12-31,6,94.58,2
NERÓPOLIS,"2ª Vara Judicial (Fazendas Públicas, Criminal, Execução Penal e Juizado Criminal)",2026-01-31,6,94.85,3
NERÓPOLIS,"2ª Vara Judicial (Fazendas Públicas, Criminal, Execução Penal e Juizado Criminal)",2026-02-28,6,95.1,4
NERÓPOLIS,"2ª Vara Judicial (Fazendas Públicas, Criminal, Execução Penal e Juizado Criminal)",2026-03-31,6,95.37,5
NERÓPOLIS,"2ª Vara Judicial (Fazendas Públicas, Criminal, Execução Penal e Juizado Criminal)",2026-04-30,6,95.63,6
NIQUELÂNDIA,"Vara Criminal (crime em geral, crimes dolosos contra a vida e Pres. do Trib. do Júri Execução Penal e Infância e Juventude Infracional) e Juizado Especial Criminal",2025-11-30,6,97.57,1
NIQUELÂNDIA,"Vara Criminal (crime em geral, crimes dolosos contra a vida e Pres. do Trib. do Júri Execução Penal e Infância e Juventude Infracional) e Juizado Especial Criminal",2025-12-31,6,97.76,2
NIQUELÂNDIA,"Vara Criminal (crime em geral, crimes dolosos contra a vida e Pres. do Trib. do Júri Execução Penal e Infância e Juventude Infracional) e Juizado Especial Criminal",2026-01-31,6,97.94,3
NIQUELÂNDIA,"Vara Criminal (crime em geral, crimes dolosos contra a vida e Pres. do Trib. do Júri Execução Penal e Infância e Juventude Infracional) e Juizado Especial Criminal",2026-02-28,6,98.11,4
NIQUELÂNDIA,"Vara Criminal (crime em geral, crimes dolosos contra a vida e Pres. do Trib. do Júri Execução Penal e Infância e Juventude Infracional) e Juizado Especial Criminal",2026-03-31,6,98.3,5
NIQUELÂNDIA,"Vara Criminal (crime em geral, crimes dolosos contra a vida e Pres. do Trib. do Júri Execução Penal e Infância e Juventude Infracional) e Juizado Especial Criminal",2026-04-30,6,98.48,6
NIQUELÂNDIA,Vara Cível e Juizado Especial Cível,2025-11-30,6,90.87,1
NIQUELÂNDIA,Vara Cível e Juizado Especial Cível,2025-12-31,6,91.08,2
NIQUELÂNDIA,Vara Cível e Juizado Especial Cível,2026-01-31,6,91.3,3
NIQUELÂNDIA,Vara Cível e Juizado Especial Cível,2026-02-28,6,91.49,4
NIQUELÂNDIA,Vara Cível e Juizado Especial Cível,2026-03-31,6,91.71,5
NIQUELÂNDIA,Vara Cível e Juizado Especial Cível,2026-04-30,6,91.92,6
NIQUELÂNDIA,"Vara de Família, Sucessões, da Infância e da Juventude Cível e das Fazendas Públicas e Registro Público",2025-11-30,6,91.82,1
NIQUELÂNDIA,"Vara de Família, Sucessões, da Infância e da Juventude Cível e das Fazendas Públicas e Registro Público",2025-12-31,6,91.89,2
NIQUELÂNDIA,"Vara de Família, Sucessões, da Infância e da Juventude Cível e das Fazendas Públicas e Registro Público",2026-01-31,6,91.96,3
NIQUELÂNDIA,"Vara de Família, Sucessões, da Infância e da Juventude Cível e das Fazendas Públicas e Registro Público",2026-02-28,6,92.02,4
NIQUELÂNDIA,"Vara de Família, Sucessões, da Infância e da Juventude Cível e das Fazendas Públicas e Registro Público",2026-03-31,6,92.09,5
NIQUELÂNDIA,"Vara de Família, Sucessões, da Infância e da Juventude Cível e das Fazendas Públicas e Registro Público",2026-04-30,6,92.16,6
NOVA CRIXÁS,Vara Judicial,2025-11-30,6,95.09,1
NOVA CRIXÁS,Vara Judicial,2025-12-31,6,95.25,2
NOVA CRIXÁS,Vara Judicial,2026-01-31,6,95.41,3
NOVA CRIXÁS,Vara Judicial,2026-02-28,6,95.55,4
NOVA CRIXÁS,Vara Judicial,2026-03-31,6,95.7,5
NOVA CRIXÁS,Vara Judicial,2026-04-30,6,95.85,6
NOVO GAMA,"1ª Vara (Cível, de Família, Sucessões e da Infância e da Juventude)",2025-11-30,6,91.75,1
NOVO GAMA,"1ª Vara (Cível, de Família, Sucessões e da Infância e da Juventude)",2025-12-31,6,91.88,2
NOVO GAMA,"1ª Vara (Cível, de Família, Sucessões e da Infância e da Juventude)",2026-01-31,6,92.01,3
NOVO GAMA,"1ª Vara (Cível, de Família, Sucessões e da Infância e da Juventude)",2026-02-28,6,92.13,4
NOVO GAMA,"1ª Vara (Cível, de Família, Sucessões e da Infância e da Juventude)",2026-03-31,6,92.27,5
NOVO GAMA,"1ª Vara (Cível, de Família, Sucessões e da Infância e da Juventude)",2026-04-30,6,92.4,6
NOVO GAMA,"1ª Vara Criminal (Crimes em Geral, Crimes Dolosos Contra a Vida e Execução Penal) e Juizado Especial Criminal",2025-11-30,6,100.0,1
NOVO GAMA,"1ª Vara Criminal (Crimes em Geral, Crimes Dolosos Contra a Vida e Execução Penal) e Juizado Especial Criminal",2025-12-31,6,100.0,2
NOVO GAMA,"1ª Vara Criminal (Crimes em Geral, Crimes Dolosos Contra a Vida e Execução Penal) e Juizado Especial Criminal",2026-01-31,6,100.0,3
NOVO GAMA,"1ª Vara Criminal (Crimes em Geral, Crimes Dolosos Contra a Vida e Execução Penal) e Juizado Especial Criminal",2026-02-28,6,100.0,4
NOVO GAMA,"1ª Vara Criminal (Crimes em Geral, Crimes Dolosos Contra a Vida e Execução Penal) e Juizado Especial Criminal",2026-03-31,6,100.0,5
NOVO GAMA,"1ª Vara Criminal (Crimes em Geral, Crimes Dolosos Contra a Vida e Execução Penal) e Juizado Especial Criminal",2026-04-30,6,100.0,6
NOVO GAMA,"2ª Vara (Cível, das Fazendas Públicas, de Registros Públicos e Ambiental) e Juizado Especial Cível",2025-11-30,6,85.02,1
NOVO GAMA,"2ª Vara (Cível, das Fazendas Públicas, de Registros Públicos e Ambiental) e Juizado Especial Cível",2025-12-31,6,85.14,2
NOVO GAMA,"2ª Vara (Cível, das Fazendas Públicas, de Registros Públicos e Ambiental) e Juizado Especial Cível",2026-01-31,6,85.26,3
NOVO GAMA,"2ª Vara (Cível, das Fazendas Públicas, de Registros Públicos e Ambiental) e Juizado Especial Cível",2026-02-28,6,85.37,4
NOVO GAMA,"2ª Vara (Cível, das Fazendas Públicas, de Registros Públicos e Ambiental) e Juizado Especial Cível",2026-03-31,6,85.49,5
NOVO GAMA,"2ª Vara (Cível, das Fazendas Públicas, de Registros Públicos e Ambiental) e Juizado Especial Cível",2026-04-30,6,85.61,6
NOVO GAMA,2ª Vara Criminal (crimes em geral e crimes envolvendo violência doméstica),2025-11-30,6,90.43,1
NOVO GAMA,2ª Vara Criminal (crimes em geral e crimes envolvendo violência doméstica),2025-12-31,6,91.58,2
NOVO GAMA,2ª Vara Criminal (crimes em geral e crimes envolvendo violência doméstica),2026-01-31,6,92.73,3
NOVO GAMA,2ª Vara Criminal (crimes em geral e crimes envolvendo violência doméstica),2026-02-28,6,93.77,4
NOVO GAMA,2ª Vara Criminal (crimes em geral e crimes envolvendo violência doméstica),2026-03-31,6,94.92,5
NOVO GAMA,2ª Vara Criminal (crimes em geral e crimes envolvendo violência doméstica),2026-04-30,6,96.03,6
ORIZONA,Vara Judicial,2025-11-30,6,99.83,1
ORIZONA,Vara Judicial,2025-12-31,6,100.0,2
ORIZONA,Vara Judicial,2026-01-31,6,100.0,3
ORIZONA,Vara Judicial,2026-02-28,6,100.0,4
ORIZONA,Vara Judicial,2026-03-31,6,100.0,5
ORIZONA,Vara Judicial,2026-04-30,6,100.0,6
PADRE BERNARDO,"1ª Vara Judicial (Família e Sucessões, Infância e Juventude, Cível e Juizado Especial Cível)",2025-11-30,6,100.0,1
PADRE BERNARDO,"1ª Vara Judicial (Família e Sucessões, Infância e Juventude, Cível e Juizado Especial Cível)",2025-12-31,6,100.0,2
PADRE BERNARDO,"1ª Vara Judicial (Família e Sucessões, Infância e Juventude, Cível e Juizado Especial Cível)",2026-01-31,6,100.0,3
PADRE BERNARDO,"1ª Vara Judicial (Família e Sucessões, Infância e Juventude, Cível e Juizado Especial Cível)",2026-02-28,6,100.0,4
PADRE BERNARDO,"1ª Vara Judicial (Família e Sucessões, Infância e Juventude, Cível e Juizado Especial Cível)",2026-03-31,6,100.0,5
PADRE BERNARDO,"1ª Vara Judicial (Família e Sucessões, Infância e Juventude, Cível e Juizado Especial Cível)",2026-04-30,6,100.0,6
PADRE BERNARDO,"2ª Vara Judicial (Fazendas Públicas, Criminal, Execução Penal e Juizado Criminal)",2025-11-30,6,100.0,1
PADRE BERNARDO,"2ª Vara Judicial (Fazendas Públicas, Criminal, Execução Penal e Juizado Criminal)",2025-12-31,6,100.0,2
PADRE BERNARDO,"2ª Vara Judicial (Fazendas Públicas, Criminal, Execução Penal e Juizado Criminal)",2026-01-31,6,100.0,3
PADRE BERNARDO,"2ª Vara Judicial (Fazendas Públicas, Criminal, Execução Penal e Juizado Criminal)",2026-02-28,6,100.0,4
PADRE BERNARDO,"2ª Vara Judicial (Fazendas Públicas, Criminal, Execução Penal e Juizado Criminal)",2026-03-31,6,100.0,5
PADRE BERNARDO,"2ª Vara Judicial (Fazendas Públicas, Criminal, Execução Penal e Juizado Criminal)",2026-04-30,6,100.0,6
PALMEIRAS DE GOIÁS,Vara Judicial,2025-11-30,6,98.32,1
PALMEIRAS DE GOIÁS,Vara Judicial,2025-12-31,6,98.64,2
PALMEIRAS DE GOIÁS,Vara Judicial,2026-01-31,6,98.96,3
PALMEIRAS DE GOIÁS,Vara Judicial,2026-02-28,6,99.25,4
PALMEIRAS DE GOIÁS,Vara Judicial,2026-03-31,6,99.57,5
PALMEIRAS DE GOIÁS,Vara Judicial,2026-04-30,6,99.88,6
PARANAIGUARA,Vara Judicial,2025-11-30,6,100.0,1
PARANAIGUARA,Vara Judicial,2025-12-31,6,100.0,2
PARANAIGUARA,Vara Judicial,2026-01-31,6,100.0,3
PARANAIGUARA,Vara Judicial,2026-02-28,6,100.0,4
PARANAIGUARA,Vara Judicial,2026-03-31,6,100.0,5
PARANAIGUARA,Vara Judicial,2026-04-30,6,100.0,6
PARAÚNA,Vara Judicial,2025-11-30,6,94.12,1
PARAÚNA,Vara Judicial,2025-12-31,6,94.33,2
PARAÚNA,Vara Judicial,2026-01-31,6,94.55,3
PARAÚNA,Vara Judicial,2026-02-28,6,94.75,4
PARAÚNA,Vara Judicial,2026-03-31,6,94.96,5
PARAÚNA,Vara Judicial,2026-04-30,6,95.17,6
PETROLINA DE GOIÁS,Vara Judicial,2025-11-30,6,96.94,1
PETROLINA DE GOIÁS,Vara Judicial,2025-12-31,6,97.17,2
PETROLINA DE GOIÁS,Vara Judicial,2026-01-31,6,97.39,3
PETROLINA DE GOIÁS,Vara Judicial,2026-02-28,6,97.6,4
PETROLINA DE GOIÁS,Vara Judicial,2026-03-31,6,97.83,5
PETROLINA DE GOIÁS,Vara Judicial,2026-04-30,6,98.05,6
PIRACANJUBA,"1ª Vara Judicial (Família e Sucessões, Infância e Juventude, Cível e Juizado Especial Cível)",2025-11-30,6,97.99,1
PIRACANJUBA,"1ª Vara Judicial (Família e Sucessões, Infância e Juventude, Cível e Juizado Especial Cível)",2025-12-31,6,98.69,2
PIRACANJUBA,"1ª Vara Judicial (Família e Sucessões, Infância e Juventude, Cível e Juizado Especial Cível)",2026-01-31,6,99.39,3
PIRACANJUBA,"1ª Vara Judicial (Família e Sucessões, Infância e Juventude, Cível e Juizado Especial Cível)",2026-02-28,6,100.0,4
PIRACANJUBA,"1ª Vara Judicial (Família e Sucessões, Infância e Juventude, Cível e Juizado Especial Cível)",2026-03-31,6,100.0,5
PIRACANJUBA,"1ª Vara Judicial (Família e Sucessões, Infância e Juventude, Cível e Juizado Especial Cível)",2026-04-30,6,100.0,6
PIRACANJUBA,"2ª Vara Judicial (Fazendas Públicas, Criminal, Execução Penal e Juizado Criminal)",2025-11-30,6,94.87,1
PIRACANJUBA,"2ª Vara Judicial (Fazendas Públicas, Criminal, Execução Penal e Juizado Criminal)",2025-12-31,6,95.69,2
PIRACANJUBA,"2ª Vara Judicial (Fazendas Públicas, Criminal, Execução Penal e Juizado Criminal)",2026-01-31,6,96.52,3
PIRACANJUBA,"2ª Vara Judicial (Fazendas Públicas, Criminal, Execução Penal e Juizado Criminal)",2026-02-28,6,97.27,4
PIRACANJUBA,"2ª Vara Judicial (Fazendas Públicas, Criminal, Execução Penal e Juizado Criminal)",2026-03-31,6,98.1,5
PIRACANJUBA,"2ª Vara Judicial (Fazendas Públicas, Criminal, Execução Penal e Juizado Criminal)",2026-04-30,6,98.9,6
PIRANHAS,Vara Judicial,2025-11-30,6,99.06,1
PIRANHAS,Vara Judicial,2025-12-31,6,99.67,2
PIRANHAS,Vara Judicial,2026-01-31,6,100.0,3
PIRANHAS,Vara Judicial,2026-02-28,6,100.0,4
PIRANHAS,Vara Judicial,2026-03-31,6,100.0,5
PIRANHAS,Vara Judicial,2026-04-30,6,100.0,6
PIRENÓPOLIS,"1ª Vara Judicial (Família e Sucessões, Infância e Juventude, Cível e Juizado Especial Cível)",2025-11-30,6,87.63,1
PIRENÓPOLIS,"1ª Vara Judicial (Família e Sucessões, Infância e Juventude, Cível e Juizado Especial Cível)",2025-12-31,6,87.97,2
PIRENÓPOLIS,"1ª Vara Judicial (Família e Sucessões, Infância e Juventude, Cível e Juizado Especial Cível)",2026-01-31,6,88.32,3
PIRENÓPOLIS,"1ª Vara Judicial (Família e Sucessões, Infância e Juventude, Cível e Juizado Especial Cível)",2026-02-28,6,88.62,4
PIRENÓPOLIS,"1ª Vara Judicial (Família e Sucessões, Infância e Juventude, Cível e Juizado Especial Cível)",2026-03-31,6,88.97,5
PIRENÓPOLIS,"1ª Vara Judicial (Família e Sucessões, Infância e Juventude, Cível e Juizado Especial Cível)",2026-04-30,6,89.3,6
PIRENÓPOLIS,"2ª Vara Judicial (Fazendas Públicas, Criminal, Execução Penal e Juizado Criminal)",2025-11-30,6,97.74,1
PIRENÓPOLIS,"2ª Vara Judicial (Fazendas Públicas, Criminal, Execução Penal e Juizado Criminal)",2025-12-31,6,98.3,2
PIRENÓPOLIS,"2ª Vara Judicial (Fazendas Públicas, Criminal, Execução Penal e Juizado Criminal)",2026-01-31,6,98.86,3
PIRENÓPOLIS,"2ª Vara Judicial (Fazendas Públicas, Criminal, Execução Penal e Juizado Criminal)",2026-02-28,6,99.36,4
PIRENÓPOLIS,"2ª Vara Judicial (Fazendas Públicas, Criminal, Execução Penal e Juizado Criminal)",2026-03-31,6,99.92,5
PIRENÓPOLIS,"2ª Vara Judicial (Fazendas Públicas, Criminal, Execução Penal e Juizado Criminal)",2026-04-30,6,100.0,6
PIRES DO RIO,"1ª Vara Judicial (Família e Sucessões, Infância e Juventude, Cível e Juizado Especial Cível)",2025-11-30,6,100.0,1
PIRES DO RIO,"1ª Vara Judicial (Família e Sucessões, Infância e Juventude, Cível e Juizado Especial Cível)",2025-12-31,6,100.0,2
PIRES DO RIO,"1ª Vara Judicial (Família e Sucessões, Infância e Juventude, Cível e Juizado Especial Cível)",2026-01-31,6,100.0,3
PIRES DO RIO,"1ª Vara Judicial (Família e Sucessões, Infância e Juventude, Cível e Juizado Especial Cível)",2026-02-28,6,100.0,4
PIRES DO RIO,"1ª Vara Judicial (Família e Sucessões, Infância e Juventude, Cível e Juizado Especial Cível)",2026-03-31,6,100.0,5
PIRES DO RIO,"1ª Vara Judicial (Família e Sucessões, Infância e Juventude, Cível e Juizado Especial Cível)",2026-04-30,6,100.0,6
PIRES DO RIO,"2ª Vara Judicial (Fazendas Públicas, Criminal, Execução Penal e Juizado Criminal)",2025-11-30,6,92.21,1
PIRES DO RIO,"2ª Vara Judicial (Fazendas Públicas, Criminal, Execução Penal e Juizado Criminal)",2025-12-31,6,93.16,2
PIRES DO RIO,"2ª Vara Judicial (Fazendas Públicas, Criminal, Execução Penal e Juizado Criminal)",2026-01-31,6,94.1,3
PIRES DO RIO,"2ª Vara Judicial (Fazendas Públicas, Criminal, Execução Penal e Juizado Criminal)",2026-02-28,6,94.95,4
PIRES DO RIO,"2ª Vara Judicial (Fazendas Públicas, Criminal, Execução Penal e Juizado Criminal)",2026-03-31,6,95.9,5
PIRES DO RIO,"2ª Vara Judicial (Fazendas Públicas, Criminal, Execução Penal e Juizado Criminal)",2026-04-30,6,96.81,6
PLANALTINA,"1ª Vara (Cível, de Família, Sucessões e da Infância e da Juventude)",2025-11-30,6,100.0,1
PLANALTINA,"1ª Vara (Cível, de Família, Sucessões e da Infância e da Juventude)",2025-12-31,6,100.0,2
PLANALTINA,"1ª Vara (Cível, de Família, Sucessões e da Infância e da Juventude)",2026-01-31,6,100.0,3
PLANALTINA,"1ª Vara (Cível, de Família, Sucessões e da Infância e da Juventude)",2026-02-28,6,100.0,4
PLANALTINA,"1ª Vara (Cível, de Família, Sucessões e da Infância e da Juventude)",2026-03-31,6,100.0,5
PLANALTINA,"1ª Vara (Cível, de Família, Sucessões e da Infância e da Juventude)",2026-04-30,6,100.0,6
PLANALTINA,"1ª Vara Criminal (crimes dolosos contra a vida e Presidência do Tribunal do Júri, Execução Penal e crimes envolvendo violência doméstica)",2025-11-30,6,95.37,1
PLANALTINA,"1ª Vara Criminal (crimes dolosos contra a vida e Presidência do Tribunal do Júri, Execução Penal e crimes envolvendo violência doméstica)",2025-12-31,6,96.05,2
PLANALTINA,"1ª Vara Criminal (crimes dolosos contra a vida e Presidência do Tribunal do Júri, Execução Penal e crimes envolvendo violência doméstica)",2026-01-31,6,96.72,3
PLANALTINA,"1ª Vara Criminal (crimes dolosos contra a vida e Presidência do Tribunal do Júri, Execução Penal e crimes envolvendo violência doméstica)",2026-02-28,6,97.34,4
PLANALTINA,"1ª Vara Criminal (crimes dolosos contra a vida e Presidência do Tribunal do Júri, Execução Penal e crimes envolvendo violência doméstica)",2026-03-31,6,98.01,5
PLANALTINA,"1ª Vara Criminal (crimes dolosos contra a vida e Presidência do Tribunal do Júri, Execução Penal e crimes envolvendo violência doméstica)",2026-04-30,6,98.67,6
PLANALTINA,"2ª Vara (Cível, das Fazendas Públicas, de Registros Públicos e Ambiental)",2025-11-30,6,94.65,1
PLANALTINA,"2ª Vara (Cível, das Fazendas Públicas, de Registros Públicos e Ambiental)",2025-12-31,6,94.61,2
PLANALTINA,"2ª Vara (Cível, das Fazendas Públicas, de Registros Públicos e Ambiental)",2026-01-31,6,94.57,3
PLANALTINA,"2ª Vara (Cível, das Fazendas Públicas, de Registros Públicos e Ambiental)",2026-02-28,6,94.54,4
PLANALTINA,"2ª Vara (Cível, das Fazendas Públicas, de Registros Públicos e Ambiental)",2026-03-31,6,94.5,5
PLANALTINA,"2ª Vara (Cível, das Fazendas Públicas, de Registros Públicos e Ambiental)",2026-04-30,6,94.47,6
PLANALTINA,2ª Vara Criminal (crimes em geral),2025-11-30,6,88.75,1
PLANALTINA,2ª Vara Criminal (crimes em geral),2025-12-31,6,89.95,2
PLANALTINA,2ª Vara Criminal (crimes em geral),2026-01-31,6,91.14,3
PLANALTINA,2ª Vara Criminal (crimes em geral),2026-02-28,6,92.22,4
PLANALTINA,2ª Vara Criminal (crimes em geral),2026-03-31,6,93.41,5
PLANALTINA,2ª Vara Criminal (crimes em geral),2026-04-30,6,94.56,6
PLANALTINA,Juizado Especial Cível e Criminal,2025-11-30,6,94.75,1
PLANALTINA,Juizado Especial Cível e Criminal,2025-12-31,6,94.98,2
PLANALTINA,Juizado Especial Cível e Criminal,2026-01-31,6,95.2,3
PLANALTINA,Juizado Especial Cível e Criminal,2026-02-28,6,95.4,4
PLANALTINA,Juizado Especial Cível e Criminal,2026-03-31,6,95.63,5
PLANALTINA,Juizado Especial Cível e Criminal,2026-04-30,6,95.85,6
PONTALINA,Vara Judicial,2025-11-30,6,97.9,1
PONTALINA,Vara Judicial,2025-12-31,6,98.46,2
PONTALINA,Vara Judicial,2026-01-31,6,99.01,3
PONTALINA,Vara Judicial,2026-02-28,6,99.52,4
PONTALINA,Vara Judicial,2026-03-31,6,100.0,5
PONTALINA,Vara Judicial,2026-04-30,6,100.0,6
PORANGATU,"1ª Vara Cível, de Família e Sucessões e da Infância e Juventude",2025-11-30,6,93.63,1
PORANGATU,"1ª Vara Cível, de Família e Sucessões e da Infância e Juventude",2025-12-31,6,93.85,2
PORANGATU,"1ª Vara Cível, de Família e Sucessões e da Infância e Juventude",2026-01-31,6,94.06,3
PORANGATU,"1ª Vara Cível, de Família e Sucessões e da Infância e Juventude",2026-02-28,6,94.25,4
PORANGATU,"1ª Vara Cível, de Família e Sucessões e da Infância e Juventude",2026-03-31,6,94.46,5
PORANGATU,"1ª Vara Cível, de Família e Sucessões e da Infância e Juventude",2026-04-30,6,94.66,6
PORANGATU,"2ª Vara Cível, das Fazendas Públicas e de Registros Públicos",2025-11-30,6,91.28,1
PORANGATU,"2ª Vara Cível, das Fazendas Públicas e de Registros Públicos",2025-12-31,6,91.16,2
PORANGATU,"2ª Vara Cível, das Fazendas Públicas e de Registros Públicos",2026-01-31,6,91.03,3
PORANGATU,"2ª Vara Cível, das Fazendas Públicas e de Registros Públicos",2026-02-28,6,90.92,4
PORANGATU,"2ª Vara Cível, das Fazendas Públicas e de Registros Públicos",2026-03-31,6,90.8,5
PORANGATU,"2ª Vara Cível, das Fazendas Públicas e de Registros Públicos",2026-04-30,6,90.68,6
PORANGATU,Juizado Especial Cível e Criminal,2025-11-30,6,93.47,1
PORANGATU,Juizado Especial Cível e Criminal,2025-12-31,6,95.67,2
PORANGATU,Juizado Especial Cível e Criminal,2026-01-31,6,97.87,3
PORANGATU,Juizado Especial Cível e Criminal,2026-02-28,6,99.86,4
PORANGATU,Juizado Especial Cível e Criminal,2026-03-31,6,100.0,5
PORANGATU,Juizado Especial Cível e Criminal,2026-04-30,6,100.0,6
PORANGATU,Vara Criminal,2025-11-30,6,100.0,1
PORANGATU,Vara Criminal,2025-12-31,6,100.0,2
PORANGATU,Vara Criminal,2026-01-31,6,100.0,3
PORANGATU,Vara Criminal,2026-02-28,6,100.0,4
PORANGATU,Vara Criminal,2026-03-31,6,100.0,5
PORANGATU,Vara Criminal,2026-04-30,6,100.0,6
POSSE,"1ª Vara Judicial (Família e Sucessões, Infância e Juventude, Cível, de Registros Públicos, Ambiental e Juizado Especial Cível)",2025-11-30,6,95.09,1
POSSE,"1ª Vara Judicial (Família e Sucessões, Infância e Juventude, Cível, de Registros Públicos, Ambiental e Juizado Especial Cível)",2025-12-31,6,95.62,2
POSSE,"1ª Vara Judicial (Família e Sucessões, Infância e Juventude, Cível, de Registros Públicos, Ambiental e Juizado Especial Cível)",2026-01-31,6,96.15,3
POSSE,"1ª Vara Judicial (Família e Sucessões, Infância e Juventude, Cível, de Registros Públicos, Ambiental e Juizado Especial Cível)",2026-02-28,6,96.63,4
POSSE,"1ª Vara Judicial (Família e Sucessões, Infância e Juventude, Cível, de Registros Públicos, Ambiental e Juizado Especial Cível)",2026-03-31,6,97.16,5
POSSE,"1ª Vara Judicial (Família e Sucessões, Infância e Juventude, Cível, de Registros Públicos, Ambiental e Juizado Especial Cível)",2026-04-30,6,97.67,6
POSSE,"2ª Vara Judicial (Fazendas Públicas, Criminal, Execução Penal e Juizado Especial Criminal)",2025-11-30,6,95.35,1
POSSE,"2ª Vara Judicial (Fazendas Públicas, Criminal, Execução Penal e Juizado Especial Criminal)",2025-12-31,6,95.54,2
POSSE,"2ª Vara Judicial (Fazendas Públicas, Criminal, Execução Penal e Juizado Especial Criminal)",2026-01-31,6,95.72,3
POSSE,"2ª Vara Judicial (Fazendas Públicas, Criminal, Execução Penal e Juizado Especial Criminal)",2026-02-28,6,95.88,4
POSSE,"2ª Vara Judicial (Fazendas Públicas, Criminal, Execução Penal e Juizado Especial Criminal)",2026-03-31,6,96.07,5
POSSE,"2ª Vara Judicial (Fazendas Públicas, Criminal, Execução Penal e Juizado Especial Criminal)",2026-04-30,6,96.24,6
QUIRINÓPOLIS,1ª Vara (Cível e da Inf. e da Juv.),2025-11-30,6,92.77,1
QUIRINÓPOLIS,1ª Vara (Cível e da Inf. e da Juv.),2025-12-31,6,92.83,2
QUIRINÓPOLIS,1ª Vara (Cível e da Inf. e da Juv.),2026-01-31,6,92.89,3
QUIRINÓPOLIS,1ª Vara (Cível e da Inf. e da Juv.),2026-02-28,6,92.95,4
QUIRINÓPOLIS,1ª Vara (Cível e da Inf. e da Juv.),2026-03-31,6,93.01,5
QUIRINÓPOLIS,1ª Vara (Cível e da Inf. e da Juv.),2026-04-30,6,93.07,6
QUIRINÓPOLIS,"2ª Vara (Cível, das Faz. Púb., de Reg. Púb. e Ambiental)",2025-11-30,6,95.53,1
QUIRINÓPOLIS,"2ª Vara (Cível, das Faz. Púb., de Reg. Púb. e Ambiental)",2025-12-31,6,95.46,2
QUIRINÓPOLIS,"2ª Vara (Cível, das Faz. Púb., de Reg. Púb. e Ambiental)",2026-01-31,6,95.4,3
QUIRINÓPOLIS,"2ª Vara (Cível, das Faz. Púb., de Reg. Púb. e Ambiental)",2026-02-28,6,95.34,4
QUIRINÓPOLIS,"2ª Vara (Cível, das Faz. Púb., de Reg. Púb. e Ambiental)",2026-03-31,6,95.28,5
QUIRINÓPOLIS,"2ª Vara (Cível, das Faz. Púb., de Reg. Púb. e Ambiental)",2026-04-30,6,95.21,6
QUIRINÓPOLIS,Juizado Especial Cível e Criminal,2025-11-30,6,94.96,1
QUIRINÓPOLIS,Juizado Especial Cível e Criminal,2025-12-31,6,96.6,2
QUIRINÓPOLIS,Juizado Especial Cível e Criminal,2026-01-31,6,98.24,3
QUIRINÓPOLIS,Juizado Especial Cível e Criminal,2026-02-28,6,99.72,4
QUIRINÓPOLIS,Juizado Especial Cível e Criminal,2026-03-31,6,100.0,5
QUIRINÓPOLIS,Juizado Especial Cível e Criminal,2026-04-30,6,100.0,6
QUIRINÓPOLIS,Vara Criminal,2025-11-30,6,94.48,1
QUIRINÓPOLIS,Vara Criminal,2025-12-31,6,95.18,2
QUIRINÓPOLIS,Vara Criminal,2026-01-31,6,95.88,3
QUIRINÓPOLIS,Vara Criminal,2026-02-28,6,96.51,4
QUIRINÓPOLIS,Vara Criminal,2026-03-31,6,97.21,5
QUIRINÓPOLIS,Vara Criminal,2026-04-30,6,97.89,6
RIALMA,Vara Judicial,2025-11-30,6,89.22,1
RIALMA,Vara Judicial,2025-12-31,6,89.33,2
RIALMA,Vara Judicial,2026-01-31,6,89.44,3
RIALMA,Vara Judicial,2026-02-28,6,89.54,4
RIALMA,Vara Judicial,2026-03-31,6,89.65,5
RIALMA,Vara Judicial,2026-04-30,6,89.76,6
RIO VERDE,1ª Vara Cível,2025-11-30,6,96.51,1
RIO VERDE,1ª Vara Cível,2025-12-31,6,96.69,2
RIO VERDE,1ª Vara Cível,2026-01-31,6,96.87,3
RIO VERDE,1ª Vara Cível,2026-02-28,6,97.04,4
RIO VERDE,1ª Vara Cível,2026-03-31,6,97.22,5
RIO VERDE,1ª Vara Cível,2026-04-30,6,97.4,6
RIO VERDE,1ª Vara de Família e Sucessões,2025-11-30,6,93.29,1
RIO VERDE,1ª Vara de Família e Sucessões,2025-12-31,6,94.56,2
RIO VERDE,1ª Vara de Família e Sucessões,2026-01-31,6,95.83,3
RIO VERDE,1ª Vara de Família e Sucessões,2026-02-28,6,96.98,4
RIO VERDE,1ª Vara de Família e Sucessões,2026-03-31,6,98.25,5
RIO VERDE,1ª Vara de Família e Sucessões,2026-04-30,6,99.47,6
RIO VERDE,1º Juizado Especial Cível e Criminal,2025-11-30,6,56.72,1
RIO VERDE,1º Juizado Especial Cível e Criminal,2025-12-31,6,58.28,2
RIO VERDE,1º Juizado Especial Cível e Criminal,2026-01-31,6,59.84,3
RIO VERDE,1º Juizado Especial Cível e Criminal,2026-02-28,6,61.25,4
RIO VERDE,1º Juizado Especial Cível e Criminal,2026-03-31,6,62.81,5
RIO VERDE,1º Juizado Especial Cível e Criminal,2026-04-30,6,64.32,6
RIO VERDE,2ª Vara Criminal (crimes em geral),2025-11-30,6,100.0,1
RIO VERDE,2ª Vara Criminal (crimes em geral),2025-12-31,6,100.0,2
RIO VERDE,2ª Vara Criminal (crimes em geral),2026-01-31,6,100.0,3
RIO VERDE,2ª Vara Criminal (crimes em geral),2026-02-28,6,100.0,4
RIO VERDE,2ª Vara Criminal (crimes em geral),2026-03-31,6,100.0,5
RIO VERDE,2ª Vara Criminal (crimes em geral),2026-04-30,6,100.0,6
RIO VERDE,2ª Vara Cível,2025-11-30,6,95.76,1
RIO VERDE,2ª Vara Cível,2025-12-31,6,95.83,2
RIO VERDE,2ª Vara Cível,2026-01-31,6,95.9,3
RIO VERDE,2ª Vara Cível,2026-02-28,6,95.97,4
RIO VERDE,2ª Vara Cível,2026-03-31,6,96.05,5
RIO VERDE,2ª Vara Cível,2026-04-30,6,96.12,6
RIO VERDE,2ª Vara de Família e Sucessões,2025-11-30,6,93.97,1
RIO VERDE,2ª Vara de Família e Sucessões,2025-12-31,6,95.41,2
RIO VERDE,2ª Vara de Família e Sucessões,2026-01-31,6,96.85,3
RIO VERDE,2ª Vara de Família e Sucessões,2026-02-28,6,98.15,4
RIO VERDE,2ª Vara de Família e Sucessões,2026-03-31,6,99.6,5
RIO VERDE,2ª Vara de Família e Sucessões,2026-04-30,6,100.0,6
RIO VERDE,2º Juizado Especial Cível e Criminal,2025-11-30,6,63.03,1
RIO VERDE,2º Juizado Especial Cível e Criminal,2025-12-31,6,64.54,2
RIO VERDE,2º Juizado Especial Cível e Criminal,2026-01-31,6,66.05,3
RIO VERDE,2º Juizado Especial Cível e Criminal,2026-02-28,6,67.41,4
RIO VERDE,2º Juizado Especial Cível e Criminal,2026-03-31,6,68.92,5
RIO VERDE,2º Juizado Especial Cível e Criminal,2026-04-30,6,70.38,6
RIO VERDE,3ª Vara Criminal (crimes em geral),2025-11-30,6,98.28,1
RIO VERDE,3ª Vara Criminal (crimes em geral),2025-12-31,6,98.83,2
RIO VERDE,3ª Vara Criminal (crimes em geral),2026-01-31,6,99.39,3
RIO VERDE,3ª Vara Criminal (crimes em geral),2026-02-28,6,99.89,4
RIO VERDE,3ª Vara Criminal (crimes em geral),2026-03-31,6,100.0,5
RIO VERDE,3ª Vara Criminal (crimes em geral),2026-04-30,6,100.0,6
RIO VERDE,3ª Vara Cível,2025-11-30,6,96.19,1
RIO VERDE,3ª Vara Cível,2025-12-31,6,96.33,2
RIO VERDE,3ª Vara Cível,2026-01-31,6,96.48,3
RIO VERDE,3ª Vara Cível,2026-02-28,6,96.61,4
RIO VERDE,3ª Vara Cível,2026-03-31,6,96.75,5
RIO VERDE,3ª Vara Cível,2026-04-30,6,96.89,6
RIO VERDE,4ª Vara Criminal (crimes dolosos contra a vida e Presidência do Tribunal do Júri),2025-11-30,6,84.88,1
RIO VERDE,4ª Vara Criminal (crimes dolosos contra a vida e Presidência do Tribunal do Júri),2025-12-31,6,85.68,2
RIO VERDE,4ª Vara Criminal (crimes dolosos contra a vida e Presidência do Tribunal do Júri),2026-01-31,6,86.48,3
RIO VERDE,4ª Vara Criminal (crimes dolosos contra a vida e Presidência do Tribunal do Júri),2026-02-28,6,87.21,4
RIO VERDE,4ª Vara Criminal (crimes dolosos contra a vida e Presidência do Tribunal do Júri),2026-03-31,6,88.01,5
RIO VERDE,4ª Vara Criminal (crimes dolosos contra a vida e Presidência do Tribunal do Júri),2026-04-30,6,88.78,6
RIO VERDE,Juizado da Infância e da Juventude,2025-11-30,6,90.3,1
RIO VERDE,Juizado da Infância e da Juventude,2025-12-31,6,92.27,2
RIO VERDE,Juizado da Infância e da Juventude,2026-01-31,6,94.24,3
RIO VERDE,Juizado da Infância e da Juventude,2026-02-28,6,96.01,4
RIO VERDE,Juizado da Infância e da Juventude,2026-03-31,6,97.98,5
RIO VERDE,Juizado da Infância e da Juventude,2026-04-30,6,99.89,6
RIO VERDE,Juizado de Violência Doméstica e Familiar Contra a Mulher,2025-11-30,6,100.0,1
RIO VERDE,Juizado de Violência Doméstica e Familiar Contra a Mulher,2025-12-31,6,100.0,2
RIO VERDE,Juizado de Violência Doméstica e Familiar Contra a Mulher,2026-01-31,6,100.0,3
RIO VERDE,Juizado de Violência Doméstica e Familiar Contra a Mulher,2026-02-28,6,100.0,4
RIO VERDE,Juizado de Violência Doméstica e Familiar Contra a Mulher,2026-03-31,6,100.0,5
RIO VERDE,Juizado de Violência Doméstica e Familiar Contra a Mulher,2026-04-30,6,100.0,6
RIO VERDE,"Vara das Faz. Púb., de Reg. Púb. e Amb.",2025-11-30,6,92.74,1
RIO VERDE,"Vara das Faz. Púb., de Reg. Púb. e Amb.",2025-12-31,6,92.65,2
RIO VERDE,"Vara das Faz. Púb., de Reg. Púb. e Amb.",2026-01-31,6,92.57,3
RIO VERDE,"Vara das Faz. Púb., de Reg. Púb. e Amb.",2026-02-28,6,92.49,4
RIO VERDE,"Vara das Faz. Púb., de Reg. Púb. e Amb.",2026-03-31,6,92.4,5
RIO VERDE,"Vara das Faz. Púb., de Reg. Púb. e Amb.",2026-04-30,6,92.31,6
RUBIATABA,"1ª Vara Judicial (Família e Sucessões, Infância e Juventude, Cível e Juizado Especial Cível)",2025-11-30,6,99.28,1
RUBIATABA,"1ª Vara Judicial (Família e Sucessões, Infância e Juventude, Cível e Juizado Especial Cível)",2025-12-31,6,99.98,2
RUBIATABA,"1ª Vara Judicial (Família e Sucessões, Infância e Juventude, Cível e Juizado Especial Cível)",2026-01-31,6,100.0,3
RUBIATABA,"1ª Vara Judicial (Família e Sucessões, Infância e Juventude, Cível e Juizado Especial Cível)",2026-02-28,6,100.0,4
RUBIATABA,"1ª Vara Judicial (Família e Sucessões, Infância e Juventude, Cível e Juizado Especial Cível)",2026-03-31,6,100.0,5
RUBIATABA,"1ª Vara Judicial (Família e Sucessões, Infância e Juventude, Cível e Juizado Especial Cível)",2026-04-30,6,100.0,6
RUBIATABA,"2ª Vara Judicial (Fazendas Públicas, Criminal, Execução Penal e Juizado Criminal)",2025-11-30,6,97.67,1
RUBIATABA,"2ª Vara Judicial (Fazendas Públicas, Criminal, Execução Penal e Juizado Criminal)",2025-12-31,6,97.93,2
RUBIATABA,"2ª Vara Judicial (Fazendas Públicas, Criminal, Execução Penal e Juizado Criminal)",2026-01-31,6,98.19,3
RUBIATABA,"2ª Vara Judicial (Fazendas Públicas, Criminal, Execução Penal e Juizado Criminal)",2026-02-28,6,98.43,4
RUBIATABA,"2ª Vara Judicial (Fazendas Públicas, Criminal, Execução Penal e Juizado Criminal)",2026-03-31,6,98.69,5
RUBIATABA,"2ª Vara Judicial (Fazendas Públicas, Criminal, Execução Penal e Juizado Criminal)",2026-04-30,6,98.95,6
SANCLERLÂNDIA,Vara Judicial,2025-11-30,6,99.3,1
SANCLERLÂNDIA,Vara Judicial,2025-12-31,6,99.93,2
SANCLERLÂNDIA,Vara Judicial,2026-01-31,6,100.0,3
SANCLERLÂNDIA,Vara Judicial,2026-02-28,6,100.0,4
SANCLERLÂNDIA,Vara Judicial,2026-03-31,6,100.0,5
SANCLERLÂNDIA,Vara Judicial,2026-04-30,6,100.0,6
SANTA CRUZ DE GOIÁS,Vara Judicial,2025-11-30,6,90.67,1
SANTA CRUZ DE GOIÁS,Vara Judicial,2025-12-31,6,90.9,2
SANTA CRUZ DE GOIÁS,Vara Judicial,2026-01-31,6,91.13,3
SANTA CRUZ DE GOIÁS,Vara Judicial,2026-02-28,6,91.34,4
SANTA CRUZ DE GOIÁS,Vara Judicial,2026-03-31,6,91.57,5
SANTA CRUZ DE GOIÁS,Vara Judicial,2026-04-30,6,91.79,6
SANTA HELENA DE GOIÁS,"1ª Vara (Cív., Criminal - crime em geral e exec. penais - e da Inf. e da Juv.)",2025-11-30,6,98.3,1
SANTA HELENA DE GOIÁS,"1ª Vara (Cív., Criminal - crime em geral e exec. penais - e da Inf. e da Juv.)",2025-12-31,6,98.71,2
SANTA HELENA DE GOIÁS,"1ª Vara (Cív., Criminal - crime em geral e exec. penais - e da Inf. e da Juv.)",2026-01-31,6,99.12,3
SANTA HELENA DE GOIÁS,"1ª Vara (Cív., Criminal - crime em geral e exec. penais - e da Inf. e da Juv.)",2026-02-28,6,99.49,4
SANTA HELENA DE GOIÁS,"1ª Vara (Cív., Criminal - crime em geral e exec. penais - e da Inf. e da Juv.)",2026-03-31,6,99.9,5
SANTA HELENA DE GOIÁS,"1ª Vara (Cív., Criminal - crime em geral e exec. penais - e da Inf. e da Juv.)",2026-04-30,6,100.0,6
SANTA HELENA DE GOIÁS,"2ª Vara (Cív., Criminal – crime em geral, crimes dolosos contra a vida e Pres. do Trib. do Juri, das Faz. Púb. e de Reg. Púb.)",2025-11-30,6,97.84,1
SANTA HELENA DE GOIÁS,"2ª Vara (Cív., Criminal – crime em geral, crimes dolosos contra a vida e Pres. do Trib. do Juri, das Faz. Púb. e de Reg. Púb.)",2025-12-31,6,98.33,2
SANTA HELENA DE GOIÁS,"2ª Vara (Cív., Criminal – crime em geral, crimes dolosos contra a vida e Pres. do Trib. do Juri, das Faz. Púb. e de Reg. Púb.)",2026-01-31,6,98.81,3
SANTA HELENA DE GOIÁS,"2ª Vara (Cív., Criminal – crime em geral, crimes dolosos contra a vida e Pres. do Trib. do Juri, das Faz. Púb. e de Reg. Púb.)",2026-02-28,6,99.25,4
SANTA HELENA DE GOIÁS,"2ª Vara (Cív., Criminal – crime em geral, crimes dolosos contra a vida e Pres. do Trib. do Juri, das Faz. Púb. e de Reg. Púb.)",2026-03-31,6,99.73,5
SANTA HELENA DE GOIÁS,"2ª Vara (Cív., Criminal – crime em geral, crimes dolosos contra a vida e Pres. do Trib. do Juri, das Faz. Púb. e de Reg. Púb.)",2026-04-30,6,100.0,6
SANTA HELENA DE GOIÁS,Juizado Especial Cível e Criminal,2025-11-30,6,65.76,1
SANTA HELENA DE GOIÁS,Juizado Especial Cível e Criminal,2025-12-31,6,67.24,2
SANTA HELENA DE GOIÁS,Juizado Especial Cível e Criminal,2026-01-31,6,68.72,3
SANTA HELENA DE GOIÁS,Juizado Especial Cível e Criminal,2026-02-28,6,70.06,4
SANTA HELENA DE GOIÁS,Juizado Especial Cível e Criminal,2026-03-31,6,71.53,5
SANTA HELENA DE GOIÁS,Juizado Especial Cível e Criminal,2026-04-30,6,72.97,6
SANTA TEREZINHA DE GOIÁS,Vara Judicial,2025-11-30,6,96.78,1
SANTA TEREZINHA DE GOIÁS,Vara Judicial,2025-12-31,6,97.1,2
SANTA TEREZINHA DE GOIÁS,Vara Judicial,2026-01-31,6,97.42,3
SANTA TEREZINHA DE GOIÁS,Vara Judicial,2026-02-28,6,97.71,4
SANTA TEREZINHA DE GOIÁS,Vara Judicial,2026-03-31,6,98.03,5
SANTA TEREZINHA DE GOIÁS,Vara Judicial,2026-04-30,6,98.34,6
SANTO ANTÔNIO DO DESCOBERTO,"1ª Vara (Cível, de Família, Sucessões e da Infância e da Juventude)",2025-11-30,6,92.74,1
SANTO ANTÔNIO DO DESCOBERTO,"1ª Vara (Cível, de Família, Sucessões e da Infância e da Juventude)",2025-12-31,6,93.23,2
SANTO ANTÔNIO DO DESCOBERTO,"1ª Vara (Cível, de Família, Sucessões e da Infância e da Juventude)",2026-01-31,6,93.72,3
SANTO ANTÔNIO DO DESCOBERTO,"1ª Vara (Cível, de Família, Sucessões e da Infância e da Juventude)",2026-02-28,6,94.16,4
SANTO ANTÔNIO DO DESCOBERTO,"1ª Vara (Cível, de Família, Sucessões e da Infância e da Juventude)",2026-03-31,6,94.66,5
SANTO ANTÔNIO DO DESCOBERTO,"1ª Vara (Cível, de Família, Sucessões e da Infância e da Juventude)",2026-04-30,6,95.13,6
SANTO ANTÔNIO DO DESCOBERTO,"2ª Vara (Cível, das Fazendas Públicas, de Registros Públicos e Ambiental)",2025-11-30,6,92.05,1
SANTO ANTÔNIO DO DESCOBERTO,"2ª Vara (Cível, das Fazendas Públicas, de Registros Públicos e Ambiental)",2025-12-31,6,92.05,2
SANTO ANTÔNIO DO DESCOBERTO,"2ª Vara (Cível, das Fazendas Públicas, de Registros Públicos e Ambiental)",2026-01-31,6,92.04,3
SANTO ANTÔNIO DO DESCOBERTO,"2ª Vara (Cível, das Fazendas Públicas, de Registros Públicos e Ambiental)",2026-02-28,6,92.03,4
SANTO ANTÔNIO DO DESCOBERTO,"2ª Vara (Cível, das Fazendas Públicas, de Registros Públicos e Ambiental)",2026-03-31,6,92.03,5
SANTO ANTÔNIO DO DESCOBERTO,"2ª Vara (Cível, das Fazendas Públicas, de Registros Públicos e Ambiental)",2026-04-30,6,92.02,6
SANTO ANTÔNIO DO DESCOBERTO,Juizado Especial Cível e Criminal,2025-11-30,6,92.02,1
SANTO ANTÔNIO DO DESCOBERTO,Juizado Especial Cível e Criminal,2025-12-31,6,93.11,2
SANTO ANTÔNIO DO DESCOBERTO,Juizado Especial Cível e Criminal,2026-01-31,6,94.2,3
SANTO ANTÔNIO DO DESCOBERTO,Juizado Especial Cível e Criminal,2026-02-28,6,95.19,4
SANTO ANTÔNIO DO DESCOBERTO,Juizado Especial Cível e Criminal,2026-03-31,6,96.29,5
SANTO ANTÔNIO DO DESCOBERTO,Juizado Especial Cível e Criminal,2026-04-30,6,97.35,6
SANTO ANTÔNIO DO DESCOBERTO,Vara Criminal,2025-11-30,6,96.6,1
SANTO ANTÔNIO DO DESCOBERTO,Vara Criminal,2025-12-31,6,96.79,2
SANTO ANTÔNIO DO DESCOBERTO,Vara Criminal,2026-01-31,6,96.98,3
SANTO ANTÔNIO DO DESCOBERTO,Vara Criminal,2026-02-28,6,97.15,4
SANTO ANTÔNIO DO DESCOBERTO,Vara Criminal,2026-03-31,6,97.34,5
SANTO ANTÔNIO DO DESCOBERTO,Vara Criminal,2026-04-30,6,97.52,6
SENADOR CANEDO,1ª Vara Criminal (crimes em geral e execuções penais),2025-11-30,6,96.2,1
SENADOR CANEDO,1ª Vara Criminal (crimes em geral e execuções penais),2025-12-31,6,96.62,2
SENADOR CANEDO,1ª Vara Criminal (crimes em geral e execuções penais),2026-01-31,6,97.04,3
SENADOR CANEDO,1ª Vara Criminal (crimes em geral e execuções penais),2026-02-28,6,97.42,4
SENADOR CANEDO,1ª Vara Criminal (crimes em geral e execuções penais),2026-03-31,6,97.84,5
SENADOR CANEDO,1ª Vara Criminal (crimes em geral e execuções penais),2026-04-30,6,98.25,6
SENADOR CANEDO,1ª Vara Cível,2025-11-30,6,92.04,1
SENADOR CANEDO,1ª Vara Cível,2025-12-31,6,92.22,2
SENADOR CANEDO,1ª Vara Cível,2026-01-31,6,92.4,3
SENADOR CANEDO,1ª Vara Cível,2026-02-28,6,92.56,4
SENADOR CANEDO,1ª Vara Cível,2026-03-31,6,92.73,5
SENADOR CANEDO,1ª Vara Cível,2026-04-30,6,92.91,6
SENADOR CANEDO,"2ª Vara Criminal (Crimes em geral, Crimes dolosos contra a vida e Presidência do Tribunal do Júri e Crimes envolvendo Violência Doméstica)",2025-11-30,6,95.85,1
SENADOR CANEDO,"2ª Vara Criminal (Crimes em geral, Crimes dolosos contra a vida e Presidência do Tribunal do Júri e Crimes envolvendo Violência Doméstica)",2025-12-31,6,96.41,2
SENADOR CANEDO,"2ª Vara Criminal (Crimes em geral, Crimes dolosos contra a vida e Presidência do Tribunal do Júri e Crimes envolvendo Violência Doméstica)",2026-01-31,6,96.97,3
SENADOR CANEDO,"2ª Vara Criminal (Crimes em geral, Crimes dolosos contra a vida e Presidência do Tribunal do Júri e Crimes envolvendo Violência Doméstica)",2026-02-28,6,97.48,4
SENADOR CANEDO,"2ª Vara Criminal (Crimes em geral, Crimes dolosos contra a vida e Presidência do Tribunal do Júri e Crimes envolvendo Violência Doméstica)",2026-03-31,6,98.04,5
SENADOR CANEDO,"2ª Vara Criminal (Crimes em geral, Crimes dolosos contra a vida e Presidência do Tribunal do Júri e Crimes envolvendo Violência Doméstica)",2026-04-30,6,98.59,6
SENADOR CANEDO,2ª Vara Cível,2025-11-30,6,88.37,1
SENADOR CANEDO,2ª Vara Cível,2025-12-31,6,88.28,2
SENADOR CANEDO,2ª Vara Cível,2026-01-31,6,88.2,3
SENADOR CANEDO,2ª Vara Cível,2026-02-28,6,88.12,4
SENADOR CANEDO,2ª Vara Cível,2026-03-31,6,88.03,5
SENADOR CANEDO,2ª Vara Cível,2026-04-30,6,87.95,6
SENADOR CANEDO,Juizado Especial Cível e Criminal,2025-11-30,6,86.04,1
SENADOR CANEDO,Juizado Especial Cível e Criminal,2025-12-31,6,86.59,2
SENADOR CANEDO,Juizado Especial Cível e Criminal,2026-01-31,6,87.15,3
SENADOR CANEDO,Juizado Especial Cível e Criminal,2026-02-28,6,87.65,4
SENADOR CANEDO,Juizado Especial Cível e Criminal,2026-03-31,6,88.21,5
SENADOR CANEDO,Juizado Especial Cível e Criminal,2026-04-30,6,88.75,6
SENADOR CANEDO,"Vara de Família, Sucessões e Infância e Juventude",2025-11-30,6,93.79,1
SENADOR CANEDO,"Vara de Família, Sucessões e Infância e Juventude",2025-12-31,6,94.63,2
SENADOR CANEDO,"Vara de Família, Sucessões e Infância e Juventude",2026-01-31,6,95.46,3
SENADOR CANEDO,"Vara de Família, Sucessões e Infância e Juventude",2026-02-28,6,96.22,4
SENADOR CANEDO,"Vara de Família, Sucessões e Infância e Juventude",2026-03-31,6,97.06,5
SENADOR CANEDO,"Vara de Família, Sucessões e Infância e Juventude",2026-04-30,6,97.87,6
SENADOR CANEDO,"Vara de Fazendas Públicas, Registros Públicos e Ambiental",2025-11-30,6,87.31,1
SENADOR CANEDO,"Vara de Fazendas Públicas, Registros Públicos e Ambiental",2025-12-31,6,87.11,2
SENADOR CANEDO,"Vara de Fazendas Públicas, Registros Públicos e Ambiental",2026-01-31,6,86.92,3
SENADOR CANEDO,"Vara de Fazendas Públicas, Registros Públicos e Ambiental",2026-02-28,6,86.74,4
SENADOR CANEDO,"Vara de Fazendas Públicas, Registros Públicos e Ambiental",2026-03-31,6,86.55,5
SENADOR CANEDO,"Vara de Fazendas Públicas, Registros Públicos e Ambiental",2026-04-30,6,86.36,6
SERRANÓPOLIS,Vara Judicial,2025-11-30,6,98.4,1
SERRANÓPOLIS,Vara Judicial,2025-12-31,6,98.82,2
SERRANÓPOLIS,Vara Judicial,2026-01-31,6,99.24,3
SERRANÓPOLIS,Vara Judicial,2026-02-28,6,99.61,4
SERRANÓPOLIS,Vara Judicial,2026-03-31,6,100.0,5
SERRANÓPOLIS,Vara Judicial,2026-04-30,6,100.0,6
SILVÂNIA,Vara Judicial,2025-11-30,6,93.22,1
SILVÂNIA,Vara Judicial,2025-12-31,6,93.19,2
SILVÂNIA,Vara Judicial,2026-01-31,6,93.16,3
SILVÂNIA,Vara Judicial,2026-02-28,6,93.14,4
SILVÂNIA,Vara Judicial,2026-03-31,6,93.11,5
SILVÂNIA,Vara Judicial,2026-04-30,6,93.09,6
SÃO DOMINGOS,Vara Judicial,2025-11-30,6,90.09,1
SÃO DOMINGOS,Vara Judicial,2025-12-31,6,90.49,2
SÃO DOMINGOS,Vara Judicial,2026-01-31,6,90.9,3
SÃO DOMINGOS,Vara Judicial,2026-02-28,6,91.27,4
SÃO DOMINGOS,Vara Judicial,2026-03-31,6,91.68,5
SÃO DOMINGOS,Vara Judicial,2026-04-30,6,92.07,6
SÃO LUÍS DE MONTES BELOS,"Vara Criminal (crime em geral, crimes dolosos contra a vida e Pres. do Trib. do Júri – Execução Penal) e Juizado Criminal",2025-11-30,6,99.57,1
SÃO LUÍS DE MONTES BELOS,"Vara Criminal (crime em geral, crimes dolosos contra a vida e Pres. do Trib. do Júri – Execução Penal) e Juizado Criminal",2025-12-31,6,100.0,2
SÃO LUÍS DE MONTES BELOS,"Vara Criminal (crime em geral, crimes dolosos contra a vida e Pres. do Trib. do Júri – Execução Penal) e Juizado Criminal",2026-01-31,6,100.0,3
SÃO LUÍS DE MONTES BELOS,"Vara Criminal (crime em geral, crimes dolosos contra a vida e Pres. do Trib. do Júri – Execução Penal) e Juizado Criminal",2026-02-28,6,100.0,4
SÃO LUÍS DE MONTES BELOS,"Vara Criminal (crime em geral, crimes dolosos contra a vida e Pres. do Trib. do Júri – Execução Penal) e Juizado Criminal",2026-03-31,6,100.0,5
SÃO LUÍS DE MONTES BELOS,"Vara Criminal (crime em geral, crimes dolosos contra a vida e Pres. do Trib. do Júri – Execução Penal) e Juizado Criminal",2026-04-30,6,100.0,6
SÃO LUÍS DE MONTES BELOS,Vara Cível e Juizado Especial Cível,2025-11-30,6,84.65,1
SÃO LUÍS DE MONTES BELOS,Vara Cível e Juizado Especial Cível,2025-12-31,6,84.72,2
SÃO LUÍS DE MONTES BELOS,Vara Cível e Juizado Especial Cível,2026-01-31,6,84.8,3
SÃO LUÍS DE MONTES BELOS,Vara Cível e Juizado Especial Cível,2026-02-28,6,84.87,4
SÃO LUÍS DE MONTES BELOS,Vara Cível e Juizado Especial Cível,2026-03-31,6,84.95,5
SÃO LUÍS DE MONTES BELOS,Vara Cível e Juizado Especial Cível,2026-04-30,6,85.02,6
SÃO LUÍS DE MONTES BELOS,"Vara das Fazendas Públicas e Registros Públicos, Família e Sucessões e de Infância e da Juventude",2025-11-30,6,94.12,1
SÃO LUÍS DE MONTES BELOS,"Vara das Fazendas Públicas e Registros Públicos, Família e Sucessões e de Infância e da Juventude",2025-12-31,6,94.29,2
SÃO LUÍS DE MONTES BELOS,"Vara das Fazendas Públicas e Registros Públicos, Família e Sucessões e de Infância e da Juventude",2026-01-31,6,94.46,3
SÃO LUÍS DE MONTES BELOS,"Vara das Fazendas Públicas e Registros Públicos, Família e Sucessões e de Infância e da Juventude",2026-02-28,6,94.61,4
SÃO LUÍS DE MONTES BELOS,"Vara das Fazendas Públicas e Registros Públicos, Família e Sucessões e de Infância e da Juventude",2026-03-31,6,94.78,5
SÃO LUÍS DE MONTES BELOS,"Vara das Fazendas Públicas e Registros Públicos, Família e Sucessões e de Infância e da Juventude",2026-04-30,6,94.95,6
SÃO MIGUEL DO ARAGUAIA,"1ª Vara Judicial (Família e Sucessões, Infância e Juventude, Cível e Juizado Especial Cível)",2025-11-30,6,96.08,1
SÃO MIGUEL DO ARAGUAIA,"1ª Vara Judicial (Família e Sucessões, Infância e Juventude, Cível e Juizado Especial Cível)",2025-12-31,6,96.92,2
SÃO MIGUEL DO ARAGUAIA,"1ª Vara Judicial (Família e Sucessões, Infância e Juventude, Cível e Juizado Especial Cível)",2026-01-31,6,97.77,3
SÃO MIGUEL DO ARAGUAIA,"1ª Vara Judicial (Família e Sucessões, Infância e Juventude, Cível e Juizado Especial Cível)",2026-02-28,6,98.54,4
SÃO MIGUEL DO ARAGUAIA,"1ª Vara Judicial (Família e Sucessões, Infância e Juventude, Cível e Juizado Especial Cível)",2026-03-31,6,99.39,5
SÃO MIGUEL DO ARAGUAIA,"1ª Vara Judicial (Família e Sucessões, Infância e Juventude, Cível e Juizado Especial Cível)",2026-04-30,6,100.0,6
SÃO MIGUEL DO ARAGUAIA,"2ª Vara Judicial (Fazendas Públicas, Criminal, Execução Penal e Juizado Criminal)",2025-11-30,6,92.52,1
SÃO MIGUEL DO ARAGUAIA,"2ª Vara Judicial (Fazendas Públicas, Criminal, Execução Penal e Juizado Criminal)",2025-12-31,6,92.84,2
SÃO MIGUEL DO ARAGUAIA,"2ª Vara Judicial (Fazendas Públicas, Criminal, Execução Penal e Juizado Criminal)",2026-01-31,6,93.15,3
SÃO MIGUEL DO ARAGUAIA,"2ª Vara Judicial (Fazendas Públicas, Criminal, Execução Penal e Juizado Criminal)",2026-02-28,6,93.44,4
SÃO MIGUEL DO ARAGUAIA,"2ª Vara Judicial (Fazendas Públicas, Criminal, Execução Penal e Juizado Criminal)",2026-03-31,6,93.76,5
SÃO MIGUEL DO ARAGUAIA,"2ª Vara Judicial (Fazendas Públicas, Criminal, Execução Penal e Juizado Criminal)",2026-04-30,6,94.06,6
SÃO SIMÃO,Vara Judicial,2025-11-30,6,96.38,1
SÃO SIMÃO,Vara Judicial,2025-12-31,6,96.96,2
SÃO SIMÃO,Vara Judicial,2026-01-31,6,97.54,3
SÃO SIMÃO,Vara Judicial,2026-02-28,6,98.06,4
SÃO SIMÃO,Vara Judicial,2026-03-31,6,98.64,5
SÃO SIMÃO,Vara Judicial,2026-04-30,6,99.2,6
TAQUARAL DE GOIÁS,Vara Judicial,2025-11-30,6,94.57,1
TAQUARAL DE GOIÁS,Vara Judicial,2025-12-31,6,94.73,2
TAQUARAL DE GOIÁS,Vara Judicial,2026-01-31,6,94.89,3
TAQUARAL DE GOIÁS,Vara Judicial,2026-02-28,6,95.04,4
TAQUARAL DE GOIÁS,Vara Judicial,2026-03-31,6,95.2,5
TAQUARAL DE GOIÁS,Vara Judicial,2026-04-30,6,95.36,6
TRIBUNAL DE JUSTIÇA,GABINETE DE JUIZ SUBSTITUTO EM 2º GRAU DR. ROGERIO CARVALHO PINHEIRO,2025-11-30,6,5.84,1
TRIBUNAL DE JUSTIÇA,GABINETE DE JUIZ SUBSTITUTO EM 2º GRAU DR. ROGERIO CARVALHO PINHEIRO,2025-12-31,6,6.01,2
TRIBUNAL DE JUSTIÇA,GABINETE DE JUIZ SUBSTITUTO EM 2º GRAU DR. ROGERIO CARVALHO PINHEIRO,2026-01-31,6,6.18,3
TRIBUNAL DE JUSTIÇA,GABINETE DE JUIZ SUBSTITUTO EM 2º GRAU DR. ROGERIO CARVALHO PINHEIRO,2026-02-28,6,6.34,4
TRIBUNAL DE JUSTIÇA,GABINETE DE JUIZ SUBSTITUTO EM 2º GRAU DR. ROGERIO CARVALHO PINHEIRO,2026-03-31,6,6.51,5
TRIBUNAL DE JUSTIÇA,GABINETE DE JUIZ SUBSTITUTO EM 2º GRAU DR. ROGERIO CARVALHO PINHEIRO,2026-04-30,6,6.68,6
TRIBUNAL DE JUSTIÇA,GABINETE DES. ADEGMAR JOSÉ FERREIRA,2025-11-30,6,12.7,1
TRIBUNAL DE JUSTIÇA,GABINETE DES. ADEGMAR JOSÉ FERREIRA,2025-12-31,6,13.1,2
TRIBUNAL DE JUSTIÇA,GABINETE DES. ADEGMAR JOSÉ FERREIRA,2026-01-31,6,13.5,3
TRIBUNAL DE JUSTIÇA,GABINETE DES. ADEGMAR JOSÉ FERREIRA,2026-02-28,6,13.87,4
TRIBUNAL DE JUSTIÇA,GABINETE DES. ADEGMAR JOSÉ FERREIRA,2026-03-31,6,14.27,5
TRIBUNAL DE JUSTIÇA,GABINETE DES. ADEGMAR JOSÉ FERREIRA,2026-04-30,6,14.66,6
TRIBUNAL DE JUSTIÇA,GABINETE DES. ADRIANO ROBERTO LINHARES CAMARGO,2025-11-30,6,25.81,1
TRIBUNAL DE JUSTIÇA,GABINETE DES. ADRIANO ROBERTO LINHARES CAMARGO,2025-12-31,6,27.13,2
TRIBUNAL DE JUSTIÇA,GABINETE DES. ADRIANO ROBERTO LINHARES CAMARGO,2026-01-31,6,28.45,3
TRIBUNAL DE JUSTIÇA,GABINETE DES. ADRIANO ROBERTO LINHARES CAMARGO,2026-02-28,6,29.64,4
TRIBUNAL DE JUSTIÇA,GABINETE DES. ADRIANO ROBERTO LINHARES CAMARGO,2026-03-31,6,30.95,5
TRIBUNAL DE JUSTIÇA,GABINETE DES. ADRIANO ROBERTO LINHARES CAMARGO,2026-04-30,6,32.23,6
TRIBUNAL DE JUSTIÇA,GABINETE DES. ALEXANDRE BIZZOTTO,2025-11-30,6,4.76,1
TRIBUNAL DE JUSTIÇA,GABINETE DES. ALEXANDRE BIZZOTTO,2025-12-31,6,4.91,2
TRIBUNAL DE JUSTIÇA,GABINETE DES. ALEXANDRE BIZZOTTO,2026-01-31,6,5.05,3
TRIBUNAL DE JUSTIÇA,GABINETE DES. ALEXANDRE BIZZOTTO,2026-02-28,6,5.18,4
TRIBUNAL DE JUSTIÇA,GABINETE DES. ALEXANDRE BIZZOTTO,2026-03-31,6,5.33,5
TRIBUNAL DE JUSTIÇA,GABINETE DES. ALEXANDRE BIZZOTTO,2026-04-30,6,5.47,6
TRIBUNAL DE JUSTIÇA,GABINETE DES. ALEXANDRE DE MORAIS KAFURI,2025-11-30,6,22.24,1
TRIBUNAL DE JUSTIÇA,GABINETE DES. ALEXANDRE DE MORAIS KAFURI,2025-12-31,6,23.08,2
TRIBUNAL DE JUSTIÇA,GABINETE DES. ALEXANDRE DE MORAIS KAFURI,2026-01-31,6,23.92,3
TRIBUNAL DE JUSTIÇA,GABINETE DES. ALEXANDRE DE MORAIS KAFURI,2026-02-28,6,24.68,4
TRIBUNAL DE JUSTIÇA,GABINETE DES. ALEXANDRE DE MORAIS KAFURI,2026-03-31,6,25.52,5
TRIBUNAL DE JUSTIÇA,GABINETE DES. ALEXANDRE DE MORAIS KAFURI,2026-04-30,6,26.33,6
TRIBUNAL DE JUSTIÇA,GABINETE DES. ALGOMIRO CARVALHO NETO,2025-11-30,6,10.03,1
TRIBUNAL DE JUSTIÇA,GABINETE DES. ALGOMIRO CARVALHO NETO,2025-12-31,6,10.08,2
TRIBUNAL DE JUSTIÇA,GABINETE DES. ALGOMIRO CARVALHO NETO,2026-01-31,6,10.12,3
TRIBUNAL DE JUSTIÇA,GABINETE DES. ALGOMIRO CARVALHO NETO,2026-02-28,6,10.16,4
TRIBUNAL DE JUSTIÇA,GABINETE DES. ALGOMIRO CARVALHO NETO,2026-03-31,6,10.21,5
TRIBUNAL DE JUSTIÇA,GABINETE DES. ALGOMIRO CARVALHO NETO,2026-04-30,6,10.25,6
TRIBUNAL DE JUSTIÇA,GABINETE DES. ALTAIR GUERRA DA COSTA,2025-11-30,6,15.56,1
TRIBUNAL DE JUSTIÇA,GABINETE DES. ALTAIR GUERRA DA COSTA,2025-12-31,6,15.86,2
TRIBUNAL DE JUSTIÇA,GABINETE DES. ALTAIR GUERRA DA COSTA,2026-01-31,6,16.16,3
TRIBUNAL DE JUSTIÇA,GABINETE DES. ALTAIR GUERRA DA COSTA,2026-02-28,6,16.42,4
TRIBUNAL DE JUSTIÇA,GABINETE DES. ALTAIR GUERRA DA COSTA,2026-03-31,6,16.72,5
TRIBUNAL DE JUSTIÇA,GABINETE DES. ALTAIR GUERRA DA COSTA,2026-04-30,6,17.01,6
TRIBUNAL DE JUSTIÇA,GABINETE DES. ALTAMIRO GARCIA FILHO,2025-11-30,6,32.3,1
TRIBUNAL DE JUSTIÇA,GABINETE DES. ALTAMIRO GARCIA FILHO,2025-12-31,6,33.28,2
TRIBUNAL DE JUSTIÇA,GABINETE DES. ALTAMIRO GARCIA FILHO,2026-01-31,6,34.25,3
TRIBUNAL DE JUSTIÇA,GABINETE DES. ALTAMIRO GARCIA FILHO,2026-02-28,6,35.13,4
TRIBUNAL DE JUSTIÇA,GABINETE DES. ALTAMIRO GARCIA FILHO,2026-03-31,6,36.11,5
TRIBUNAL DE JUSTIÇA,GABINETE DES. ALTAMIRO GARCIA FILHO,2026-04-30,6,37.05,6
TRIBUNAL DE JUSTIÇA,GABINETE DES. ANDERSON MÁXIMO DE HOLANDA,2025-11-30,6,21.17,1
TRIBUNAL DE JUSTIÇA,GABINETE DES. ANDERSON MÁXIMO DE HOLANDA,2025-12-31,6,22.17,2
TRIBUNAL DE JUSTIÇA,GABINETE DES. ANDERSON MÁXIMO DE HOLANDA,2026-01-31,6,23.16,3
TRIBUNAL DE JUSTIÇA,GABINETE DES. ANDERSON MÁXIMO DE HOLANDA,2026-02-28,6,24.06,4
TRIBUNAL DE JUSTIÇA,GABINETE DES. ANDERSON MÁXIMO DE HOLANDA,2026-03-31,6,25.05,5
TRIBUNAL DE JUSTIÇA,GABINETE DES. ANDERSON MÁXIMO DE HOLANDA,2026-04-30,6,26.02,6
TRIBUNAL DE JUSTIÇA,GABINETE DES. AURELIANO ALBUQUERQUE AMORIM,2025-11-30,6,6.68,1
TRIBUNAL DE JUSTIÇA,GABINETE DES. AURELIANO ALBUQUERQUE AMORIM,2025-12-31,6,6.42,2
TRIBUNAL DE JUSTIÇA,GABINETE DES. AURELIANO ALBUQUERQUE AMORIM,2026-01-31,6,6.17,3
TRIBUNAL DE JUSTIÇA,GABINETE DES. AURELIANO ALBUQUERQUE AMORIM,2026-02-28,6,5.94,4
TRIBUNAL DE JUSTIÇA,GABINETE DES. AURELIANO ALBUQUERQUE AMORIM,2026-03-31,6,5.68,5
TRIBUNAL DE JUSTIÇA,GABINETE DES. AURELIANO ALBUQUERQUE AMORIM,2026-04-30,6,5.43,6
TRIBUNAL DE JUSTIÇA,GABINETE DES. BRENO BOSS CACHAPUZ CAIADO,2025-11-30,6,17.98,1
TRIBUNAL DE JUSTIÇA,GABINETE DES. BRENO BOSS CACHAPUZ CAIADO,2025-12-31,6,17.98,2
TRIBUNAL DE JUSTIÇA,GABINETE DES. BRENO BOSS CACHAPUZ CAIADO,2026-01-31,6,17.98,3
TRIBUNAL DE JUSTIÇA,GABINETE DES. BRENO BOSS CACHAPUZ CAIADO,2026-02-28,6,17.97,4
TRIBUNAL DE JUSTIÇA,GABINETE DES. BRENO BOSS CACHAPUZ CAIADO,2026-03-31,6,17.97,5
TRIBUNAL DE JUSTIÇA,GABINETE DES. BRENO BOSS CACHAPUZ CAIADO,2026-04-30,6,17.97,6
TRIBUNAL DE JUSTIÇA,GABINETE DES. CARLOS ALBERTO FRANCA,2025-11-30,6,14.3,1
TRIBUNAL DE JUSTIÇA,GABINETE DES. CARLOS ALBERTO FRANCA,2025-12-31,6,14.52,2
TRIBUNAL DE JUSTIÇA,GABINETE DES. CARLOS ALBERTO FRANCA,2026-01-31,6,14.74,3
TRIBUNAL DE JUSTIÇA,GABINETE DES. CARLOS ALBERTO FRANCA,2026-02-28,6,14.94,4
TRIBUNAL DE JUSTIÇA,GABINETE DES. CARLOS ALBERTO FRANCA,2026-03-31,6,15.16,5
TRIBUNAL DE JUSTIÇA,GABINETE DES. CARLOS ALBERTO FRANCA,2026-04-30,6,15.38,6
TRIBUNAL DE JUSTIÇA,GABINETE DES. CARMECY ROSA MARIA A. DE OLIVEIRA,2025-11-30,6,12.07,1
TRIBUNAL DE JUSTIÇA,GABINETE DES. CARMECY ROSA MARIA A. DE OLIVEIRA,2025-12-31,6,12.49,2
TRIBUNAL DE JUSTIÇA,GABINETE DES. CARMECY ROSA MARIA A. DE OLIVEIRA,2026-01-31,6,12.92,3
TRIBUNAL DE JUSTIÇA,GABINETE DES. CARMECY ROSA MARIA A. DE OLIVEIRA,2026-02-28,6,13.3,4
TRIBUNAL DE JUSTIÇA,GABINETE DES. CARMECY ROSA MARIA A. DE OLIVEIRA,2026-03-31,6,13.73,5
TRIBUNAL DE JUSTIÇA,GABINETE DES. CARMECY ROSA MARIA A. DE OLIVEIRA,2026-04-30,6,14.14,6
TRIBUNAL DE JUSTIÇA,GABINETE DES. DELINTRO BELO DE ALMEIDA FILHO,2025-11-30,6,17.95,1
TRIBUNAL DE JUSTIÇA,GABINETE DES. DELINTRO BELO DE ALMEIDA FILHO,2025-12-31,6,18.45,2
TRIBUNAL DE JUSTIÇA,GABINETE DES. DELINTRO BELO DE ALMEIDA FILHO,2026-01-31,6,18.95,3
TRIBUNAL DE JUSTIÇA,GABINETE DES. DELINTRO BELO DE ALMEIDA FILHO,2026-02-28,6,19.4,4
TRIBUNAL DE JUSTIÇA,GABINETE DES. DELINTRO BELO DE ALMEIDA FILHO,2026-03-31,6,19.9,5
TRIBUNAL DE JUSTIÇA,GABINETE DES. DELINTRO BELO DE ALMEIDA FILHO,2026-04-30,6,20.38,6
TRIBUNAL DE JUSTIÇA,GABINETE DES. DONIZETE MARTINS DE OLIVEIRA,2025-11-30,6,10.64,1
TRIBUNAL DE JUSTIÇA,GABINETE DES. DONIZETE MARTINS DE OLIVEIRA,2025-12-31,6,11.02,2
TRIBUNAL DE JUSTIÇA,GABINETE DES. DONIZETE MARTINS DE OLIVEIRA,2026-01-31,6,11.39,3
TRIBUNAL DE JUSTIÇA,GABINETE DES. DONIZETE MARTINS DE OLIVEIRA,2026-02-28,6,11.73,4
TRIBUNAL DE JUSTIÇA,GABINETE DES. DONIZETE MARTINS DE OLIVEIRA,2026-03-31,6,12.11,5
TRIBUNAL DE JUSTIÇA,GABINETE DES. DONIZETE MARTINS DE OLIVEIRA,2026-04-30,6,12.47,6
TRIBUNAL DE JUSTIÇA,GABINETE DES. EDISON MIGUEL DA SILVA JR,2025-11-30,6,38.93,1
TRIBUNAL DE JUSTIÇA,GABINETE DES. EDISON MIGUEL DA SILVA JR,2025-12-31,6,39.99,2
TRIBUNAL DE JUSTIÇA,GABINETE DES. EDISON MIGUEL DA SILVA JR,2026-01-31,6,41.06,3
TRIBUNAL DE JUSTIÇA,GABINETE DES. EDISON MIGUEL DA SILVA JR,2026-02-28,6,42.02,4
TRIBUNAL DE JUSTIÇA,GABINETE DES. EDISON MIGUEL DA SILVA JR,2026-03-31,6,43.08,5
TRIBUNAL DE JUSTIÇA,GABINETE DES. EDISON MIGUEL DA SILVA JR,2026-04-30,6,44.11,6
TRIBUNAL DE JUSTIÇA,GABINETE DES. EDUARDO ABDON MOURA,2025-11-30,6,49.32,1
TRIBUNAL DE JUSTIÇA,GABINETE DES. EDUARDO ABDON MOURA,2025-12-31,6,51.62,2
TRIBUNAL DE JUSTIÇA,GABINETE DES. EDUARDO ABDON MOURA,2026-01-31,6,53.92,3
TRIBUNAL DE JUSTIÇA,GABINETE DES. EDUARDO ABDON MOURA,2026-02-28,6,56.0,4
TRIBUNAL DE JUSTIÇA,GABINETE DES. EDUARDO ABDON MOURA,2026-03-31,6,58.3,5
TRIBUNAL DE JUSTIÇA,GABINETE DES. EDUARDO ABDON MOURA,2026-04-30,6,60.52,6
TRIBUNAL DE JUSTIÇA,GABINETE DES. ELISEU JOSÉ TAVEIRA VIEIRA,2025-11-30,6,19.31,1
TRIBUNAL DE JUSTIÇA,GABINETE DES. ELISEU JOSÉ TAVEIRA VIEIRA,2025-12-31,6,19.81,2
TRIBUNAL DE JUSTIÇA,GABINETE DES. ELISEU JOSÉ TAVEIRA VIEIRA,2026-01-31,6,20.3,3
TRIBUNAL DE JUSTIÇA,GABINETE DES. ELISEU JOSÉ TAVEIRA VIEIRA,2026-02-28,6,20.75,4
TRIBUNAL DE JUSTIÇA,GABINETE DES. ELISEU JOSÉ TAVEIRA VIEIRA,2026-03-31,6,21.25,5
TRIBUNAL DE JUSTIÇA,GABINETE DES. ELISEU JOSÉ TAVEIRA VIEIRA,2026-04-30,6,21.73,6
TRIBUNAL DE JUSTIÇA,GABINETE DES. FABIANO ABEL DE ARAGÃO FERNANDES,2025-11-30,6,23.46,1
TRIBUNAL DE JUSTIÇA,GABINETE DES. FABIANO ABEL DE ARAGÃO FERNANDES,2025-12-31,6,23.76,2
TRIBUNAL DE JUSTIÇA,GABINETE DES. FABIANO ABEL DE ARAGÃO FERNANDES,2026-01-31,6,24.05,3
TRIBUNAL DE JUSTIÇA,GABINETE DES. FABIANO ABEL DE ARAGÃO FERNANDES,2026-02-28,6,24.31,4
TRIBUNAL DE JUSTIÇA,GABINETE DES. FABIANO ABEL DE ARAGÃO FERNANDES,2026-03-31,6,24.6,5
TRIBUNAL DE JUSTIÇA,GABINETE DES. FABIANO ABEL DE ARAGÃO FERNANDES,2026-04-30,6,24.88,6
TRIBUNAL DE JUSTIÇA,GABINETE DES. FABIO CRISTOVAO DE CAMPOS FARIA,2025-11-30,6,12.14,1
TRIBUNAL DE JUSTIÇA,GABINETE DES. FABIO CRISTOVAO DE CAMPOS FARIA,2025-12-31,6,12.46,2
TRIBUNAL DE JUSTIÇA,GABINETE DES. FABIO CRISTOVAO DE CAMPOS FARIA,2026-01-31,6,12.78,3
TRIBUNAL DE JUSTIÇA,GABINETE DES. FABIO CRISTOVAO DE CAMPOS FARIA,2026-02-28,6,13.07,4
TRIBUNAL DE JUSTIÇA,GABINETE DES. FABIO CRISTOVAO DE CAMPOS FARIA,2026-03-31,6,13.39,5
TRIBUNAL DE JUSTIÇA,GABINETE DES. FABIO CRISTOVAO DE CAMPOS FARIA,2026-04-30,6,13.7,6
TRIBUNAL DE JUSTIÇA,GABINETE DES. FERNANDO BRAGA VIGGIANO,2025-11-30,6,55.47,1
TRIBUNAL DE JUSTIÇA,GABINETE DES. FERNANDO BRAGA VIGGIANO,2025-12-31,6,58.18,2
TRIBUNAL DE JUSTIÇA,GABINETE DES. FERNANDO BRAGA VIGGIANO,2026-01-31,6,60.89,3
TRIBUNAL DE JUSTIÇA,GABINETE DES. FERNANDO BRAGA VIGGIANO,2026-02-28,6,63.35,4
TRIBUNAL DE JUSTIÇA,GABINETE DES. FERNANDO BRAGA VIGGIANO,2026-03-31,6,66.06,5
TRIBUNAL DE JUSTIÇA,GABINETE DES. FERNANDO BRAGA VIGGIANO,2026-04-30,6,68.68,6
TRIBUNAL DE JUSTIÇA,GABINETE DES. FERNANDO DE CASTRO MESQUITA,2025-11-30,6,62.23,1
TRIBUNAL DE JUSTIÇA,GABINETE DES. FERNANDO DE CASTRO MESQUITA,2025-12-31,6,64.06,2
TRIBUNAL DE JUSTIÇA,GABINETE DES. FERNANDO DE CASTRO MESQUITA,2026-01-31,6,65.9,3
TRIBUNAL DE JUSTIÇA,GABINETE DES. FERNANDO DE CASTRO MESQUITA,2026-02-28,6,67.55,4
TRIBUNAL DE JUSTIÇA,GABINETE DES. FERNANDO DE CASTRO MESQUITA,2026-03-31,6,69.39,5
TRIBUNAL DE JUSTIÇA,GABINETE DES. FERNANDO DE CASTRO MESQUITA,2026-04-30,6,71.16,6
TRIBUNAL DE JUSTIÇA,GABINETE DES. FERNANDO DE MELLO XAVIER,2025-11-30,6,16.64,1
TRIBUNAL DE JUSTIÇA,GABINETE DES. FERNANDO DE MELLO XAVIER,2025-12-31,6,17.02,2
TRIBUNAL DE JUSTIÇA,GABINETE DES. FERNANDO DE MELLO XAVIER,2026-01-31,6,17.39,3
TRIBUNAL DE JUSTIÇA,GABINETE DES. FERNANDO DE MELLO XAVIER,2026-02-28,6,17.73,4
TRIBUNAL DE JUSTIÇA,GABINETE DES. FERNANDO DE MELLO XAVIER,2026-03-31,6,18.11,5
TRIBUNAL DE JUSTIÇA,GABINETE DES. FERNANDO DE MELLO XAVIER,2026-04-30,6,18.47,6
TRIBUNAL DE JUSTIÇA,GABINETE DES. FERNANDO RIBEIRO MONTEFUSCO,2025-11-30,6,15.92,1
TRIBUNAL DE JUSTIÇA,GABINETE DES. FERNANDO RIBEIRO MONTEFUSCO,2025-12-31,6,16.18,2
TRIBUNAL DE JUSTIÇA,GABINETE DES. FERNANDO RIBEIRO MONTEFUSCO,2026-01-31,6,16.43,3
TRIBUNAL DE JUSTIÇA,GABINETE DES. FERNANDO RIBEIRO MONTEFUSCO,2026-02-28,6,16.67,4
TRIBUNAL DE JUSTIÇA,GABINETE DES. FERNANDO RIBEIRO MONTEFUSCO,2026-03-31,6,16.92,5
TRIBUNAL DE JUSTIÇA,GABINETE DES. FERNANDO RIBEIRO MONTEFUSCO,2026-04-30,6,17.17,6
TRIBUNAL DE JUSTIÇA,GABINETE DES. GERSON SANTANA CINTRA,2025-11-30,6,31.22,1
TRIBUNAL DE JUSTIÇA,GABINETE DES. GERSON SANTANA CINTRA,2025-12-31,6,31.97,2
TRIBUNAL DE JUSTIÇA,GABINETE DES. GERSON SANTANA CINTRA,2026-01-31,6,32.71,3
TRIBUNAL DE JUSTIÇA,GABINETE DES. GERSON SANTANA CINTRA,2026-02-28,6,33.39,4
TRIBUNAL DE JUSTIÇA,GABINETE DES. GERSON SANTANA CINTRA,2026-03-31,6,34.13,5
TRIBUNAL DE JUSTIÇA,GABINETE DES. GERSON SANTANA CINTRA,2026-04-30,6,34.86,6
TRIBUNAL DE JUSTIÇA,GABINETE DES. GILBERTO MARQUES FILHO,2025-11-30,6,52.41,1
TRIBUNAL DE JUSTIÇA,GABINETE DES. GILBERTO MARQUES FILHO,2025-12-31,6,53.85,2
TRIBUNAL DE JUSTIÇA,GABINETE DES. GILBERTO MARQUES FILHO,2026-01-31,6,55.3,3
TRIBUNAL DE JUSTIÇA,GABINETE DES. GILBERTO MARQUES FILHO,2026-02-28,6,56.61,4
TRIBUNAL DE JUSTIÇA,GABINETE DES. GILBERTO MARQUES FILHO,2026-03-31,6,58.05,5
TRIBUNAL DE JUSTIÇA,GABINETE DES. GILBERTO MARQUES FILHO,2026-04-30,6,59.45,6
TRIBUNAL DE JUSTIÇA,GABINETE DES. GUILHERME GUTEMBERG ISAC PINTO,2025-11-30,6,26.27,1
TRIBUNAL DE JUSTIÇA,GABINETE DES. GUILHERME GUTEMBERG ISAC PINTO,2025-12-31,6,26.8,2
TRIBUNAL DE JUSTIÇA,GABINETE DES. GUILHERME GUTEMBERG ISAC PINTO,2026-01-31,6,27.33,3
TRIBUNAL DE JUSTIÇA,GABINETE DES. GUILHERME GUTEMBERG ISAC PINTO,2026-02-28,6,27.81,4
TRIBUNAL DE JUSTIÇA,GABINETE DES. GUILHERME GUTEMBERG ISAC PINTO,2026-03-31,6,28.34,5
TRIBUNAL DE JUSTIÇA,GABINETE DES. GUILHERME GUTEMBERG ISAC PINTO,2026-04-30,6,28.86,6
TRIBUNAL DE JUSTIÇA,GABINETE DES. HEBER CARLOS DE OLIVEIRA,2025-11-30,6,14.9,1
TRIBUNAL DE JUSTIÇA,GABINETE DES. HEBER CARLOS DE OLIVEIRA,2025-12-31,6,15.11,2
TRIBUNAL DE JUSTIÇA,GABINETE DES. HEBER CARLOS DE OLIVEIRA,2026-01-31,6,15.32,3
TRIBUNAL DE JUSTIÇA,GABINETE DES. HEBER CARLOS DE OLIVEIRA,2026-02-28,6,15.51,4
TRIBUNAL DE JUSTIÇA,GABINETE DES. HEBER CARLOS DE OLIVEIRA,2026-03-31,6,15.72,5
TRIBUNAL DE JUSTIÇA,GABINETE DES. HEBER CARLOS DE OLIVEIRA,2026-04-30,6,15.92,6
TRIBUNAL DE JUSTIÇA,GABINETE DES. ITAMAR DE LIMA,2025-11-30,6,47.46,1
TRIBUNAL DE JUSTIÇA,GABINETE DES. ITAMAR DE LIMA,2025-12-31,6,48.56,2
TRIBUNAL DE JUSTIÇA,GABINETE DES. ITAMAR DE LIMA,2026-01-31,6,49.65,3
TRIBUNAL DE JUSTIÇA,GABINETE DES. ITAMAR DE LIMA,2026-02-28,6,50.64,4
TRIBUNAL DE JUSTIÇA,GABINETE DES. ITAMAR DE LIMA,2026-03-31,6,51.73,5
TRIBUNAL DE JUSTIÇA,GABINETE DES. ITAMAR DE LIMA,2026-04-30,6,52.79,6
TRIBUNAL DE JUSTIÇA,GABINETE DES. ITANEY FRANCISCO CAMPOS,2025-11-30,6,15.42,1
TRIBUNAL DE JUSTIÇA,GABINETE DES. ITANEY FRANCISCO CAMPOS,2025-12-31,6,15.85,2
TRIBUNAL DE JUSTIÇA,GABINETE DES. ITANEY FRANCISCO CAMPOS,2026-01-31,6,16.29,3
TRIBUNAL DE JUSTIÇA,GABINETE DES. ITANEY FRANCISCO CAMPOS,2026-02-28,6,16.69,4
TRIBUNAL DE JUSTIÇA,GABINETE DES. ITANEY FRANCISCO CAMPOS,2026-03-31,6,17.13,5
TRIBUNAL DE JUSTIÇA,GABINETE DES. ITANEY FRANCISCO CAMPOS,2026-04-30,6,17.55,6
TRIBUNAL DE JUSTIÇA,GABINETE DES. IVO FAVARO,2025-11-30,6,19.27,1
TRIBUNAL DE JUSTIÇA,GABINETE DES. IVO FAVARO,2025-12-31,6,20.04,2
TRIBUNAL DE JUSTIÇA,GABINETE DES. IVO FAVARO,2026-01-31,6,20.81,3
TRIBUNAL DE JUSTIÇA,GABINETE DES. IVO FAVARO,2026-02-28,6,21.51,4
TRIBUNAL DE JUSTIÇA,GABINETE DES. IVO FAVARO,2026-03-31,6,22.28,5
TRIBUNAL DE JUSTIÇA,GABINETE DES. IVO FAVARO,2026-04-30,6,23.02,6
TRIBUNAL DE JUSTIÇA,GABINETE DES. JEOVA SARDINHA DE MORAES,2025-11-30,6,53.02,1
TRIBUNAL DE JUSTIÇA,GABINETE DES. JEOVA SARDINHA DE MORAES,2025-12-31,6,55.6,2
TRIBUNAL DE JUSTIÇA,GABINETE DES. JEOVA SARDINHA DE MORAES,2026-01-31,6,58.17,3
TRIBUNAL DE JUSTIÇA,GABINETE DES. JEOVA SARDINHA DE MORAES,2026-02-28,6,60.5,4
TRIBUNAL DE JUSTIÇA,GABINETE DES. JEOVA SARDINHA DE MORAES,2026-03-31,6,63.08,5
TRIBUNAL DE JUSTIÇA,GABINETE DES. JEOVA SARDINHA DE MORAES,2026-04-30,6,65.57,6
TRIBUNAL DE JUSTIÇA,GABINETE DES. JERONYMO PEDRO VILLAS BOAS,2025-11-30,6,30.72,1
TRIBUNAL DE JUSTIÇA,GABINETE DES. JERONYMO PEDRO VILLAS BOAS,2025-12-31,6,31.32,2
TRIBUNAL DE JUSTIÇA,GABINETE DES. JERONYMO PEDRO VILLAS BOAS,2026-01-31,6,31.92,3
TRIBUNAL DE JUSTIÇA,GABINETE DES. JERONYMO PEDRO VILLAS BOAS,2026-02-28,6,32.46,4
TRIBUNAL DE JUSTIÇA,GABINETE DES. JERONYMO PEDRO VILLAS BOAS,2026-03-31,6,33.06,5
TRIBUNAL DE JUSTIÇA,GABINETE DES. JERONYMO PEDRO VILLAS BOAS,2026-04-30,6,33.64,6
TRIBUNAL DE JUSTIÇA,GABINETE DES. JOSÉ CARLOS DUARTE,2025-11-30,6,11.45,1
TRIBUNAL DE JUSTIÇA,GABINETE DES. JOSÉ CARLOS DUARTE,2025-12-31,6,11.54,2
TRIBUNAL DE JUSTIÇA,GABINETE DES. JOSÉ CARLOS DUARTE,2026-01-31,6,11.63,3
TRIBUNAL DE JUSTIÇA,GABINETE DES. JOSÉ CARLOS DUARTE,2026-02-28,6,11.72,4
TRIBUNAL DE JUSTIÇA,GABINETE DES. JOSÉ CARLOS DUARTE,2026-03-31,6,11.81,5
TRIBUNAL DE JUSTIÇA,GABINETE DES. JOSÉ CARLOS DUARTE,2026-04-30,6,11.9,6
TRIBUNAL DE JUSTIÇA,GABINETE DES. JOSÉ PAGANUCCI JÚNIOR,2025-11-30,6,6.9,1
TRIBUNAL DE JUSTIÇA,GABINETE DES. JOSÉ PAGANUCCI JÚNIOR,2025-12-31,6,7.08,2
TRIBUNAL DE JUSTIÇA,GABINETE DES. JOSÉ PAGANUCCI JÚNIOR,2026-01-31,6,7.27,3
TRIBUNAL DE JUSTIÇA,GABINETE DES. JOSÉ PAGANUCCI JÚNIOR,2026-02-28,6,7.44,4
TRIBUNAL DE JUSTIÇA,GABINETE DES. JOSÉ PAGANUCCI JÚNIOR,2026-03-31,6,7.63,5
TRIBUNAL DE JUSTIÇA,GABINETE DES. JOSÉ PAGANUCCI JÚNIOR,2026-04-30,6,7.82,6
TRIBUNAL DE JUSTIÇA,GABINETE DES. JOSÉ PROTO DE OLIVEIRA,2025-11-30,6,23.91,1
TRIBUNAL DE JUSTIÇA,GABINETE DES. JOSÉ PROTO DE OLIVEIRA,2025-12-31,6,24.53,2
TRIBUNAL DE JUSTIÇA,GABINETE DES. JOSÉ PROTO DE OLIVEIRA,2026-01-31,6,25.15,3
TRIBUNAL DE JUSTIÇA,GABINETE DES. JOSÉ PROTO DE OLIVEIRA,2026-02-28,6,25.71,4
TRIBUNAL DE JUSTIÇA,GABINETE DES. JOSÉ PROTO DE OLIVEIRA,2026-03-31,6,26.33,5
TRIBUNAL DE JUSTIÇA,GABINETE DES. JOSÉ PROTO DE OLIVEIRA,2026-04-30,6,26.92,6
TRIBUNAL DE JUSTIÇA,GABINETE DES. JOSÉ RICARDO MARCOS MACHADO,2025-11-30,6,24.87,1
TRIBUNAL DE JUSTIÇA,GABINETE DES. JOSÉ RICARDO MARCOS MACHADO,2025-12-31,6,26.05,2
TRIBUNAL DE JUSTIÇA,GABINETE DES. JOSÉ RICARDO MARCOS MACHADO,2026-01-31,6,27.22,3
TRIBUNAL DE JUSTIÇA,GABINETE DES. JOSÉ RICARDO MARCOS MACHADO,2026-02-28,6,28.29,4
TRIBUNAL DE JUSTIÇA,GABINETE DES. JOSÉ RICARDO MARCOS MACHADO,2026-03-31,6,29.47,5
TRIBUNAL DE JUSTIÇA,GABINETE DES. JOSÉ RICARDO MARCOS MACHADO,2026-04-30,6,30.6,6
TRIBUNAL DE JUSTIÇA,GABINETE DES. KISLEU DIAS MACIEL FILHO,2025-11-30,6,49.55,1
TRIBUNAL DE JUSTIÇA,GABINETE DES. KISLEU DIAS MACIEL FILHO,2025-12-31,6,50.87,2
TRIBUNAL DE JUSTIÇA,GABINETE DES. KISLEU DIAS MACIEL FILHO,2026-01-31,6,52.19,3
TRIBUNAL DE JUSTIÇA,GABINETE DES. KISLEU DIAS MACIEL FILHO,2026-02-28,6,53.38,4
TRIBUNAL DE JUSTIÇA,GABINETE DES. KISLEU DIAS MACIEL FILHO,2026-03-31,6,54.7,5
TRIBUNAL DE JUSTIÇA,GABINETE DES. KISLEU DIAS MACIEL FILHO,2026-04-30,6,55.98,6
TRIBUNAL DE JUSTIÇA,GABINETE DES. LUIZ CLAUDIO VEIGA BRAGA,2025-11-30,6,12.8,1
TRIBUNAL DE JUSTIÇA,GABINETE DES. LUIZ CLAUDIO VEIGA BRAGA,2025-12-31,6,13.16,2
TRIBUNAL DE JUSTIÇA,GABINETE DES. LUIZ CLAUDIO VEIGA BRAGA,2026-01-31,6,13.51,3
TRIBUNAL DE JUSTIÇA,GABINETE DES. LUIZ CLAUDIO VEIGA BRAGA,2026-02-28,6,13.83,4
TRIBUNAL DE JUSTIÇA,GABINETE DES. LUIZ CLAUDIO VEIGA BRAGA,2026-03-31,6,14.19,5
TRIBUNAL DE JUSTIÇA,GABINETE DES. LUIZ CLAUDIO VEIGA BRAGA,2026-04-30,6,14.53,6
TRIBUNAL DE JUSTIÇA,GABINETE DES. LUIZ EDUARDO DE SOUSA,2025-11-30,6,38.03,1
TRIBUNAL DE JUSTIÇA,GABINETE DES. LUIZ EDUARDO DE SOUSA,2025-12-31,6,39.57,2
TRIBUNAL DE JUSTIÇA,GABINETE DES. LUIZ EDUARDO DE SOUSA,2026-01-31,6,41.12,3
TRIBUNAL DE JUSTIÇA,GABINETE DES. LUIZ EDUARDO DE SOUSA,2026-02-28,6,42.52,4
TRIBUNAL DE JUSTIÇA,GABINETE DES. LUIZ EDUARDO DE SOUSA,2026-03-31,6,44.07,5
TRIBUNAL DE JUSTIÇA,GABINETE DES. LUIZ EDUARDO DE SOUSA,2026-04-30,6,45.56,6
TRIBUNAL DE JUSTIÇA,GABINETE DES. MAURÍCIO PORFÍRIO ROSA,2025-11-30,6,18.24,1
TRIBUNAL DE JUSTIÇA,GABINETE DES. MAURÍCIO PORFÍRIO ROSA,2025-12-31,6,18.74,2
TRIBUNAL DE JUSTIÇA,GABINETE DES. MAURÍCIO PORFÍRIO ROSA,2026-01-31,6,19.23,3
TRIBUNAL DE JUSTIÇA,GABINETE DES. MAURÍCIO PORFÍRIO ROSA,2026-02-28,6,19.68,4
TRIBUNAL DE JUSTIÇA,GABINETE DES. MAURÍCIO PORFÍRIO ROSA,2026-03-31,6,20.18,5
TRIBUNAL DE JUSTIÇA,GABINETE DES. MAURÍCIO PORFÍRIO ROSA,2026-04-30,6,20.66,6
TRIBUNAL DE JUSTIÇA,GABINETE DES. MURILO VIEIRA DE FARIA,2025-11-30,6,44.41,1
TRIBUNAL DE JUSTIÇA,GABINETE DES. MURILO VIEIRA DE FARIA,2025-12-31,6,45.4,2
TRIBUNAL DE JUSTIÇA,GABINETE DES. MURILO VIEIRA DE FARIA,2026-01-31,6,46.39,3
TRIBUNAL DE JUSTIÇA,GABINETE DES. MURILO VIEIRA DE FARIA,2026-02-28,6,47.29,4
TRIBUNAL DE JUSTIÇA,GABINETE DES. MURILO VIEIRA DE FARIA,2026-03-31,6,48.28,5
TRIBUNAL DE JUSTIÇA,GABINETE DES. MURILO VIEIRA DE FARIA,2026-04-30,6,49.24,6
TRIBUNAL DE JUSTIÇA,GABINETE DES. OSCAR DE OLIVEIRA SÁ NETO,2025-11-30,6,14.03,1
TRIBUNAL DE JUSTIÇA,GABINETE DES. OSCAR DE OLIVEIRA SÁ NETO,2025-12-31,6,14.46,2
TRIBUNAL DE JUSTIÇA,GABINETE DES. OSCAR DE OLIVEIRA SÁ NETO,2026-01-31,6,14.89,3
TRIBUNAL DE JUSTIÇA,GABINETE DES. OSCAR DE OLIVEIRA SÁ NETO,2026-02-28,6,15.28,4
TRIBUNAL DE JUSTIÇA,GABINETE DES. OSCAR DE OLIVEIRA SÁ NETO,2026-03-31,6,15.72,5
TRIBUNAL DE JUSTIÇA,GABINETE DES. OSCAR DE OLIVEIRA SÁ NETO,2026-04-30,6,16.14,6
TRIBUNAL DE JUSTIÇA,GABINETE DES. PAULO CÉSAR ALVES DAS NEVES,2025-11-30,6,20.41,1
TRIBUNAL DE JUSTIÇA,GABINETE DES. PAULO CÉSAR ALVES DAS NEVES,2025-12-31,6,21.32,2
TRIBUNAL DE JUSTIÇA,GABINETE DES. PAULO CÉSAR ALVES DAS NEVES,2026-01-31,6,22.24,3
TRIBUNAL DE JUSTIÇA,GABINETE DES. PAULO CÉSAR ALVES DAS NEVES,2026-02-28,6,23.07,4
TRIBUNAL DE JUSTIÇA,GABINETE DES. PAULO CÉSAR ALVES DAS NEVES,2026-03-31,6,23.98,5
TRIBUNAL DE JUSTIÇA,GABINETE DES. PAULO CÉSAR ALVES DAS NEVES,2026-04-30,6,24.87,6
TRIBUNAL DE JUSTIÇA,GABINETE DES. REINALDO ALVES FERREIRA,2025-11-30,6,9.7,1
TRIBUNAL DE JUSTIÇA,GABINETE DES. REINALDO ALVES FERREIRA,2025-12-31,6,9.8,2
TRIBUNAL DE JUSTIÇA,GABINETE DES. REINALDO ALVES FERREIRA,2026-01-31,6,9.89,3
TRIBUNAL DE JUSTIÇA,GABINETE DES. REINALDO ALVES FERREIRA,2026-02-28,6,9.97,4
TRIBUNAL DE JUSTIÇA,GABINETE DES. REINALDO ALVES FERREIRA,2026-03-31,6,10.07,5
TRIBUNAL DE JUSTIÇA,GABINETE DES. REINALDO ALVES FERREIRA,2026-04-30,6,10.16,6
TRIBUNAL DE JUSTIÇA,GABINETE DES. ROBERTO HORACIO REZENDE,2025-11-30,6,24.65,1
TRIBUNAL DE JUSTIÇA,GABINETE DES. ROBERTO HORACIO REZENDE,2025-12-31,6,25.4,2
TRIBUNAL DE JUSTIÇA,GABINETE DES. ROBERTO HORACIO REZENDE,2026-01-31,6,26.14,3
TRIBUNAL DE JUSTIÇA,GABINETE DES. ROBERTO HORACIO REZENDE,2026-02-28,6,26.81,4
TRIBUNAL DE JUSTIÇA,GABINETE DES. ROBERTO HORACIO REZENDE,2026-03-31,6,27.55,5
TRIBUNAL DE JUSTIÇA,GABINETE DES. ROBERTO HORACIO REZENDE,2026-04-30,6,28.27,6
TRIBUNAL DE JUSTIÇA,GABINETE DES. RODRIGO DE SILVEIRA,2025-11-30,6,38.43,1
TRIBUNAL DE JUSTIÇA,GABINETE DES. RODRIGO DE SILVEIRA,2025-12-31,6,39.19,2
TRIBUNAL DE JUSTIÇA,GABINETE DES. RODRIGO DE SILVEIRA,2026-01-31,6,39.95,3
TRIBUNAL DE JUSTIÇA,GABINETE DES. RODRIGO DE SILVEIRA,2026-02-28,6,40.64,4
TRIBUNAL DE JUSTIÇA,GABINETE DES. RODRIGO DE SILVEIRA,2026-03-31,6,41.4,5
TRIBUNAL DE JUSTIÇA,GABINETE DES. RODRIGO DE SILVEIRA,2026-04-30,6,42.14,6
TRIBUNAL DE JUSTIÇA,GABINETE DES. RONNIE PAES SANDRE,2025-11-30,6,19.28,1
TRIBUNAL DE JUSTIÇA,GABINETE DES. RONNIE PAES SANDRE,2025-12-31,6,20.13,2
TRIBUNAL DE JUSTIÇA,GABINETE DES. RONNIE PAES SANDRE,2026-01-31,6,20.97,3
TRIBUNAL DE JUSTIÇA,GABINETE DES. RONNIE PAES SANDRE,2026-02-28,6,21.74,4
TRIBUNAL DE JUSTIÇA,GABINETE DES. RONNIE PAES SANDRE,2026-03-31,6,22.58,5
TRIBUNAL DE JUSTIÇA,GABINETE DES. RONNIE PAES SANDRE,2026-04-30,6,23.4,6
TRIBUNAL DE JUSTIÇA,GABINETE DES. SEBASTIAO LUIZ FLEURY,2025-11-30,6,19.23,1
TRIBUNAL DE JUSTIÇA,GABINETE DES. SEBASTIAO LUIZ FLEURY,2025-12-31,6,19.36,2
TRIBUNAL DE JUSTIÇA,GABINETE DES. SEBASTIAO LUIZ FLEURY,2026-01-31,6,19.5,3
TRIBUNAL DE JUSTIÇA,GABINETE DES. SEBASTIAO LUIZ FLEURY,2026-02-28,6,19.62,4
TRIBUNAL DE JUSTIÇA,GABINETE DES. SEBASTIAO LUIZ FLEURY,2026-03-31,6,19.76,5
TRIBUNAL DE JUSTIÇA,GABINETE DES. SEBASTIAO LUIZ FLEURY,2026-04-30,6,19.89,6
TRIBUNAL DE JUSTIÇA,GABINETE DES. SERGIO MENDONÇA DE ARAÚJO,2025-11-30,6,36.9,1
TRIBUNAL DE JUSTIÇA,GABINETE DES. SERGIO MENDONÇA DE ARAÚJO,2025-12-31,6,37.17,2
TRIBUNAL DE JUSTIÇA,GABINETE DES. SERGIO MENDONÇA DE ARAÚJO,2026-01-31,6,37.44,3
TRIBUNAL DE JUSTIÇA,GABINETE DES. SERGIO MENDONÇA DE ARAÚJO,2026-02-28,6,37.69,4
TRIBUNAL DE JUSTIÇA,GABINETE DES. SERGIO MENDONÇA DE ARAÚJO,2026-03-31,6,37.96,5
TRIBUNAL DE JUSTIÇA,GABINETE DES. SERGIO MENDONÇA DE ARAÚJO,2026-04-30,6,38.23,6
TRIBUNAL DE JUSTIÇA,GABINETE DES. SILVÂNIO DIVINO DE ALVARENGA,2025-11-30,6,28.26,1
TRIBUNAL DE JUSTIÇA,GABINETE DES. SILVÂNIO DIVINO DE ALVARENGA,2025-12-31,6,29.58,2
TRIBUNAL DE JUSTIÇA,GABINETE DES. SILVÂNIO DIVINO DE ALVARENGA,2026-01-31,6,30.91,3
TRIBUNAL DE JUSTIÇA,GABINETE DES. SILVÂNIO DIVINO DE ALVARENGA,2026-02-28,6,32.1,4
TRIBUNAL DE JUSTIÇA,GABINETE DES. SILVÂNIO DIVINO DE ALVARENGA,2026-03-31,6,33.42,5
TRIBUNAL DE JUSTIÇA,GABINETE DES. SILVÂNIO DIVINO DE ALVARENGA,2026-04-30,6,34.7,6
TRIBUNAL DE JUSTIÇA,GABINETE DES. SIVAL GUERRA PIRES,2025-11-30,6,18.82,1
TRIBUNAL DE JUSTIÇA,GABINETE DES. SIVAL GUERRA PIRES,2025-12-31,6,19.67,2
TRIBUNAL DE JUSTIÇA,GABINETE DES. SIVAL GUERRA PIRES,2026-01-31,6,20.52,3
TRIBUNAL DE JUSTIÇA,GABINETE DES. SIVAL GUERRA PIRES,2026-02-28,6,21.29,4
TRIBUNAL DE JUSTIÇA,GABINETE DES. SIVAL GUERRA PIRES,2026-03-31,6,22.15,5
TRIBUNAL DE JUSTIÇA,GABINETE DES. SIVAL GUERRA PIRES,2026-04-30,6,22.97,6
TRIBUNAL DE JUSTIÇA,GABINETE DES. VICENTE LOPES DA ROCHA JÚNIOR,2025-11-30,6,31.42,1
TRIBUNAL DE JUSTIÇA,GABINETE DES. VICENTE LOPES DA ROCHA JÚNIOR,2025-12-31,6,31.81,2
TRIBUNAL DE JUSTIÇA,GABINETE DES. VICENTE LOPES DA ROCHA JÚNIOR,2026-01-31,6,32.2,3
TRIBUNAL DE JUSTIÇA,GABINETE DES. VICENTE LOPES DA ROCHA JÚNIOR,2026-02-28,6,32.55,4
TRIBUNAL DE JUSTIÇA,GABINETE DES. VICENTE LOPES DA ROCHA JÚNIOR,2026-03-31,6,32.93,5
TRIBUNAL DE JUSTIÇA,GABINETE DES. VICENTE LOPES DA ROCHA JÚNIOR,2026-04-30,6,33.31,6
TRIBUNAL DE JUSTIÇA,GABINETE DES. WILD AFONSO OGAWA,2025-11-30,6,7.34,1
TRIBUNAL DE JUSTIÇA,GABINETE DES. WILD AFONSO OGAWA,2025-12-31,6,7.7,2
TRIBUNAL DE JUSTIÇA,GABINETE DES. WILD AFONSO OGAWA,2026-01-31,6,8.06,3
TRIBUNAL DE JUSTIÇA,GABINETE DES. WILD AFONSO OGAWA,2026-02-28,6,8.39,4
TRIBUNAL DE JUSTIÇA,GABINETE DES. WILD AFONSO OGAWA,2026-03-31,6,8.75,5
TRIBUNAL DE JUSTIÇA,GABINETE DES. WILD AFONSO OGAWA,2026-04-30,6,9.1,6
TRIBUNAL DE JUSTIÇA,GABINETE DES. WILLIAM COSTA MELLO,2025-11-30,6,17.25,1
TRIBUNAL DE JUSTIÇA,GABINETE DES. WILLIAM COSTA MELLO,2025-12-31,6,17.44,2
TRIBUNAL DE JUSTIÇA,GABINETE DES. WILLIAM COSTA MELLO,2026-01-31,6,17.62,3
TRIBUNAL DE JUSTIÇA,GABINETE DES. WILLIAM COSTA MELLO,2026-02-28,6,17.79,4
TRIBUNAL DE JUSTIÇA,GABINETE DES. WILLIAM COSTA MELLO,2026-03-31,6,17.98,5
TRIBUNAL DE JUSTIÇA,GABINETE DES. WILLIAM COSTA MELLO,2026-04-30,6,18.16,6
TRIBUNAL DE JUSTIÇA,GABINETE DES. WILSON DA SILVA DIAS,2025-11-30,6,5.72,1
TRIBUNAL DE JUSTIÇA,GABINETE DES. WILSON DA SILVA DIAS,2025-12-31,6,5.9,2
TRIBUNAL DE JUSTIÇA,GABINETE DES. WILSON DA SILVA DIAS,2026-01-31,6,6.07,3
TRIBUNAL DE JUSTIÇA,GABINETE DES. WILSON DA SILVA DIAS,2026-02-28,6,6.22,4
TRIBUNAL DE JUSTIÇA,GABINETE DES. WILSON DA SILVA DIAS,2026-03-31,6,6.39,5
TRIBUNAL DE JUSTIÇA,GABINETE DES. WILSON DA SILVA DIAS,2026-04-30,6,6.56,6
TRIBUNAL DE JUSTIÇA,GABINETE DES. WILSON SAFATLE FAIAD,2025-11-30,6,14.23,1
TRIBUNAL DE JUSTIÇA,GABINETE DES. WILSON SAFATLE FAIAD,2025-12-31,6,14.8,2
TRIBUNAL DE JUSTIÇA,GABINETE DES. WILSON SAFATLE FAIAD,2026-01-31,6,15.37,3
TRIBUNAL DE JUSTIÇA,GABINETE DES. WILSON SAFATLE FAIAD,2026-02-28,6,15.88,4
TRIBUNAL DE JUSTIÇA,GABINETE DES. WILSON SAFATLE FAIAD,2026-03-31,6,16.45,5
TRIBUNAL DE JUSTIÇA,GABINETE DES. WILSON SAFATLE FAIAD,2026-04-30,6,17.0,6
TRIBUNAL DE JUSTIÇA,GABINETE DES. WILTON MÜLLER SALOMÃO,2025-11-30,6,22.16,1
TRIBUNAL DE JUSTIÇA,GABINETE DES. WILTON MÜLLER SALOMÃO,2025-12-31,6,22.88,2
TRIBUNAL DE JUSTIÇA,GABINETE DES. WILTON MÜLLER SALOMÃO,2026-01-31,6,23.6,3
TRIBUNAL DE JUSTIÇA,GABINETE DES. WILTON MÜLLER SALOMÃO,2026-02-28,6,24.25,4
TRIBUNAL DE JUSTIÇA,GABINETE DES. WILTON MÜLLER SALOMÃO,2026-03-31,6,24.96,5
TRIBUNAL DE JUSTIÇA,GABINETE DES. WILTON MÜLLER SALOMÃO,2026-04-30,6,25.66,6
TRIBUNAL DE JUSTIÇA,GABINETE DES. ÁTILA NAVES AMARAL,2025-11-30,6,39.52,1
TRIBUNAL DE JUSTIÇA,GABINETE DES. ÁTILA NAVES AMARAL,2025-12-31,6,40.25,2
TRIBUNAL DE JUSTIÇA,GABINETE DES. ÁTILA NAVES AMARAL,2026-01-31,6,40.98,3
TRIBUNAL DE JUSTIÇA,GABINETE DES. ÁTILA NAVES AMARAL,2026-02-28,6,41.64,4
TRIBUNAL DE JUSTIÇA,GABINETE DES. ÁTILA NAVES AMARAL,2026-03-31,6,42.37,5
TRIBUNAL DE JUSTIÇA,GABINETE DES. ÁTILA NAVES AMARAL,2026-04-30,6,43.07,6
TRIBUNAL DE JUSTIÇA,GABINETE DESA ANA CRISTINA RIBEIRO PETERNELLA FRANÇA,2025-11-30,6,17.63,1
TRIBUNAL DE JUSTIÇA,GABINETE DESA ANA CRISTINA RIBEIRO PETERNELLA FRANÇA,2025-12-31,6,18.04,2
TRIBUNAL DE JUSTIÇA,GABINETE DESA ANA CRISTINA RIBEIRO PETERNELLA FRANÇA,2026-01-31,6,18.44,3
TRIBUNAL DE JUSTIÇA,GABINETE DESA ANA CRISTINA RIBEIRO PETERNELLA FRANÇA,2026-02-28,6,18.81,4
TRIBUNAL DE JUSTIÇA,GABINETE DESA ANA CRISTINA RIBEIRO PETERNELLA FRANÇA,2026-03-31,6,19.21,5
TRIBUNAL DE JUSTIÇA,GABINETE DESA ANA CRISTINA RIBEIRO PETERNELLA FRANÇA,2026-04-30,6,19.6,6
TRIBUNAL DE JUSTIÇA,GABINETE DESA BEATRIZ FIGUEIREDO FRANCO,2025-11-30,6,49.44,1
TRIBUNAL DE JUSTIÇA,GABINETE DESA BEATRIZ FIGUEIREDO FRANCO,2025-12-31,6,50.8,2
TRIBUNAL DE JUSTIÇA,GABINETE DESA BEATRIZ FIGUEIREDO FRANCO,2026-01-31,6,52.16,3
TRIBUNAL DE JUSTIÇA,GABINETE DESA BEATRIZ FIGUEIREDO FRANCO,2026-02-28,6,53.39,4
TRIBUNAL DE JUSTIÇA,GABINETE DESA BEATRIZ FIGUEIREDO FRANCO,2026-03-31,6,54.76,5
TRIBUNAL DE JUSTIÇA,GABINETE DESA BEATRIZ FIGUEIREDO FRANCO,2026-04-30,6,56.07,6
TRIBUNAL DE JUSTIÇA,GABINETE DESA CAMILA NINA ERBETTA NASCIMENTO,2025-11-30,6,28.0,1
TRIBUNAL DE JUSTIÇA,GABINETE DESA CAMILA NINA ERBETTA NASCIMENTO,2025-12-31,6,29.26,2
TRIBUNAL DE JUSTIÇA,GABINETE DESA CAMILA NINA ERBETTA NASCIMENTO,2026-01-31,6,30.52,3
TRIBUNAL DE JUSTIÇA,GABINETE DESA CAMILA NINA ERBETTA NASCIMENTO,2026-02-28,6,31.66,4
TRIBUNAL DE JUSTIÇA,GABINETE DESA CAMILA NINA ERBETTA NASCIMENTO,2026-03-31,6,32.92,5
TRIBUNAL DE JUSTIÇA,GABINETE DESA CAMILA NINA ERBETTA NASCIMENTO,2026-04-30,6,34.14,6
TRIBUNAL DE JUSTIÇA,GABINETE DESA DORACI LAMAR ROSA DA SILVA ANDRADE,2025-11-30,6,40.17,1
TRIBUNAL DE JUSTIÇA,GABINETE DESA DORACI LAMAR ROSA DA SILVA ANDRADE,2025-12-31,6,40.47,2
TRIBUNAL DE JUSTIÇA,GABINETE DESA DORACI LAMAR ROSA DA SILVA ANDRADE,2026-01-31,6,40.76,3
TRIBUNAL DE JUSTIÇA,GABINETE DESA DORACI LAMAR ROSA DA SILVA ANDRADE,2026-02-28,6,41.03,4
TRIBUNAL DE JUSTIÇA,GABINETE DESA DORACI LAMAR ROSA DA SILVA ANDRADE,2026-03-31,6,41.32,5
TRIBUNAL DE JUSTIÇA,GABINETE DESA DORACI LAMAR ROSA DA SILVA ANDRADE,2026-04-30,6,41.61,6
TRIBUNAL DE JUSTIÇA,GABINETE DESA ELIZABETH MARIA DA SILVA,2025-11-30,6,39.53,1
TRIBUNAL DE JUSTIÇA,GABINETE DESA ELIZABETH MARIA DA SILVA,2025-12-31,6,40.36,2
TRIBUNAL DE JUSTIÇA,GABINETE DESA ELIZABETH MARIA DA SILVA,2026-01-31,6,41.18,3
TRIBUNAL DE JUSTIÇA,GABINETE DESA ELIZABETH MARIA DA SILVA,2026-02-28,6,41.92,4
TRIBUNAL DE JUSTIÇA,GABINETE DESA ELIZABETH MARIA DA SILVA,2026-03-31,6,42.75,5
TRIBUNAL DE JUSTIÇA,GABINETE DESA ELIZABETH MARIA DA SILVA,2026-04-30,6,43.54,6
TRIBUNAL DE JUSTIÇA,GABINETE DESA LÍLIA MÔNICA DE CASTRO BORGES ESCHER,2025-11-30,6,12.79,1
TRIBUNAL DE JUSTIÇA,GABINETE DESA LÍLIA MÔNICA DE CASTRO BORGES ESCHER,2025-12-31,6,13.15,2
TRIBUNAL DE JUSTIÇA,GABINETE DESA LÍLIA MÔNICA DE CASTRO BORGES ESCHER,2026-01-31,6,13.52,3
TRIBUNAL DE JUSTIÇA,GABINETE DESA LÍLIA MÔNICA DE CASTRO BORGES ESCHER,2026-02-28,6,13.86,4
TRIBUNAL DE JUSTIÇA,GABINETE DESA LÍLIA MÔNICA DE CASTRO BORGES ESCHER,2026-03-31,6,14.23,5
TRIBUNAL DE JUSTIÇA,GABINETE DESA LÍLIA MÔNICA DE CASTRO BORGES ESCHER,2026-04-30,6,14.59,6
TRIBUNAL DE JUSTIÇA,GABINETE DESA MARIA DAS GRACAS CARNEIRO REQUI,2025-11-30,6,40.7,1
TRIBUNAL DE JUSTIÇA,GABINETE DESA MARIA DAS GRACAS CARNEIRO REQUI,2025-12-31,6,42.6,2
TRIBUNAL DE JUSTIÇA,GABINETE DESA MARIA DAS GRACAS CARNEIRO REQUI,2026-01-31,6,44.51,3
TRIBUNAL DE JUSTIÇA,GABINETE DESA MARIA DAS GRACAS CARNEIRO REQUI,2026-02-28,6,46.23,4
TRIBUNAL DE JUSTIÇA,GABINETE DESA MARIA DAS GRACAS CARNEIRO REQUI,2026-03-31,6,48.13,5
TRIBUNAL DE JUSTIÇA,GABINETE DESA MARIA DAS GRACAS CARNEIRO REQUI,2026-04-30,6,49.98,6
TRIBUNAL DE JUSTIÇA,GABINETE DESA NELMA BRANCO FERREIRA PERILO,2025-11-30,6,45.01,1
TRIBUNAL DE JUSTIÇA,GABINETE DESA NELMA BRANCO FERREIRA PERILO,2025-12-31,6,46.02,2
TRIBUNAL DE JUSTIÇA,GABINETE DESA NELMA BRANCO FERREIRA PERILO,2026-01-31,6,47.03,3
TRIBUNAL DE JUSTIÇA,GABINETE DESA NELMA BRANCO FERREIRA PERILO,2026-02-28,6,47.95,4
TRIBUNAL DE JUSTIÇA,GABINETE DESA NELMA BRANCO FERREIRA PERILO,2026-03-31,6,48.97,5
TRIBUNAL DE JUSTIÇA,GABINETE DESA NELMA BRANCO FERREIRA PERILO,2026-04-30,6,49.95,6
TRIBUNAL DE JUSTIÇA,GABINETE DESA SANDRA REGINA TEODORO REIS,2025-11-30,6,41.44,1
TRIBUNAL DE JUSTIÇA,GABINETE DESA SANDRA REGINA TEODORO REIS,2025-12-31,6,42.46,2
TRIBUNAL DE JUSTIÇA,GABINETE DESA SANDRA REGINA TEODORO REIS,2026-01-31,6,43.48,3
TRIBUNAL DE JUSTIÇA,GABINETE DESA SANDRA REGINA TEODORO REIS,2026-02-28,6,44.41,4
TRIBUNAL DE JUSTIÇA,GABINETE DESA SANDRA REGINA TEODORO REIS,2026-03-31,6,45.43,5
TRIBUNAL DE JUSTIÇA,GABINETE DESA SANDRA REGINA TEODORO REIS,2026-04-30,6,46.42,6
TRIBUNAL DE JUSTIÇA,GABINETE DESA. ALICE TELES DE OLIVEIRA,2025-11-30,6,21.68,1
TRIBUNAL DE JUSTIÇA,GABINETE DESA. ALICE TELES DE OLIVEIRA,2025-12-31,6,22.6,2
TRIBUNAL DE JUSTIÇA,GABINETE DESA. ALICE TELES DE OLIVEIRA,2026-01-31,6,23.53,3
TRIBUNAL DE JUSTIÇA,GABINETE DESA. ALICE TELES DE OLIVEIRA,2026-02-28,6,24.36,4
TRIBUNAL DE JUSTIÇA,GABINETE DESA. ALICE TELES DE OLIVEIRA,2026-03-31,6,25.29,5
TRIBUNAL DE JUSTIÇA,GABINETE DESA. ALICE TELES DE OLIVEIRA,2026-04-30,6,26.18,6
TRIBUNAL DE JUSTIÇA,GABINETE DESA. JULIANA PEREIRA DINIZ PRUDENTE,2025-11-30,6,42.73,1
TRIBUNAL DE JUSTIÇA,GABINETE DESA. JULIANA PEREIRA DINIZ PRUDENTE,2025-12-31,6,43.41,2
TRIBUNAL DE JUSTIÇA,GABINETE DESA. JULIANA PEREIRA DINIZ PRUDENTE,2026-01-31,6,44.09,3
TRIBUNAL DE JUSTIÇA,GABINETE DESA. JULIANA PEREIRA DINIZ PRUDENTE,2026-02-28,6,44.71,4
TRIBUNAL DE JUSTIÇA,GABINETE DESA. JULIANA PEREIRA DINIZ PRUDENTE,2026-03-31,6,45.39,5
TRIBUNAL DE JUSTIÇA,GABINETE DESA. JULIANA PEREIRA DINIZ PRUDENTE,2026-04-30,6,46.05,6
TRIBUNAL DE JUSTIÇA,GABINETE DESA. MÔNICA CÉZAR MORENO SENHORELO,2025-11-30,6,10.3,1
TRIBUNAL DE JUSTIÇA,GABINETE DESA. MÔNICA CÉZAR MORENO SENHORELO,2025-12-31,6,10.46,2
TRIBUNAL DE JUSTIÇA,GABINETE DESA. MÔNICA CÉZAR MORENO SENHORELO,2026-01-31,6,10.61,3
TRIBUNAL DE JUSTIÇA,GABINETE DESA. MÔNICA CÉZAR MORENO SENHORELO,2026-02-28,6,10.75,4
TRIBUNAL DE JUSTIÇA,GABINETE DESA. MÔNICA CÉZAR MORENO SENHORELO,2026-03-31,6,10.91,5
TRIBUNAL DE JUSTIÇA,GABINETE DESA. MÔNICA CÉZAR MORENO SENHORELO,2026-04-30,6,11.06,6
TRIBUNAL DE JUSTIÇA,GABINETE DESA. ROBERTA NASSER LEONE,2025-11-30,6,16.08,1
TRIBUNAL DE JUSTIÇA,GABINETE DESA. ROBERTA NASSER LEONE,2025-12-31,6,15.94,2
TRIBUNAL DE JUSTIÇA,GABINETE DESA. ROBERTA NASSER LEONE,2026-01-31,6,15.8,3
TRIBUNAL DE JUSTIÇA,GABINETE DESA. ROBERTA NASSER LEONE,2026-02-28,6,15.67,4
TRIBUNAL DE JUSTIÇA,GABINETE DESA. ROBERTA NASSER LEONE,2026-03-31,6,15.53,5
TRIBUNAL DE JUSTIÇA,GABINETE DESA. ROBERTA NASSER LEONE,2026-04-30,6,15.39,6
TRIBUNAL DE JUSTIÇA,GABINETE DESA. ROZANA FERNANDES CAMAPUM,2025-11-30,6,5.44,1
TRIBUNAL DE JUSTIÇA,GABINETE DESA. ROZANA FERNANDES CAMAPUM,2025-12-31,6,5.6,2
TRIBUNAL DE JUSTIÇA,GABINETE DESA. ROZANA FERNANDES CAMAPUM,2026-01-31,6,5.75,3
TRIBUNAL DE JUSTIÇA,GABINETE DESA. ROZANA FERNANDES CAMAPUM,2026-02-28,6,5.9,4
TRIBUNAL DE JUSTIÇA,GABINETE DESA. ROZANA FERNANDES CAMAPUM,2026-03-31,6,6.05,5
TRIBUNAL DE JUSTIÇA,GABINETE DESA. ROZANA FERNANDES CAMAPUM,2026-04-30,6,6.21,6
TRIBUNAL DE JUSTIÇA,GABINETE DESA. SIRLEI MARTINS DA COSTA,2025-11-30,6,7.39,1
TRIBUNAL DE JUSTIÇA,GABINETE DESA. SIRLEI MARTINS DA COSTA,2025-12-31,6,7.38,2
TRIBUNAL DE JUSTIÇA,GABINETE DESA. SIRLEI MARTINS DA COSTA,2026-01-31,6,7.38,3
TRIBUNAL DE JUSTIÇA,GABINETE DESA. SIRLEI MARTINS DA COSTA,2026-02-28,6,7.37,4
TRIBUNAL DE JUSTIÇA,GABINETE DESA. SIRLEI MARTINS DA COSTA,2026-03-31,6,7.37,5
TRIBUNAL DE JUSTIÇA,GABINETE DESA. SIRLEI MARTINS DA COSTA,2026-04-30,6,7.36,6
TRIBUNAL DE JUSTIÇA,GABINETE DESA. ZILMENE GOMIDE DA SILVA,2025-11-30,6,17.01,1
TRIBUNAL DE JUSTIÇA,GABINETE DESA. ZILMENE GOMIDE DA SILVA,2025-12-31,6,17.61,2
TRIBUNAL DE JUSTIÇA,GABINETE DESA. ZILMENE GOMIDE DA SILVA,2026-01-31,6,18.21,3
TRIBUNAL DE JUSTIÇA,GABINETE DESA. ZILMENE GOMIDE DA SILVA,2026-02-28,6,18.75,4
TRIBUNAL DE JUSTIÇA,GABINETE DESA. ZILMENE GOMIDE DA SILVA,2026-03-31,6,19.34,5
TRIBUNAL DE JUSTIÇA,GABINETE DESA. ZILMENE GOMIDE DA SILVA,2026-04-30,6,19.92,6
TRIBUNAL DE JUSTIÇA,VICE-PRESIDÊNCIA DO TRIBUNAL DE JUSTIÇA,2025-11-30,6,100.0,1
TRIBUNAL DE JUSTIÇA,VICE-PRESIDÊNCIA DO TRIBUNAL DE JUSTIÇA,2025-12-31,6,100.0,2
TRIBUNAL DE JUSTIÇA,VICE-PRESIDÊNCIA DO TRIBUNAL DE JUSTIÇA,2026-01-31,6,100.0,3
TRIBUNAL DE JUSTIÇA,VICE-PRESIDÊNCIA DO TRIBUNAL DE JUSTIÇA,2026-02-28,6,100.0,4
TRIBUNAL DE JUSTIÇA,VICE-PRESIDÊNCIA DO TRIBUNAL DE JUSTIÇA,2026-03-31,6,100.0,5
TRIBUNAL DE JUSTIÇA,VICE-PRESIDÊNCIA DO TRIBUNAL DE JUSTIÇA,2026-04-30,6,100.0,6
TRINDADE,1ª Vara (Cível e da Inf. e da Juv),2025-11-30,6,92.43,1
TRINDADE,1ª Vara (Cível e da Inf. e da Juv),2025-12-31,6,92.39,2
TRINDADE,1ª Vara (Cível e da Inf. e da Juv),2026-01-31,6,92.35,3
TRINDADE,1ª Vara (Cível e da Inf. e da Juv),2026-02-28,6,92.31,4
TRINDADE,1ª Vara (Cível e da Inf. e da Juv),2026-03-31,6,92.28,5
TRINDADE,1ª Vara (Cível e da Inf. e da Juv),2026-04-30,6,92.24,6
TRINDADE,"1ª Vara Criminal (crimes dolosos contra a vida, Pres. Trib. Juri e Execução Penal)",2025-11-30,6,55.88,1
TRINDADE,"1ª Vara Criminal (crimes dolosos contra a vida, Pres. Trib. Juri e Execução Penal)",2025-12-31,6,56.78,2
TRINDADE,"1ª Vara Criminal (crimes dolosos contra a vida, Pres. Trib. Juri e Execução Penal)",2026-01-31,6,57.68,3
TRINDADE,"1ª Vara Criminal (crimes dolosos contra a vida, Pres. Trib. Juri e Execução Penal)",2026-02-28,6,58.5,4
TRINDADE,"1ª Vara Criminal (crimes dolosos contra a vida, Pres. Trib. Juri e Execução Penal)",2026-03-31,6,59.4,5
TRINDADE,"1ª Vara Criminal (crimes dolosos contra a vida, Pres. Trib. Juri e Execução Penal)",2026-04-30,6,60.27,6
TRINDADE,2ª Vara Criminal (crimes em geral),2025-11-30,6,99.01,1
TRINDADE,2ª Vara Criminal (crimes em geral),2025-12-31,6,99.44,2
TRINDADE,2ª Vara Criminal (crimes em geral),2026-01-31,6,99.88,3
TRINDADE,2ª Vara Criminal (crimes em geral),2026-02-28,6,100.0,4
TRINDADE,2ª Vara Criminal (crimes em geral),2026-03-31,6,100.0,5
TRINDADE,2ª Vara Criminal (crimes em geral),2026-04-30,6,100.0,6
TRINDADE,2ª Vara Cível e Ambiental,2025-11-30,6,91.71,1
TRINDADE,2ª Vara Cível e Ambiental,2025-12-31,6,91.58,2
TRINDADE,2ª Vara Cível e Ambiental,2026-01-31,6,91.46,3
TRINDADE,2ª Vara Cível e Ambiental,2026-02-28,6,91.34,4
TRINDADE,2ª Vara Cível e Ambiental,2026-03-31,6,91.22,5
TRINDADE,2ª Vara Cível e Ambiental,2026-04-30,6,91.1,6
TRINDADE,3ª Vara Criminal (crimes em geral),2025-11-30,6,99.44,1
TRINDADE,3ª Vara Criminal (crimes em geral),2025-12-31,6,99.94,2
TRINDADE,3ª Vara Criminal (crimes em geral),2026-01-31,6,100.0,3
TRINDADE,3ª Vara Criminal (crimes em geral),2026-02-28,6,100.0,4
TRINDADE,3ª Vara Criminal (crimes em geral),2026-03-31,6,100.0,5
TRINDADE,3ª Vara Criminal (crimes em geral),2026-04-30,6,100.0,6
TRINDADE,Juizado Especial Cível e Criminal,2025-11-30,6,73.66,1
TRINDADE,Juizado Especial Cível e Criminal,2025-12-31,6,75.39,2
TRINDADE,Juizado Especial Cível e Criminal,2026-01-31,6,77.13,3
TRINDADE,Juizado Especial Cível e Criminal,2026-02-28,6,78.7,4
TRINDADE,Juizado Especial Cível e Criminal,2026-03-31,6,80.44,5
TRINDADE,Juizado Especial Cível e Criminal,2026-04-30,6,82.12,6
TRINDADE,Vara de Família e Sucessões,2025-11-30,6,96.41,1
TRINDADE,Vara de Família e Sucessões,2025-12-31,6,96.96,2
TRINDADE,Vara de Família e Sucessões,2026-01-31,6,97.51,3
TRINDADE,Vara de Família e Sucessões,2026-02-28,6,98.0,4
TRINDADE,Vara de Família e Sucessões,2026-03-31,6,98.55,5
TRINDADE,Vara de Família e Sucessões,2026-04-30,6,99.08,6
TRINDADE,Vara de Fazendas Públicas e Registros Públicos,2025-11-30,6,91.98,1
TRINDADE,Vara de Fazendas Públicas e Registros Públicos,2025-12-31,6,91.91,2
TRINDADE,Vara de Fazendas Públicas e Registros Públicos,2026-01-31,6,91.84,3
TRINDADE,Vara de Fazendas Públicas e Registros Públicos,2026-02-28,6,91.78,4
TRINDADE,Vara de Fazendas Públicas e Registros Públicos,2026-03-31,6,91.71,5
TRINDADE,Vara de Fazendas Públicas e Registros Públicos,2026-04-30,6,91.65,6
TURVÂNIA,Vara Judicial,2025-11-30,6,94.09,1
TURVÂNIA,Vara Judicial,2025-12-31,6,94.01,2
TURVÂNIA,Vara Judicial,2026-01-31,6,93.93,3
TURVÂNIA,Vara Judicial,2026-02-28,6,93.86,4
TURVÂNIA,Vara Judicial,2026-03-31,6,93.78,5
TURVÂNIA,Vara Judicial,2026-04-30,6,93.7,6
URUANA,Vara Judicial,2025-11-30,6,94.06,1
URUANA,Vara Judicial,2025-12-31,6,94.49,2
URUANA,Vara Judicial,2026-01-31,6,94.93,3
URUANA,Vara Judicial,2026-02-28,6,95.32,4
URUANA,Vara Judicial,2026-03-31,6,95.75,5
URUANA,Vara Judicial,2026-04-30,6,96.17,6
URUAÇU,"1ª Vara (Cív., Criminal - crime em geral e exec. penais - e da Inf. e da Juv.)",2025-11-30,6,98.14,1
URUAÇU,"1ª Vara (Cív., Criminal - crime em geral e exec. penais - e da Inf. e da Juv.)",2025-12-31,6,98.55,2
URUAÇU,"1ª Vara (Cív., Criminal - crime em geral e exec. penais - e da Inf. e da Juv.)",2026-01-31,6,98.96,3
URUAÇU,"1ª Vara (Cív., Criminal - crime em geral e exec. penais - e da Inf. e da Juv.)",2026-02-28,6,99.33,4
URUAÇU,"1ª Vara (Cív., Criminal - crime em geral e exec. penais - e da Inf. e da Juv.)",2026-03-31,6,99.74,5
URUAÇU,"1ª Vara (Cív., Criminal - crime em geral e exec. penais - e da Inf. e da Juv.)",2026-04-30,6,100.0,6
URUAÇU,"2ª Vara (Cív., Criminal – crime em geral, crimes dolosos contra a vida e Pres. do Trib. do Juri, das Faz. Púb. e de Reg. Pub.)",2025-11-30,6,95.57,1
URUAÇU,"2ª Vara (Cív., Criminal – crime em geral, crimes dolosos contra a vida e Pres. do Trib. do Juri, das Faz. Púb. e de Reg. Pub.)",2025-12-31,6,95.76,2
URUAÇU,"2ª Vara (Cív., Criminal – crime em geral, crimes dolosos contra a vida e Pres. do Trib. do Juri, das Faz. Púb. e de Reg. Pub.)",2026-01-31,6,95.96,3
URUAÇU,"2ª Vara (Cív., Criminal – crime em geral, crimes dolosos contra a vida e Pres. do Trib. do Juri, das Faz. Púb. e de Reg. Pub.)",2026-02-28,6,96.13,4
URUAÇU,"2ª Vara (Cív., Criminal – crime em geral, crimes dolosos contra a vida e Pres. do Trib. do Juri, das Faz. Púb. e de Reg. Pub.)",2026-03-31,6,96.33,5
URUAÇU,"2ª Vara (Cív., Criminal – crime em geral, crimes dolosos contra a vida e Pres. do Trib. do Juri, das Faz. Púb. e de Reg. Pub.)",2026-04-30,6,96.52,6
URUAÇU,Juizado Especial Cível e Criminal,2025-11-30,6,100.0,1
URUAÇU,Juizado Especial Cível e Criminal,2025-12-31,6,100.0,2
URUAÇU,Juizado Especial Cível e Criminal,2026-01-31,6,100.0,3
URUAÇU,Juizado Especial Cível e Criminal,2026-02-28,6,100.0,4
URUAÇU,Juizado Especial Cível e Criminal,2026-03-31,6,100.0,5
URUAÇU,Juizado Especial Cível e Criminal,2026-04-30,6,100.0,6
VALPARAÍSO DE GOIÁS,"1ª Vara Criminal (crimes dolosos contra a vida e Presidência do Tribunal do Júri, Execução Penal e crimes envolvendo violência doméstica)",2025-11-30,6,91.47,1
VALPARAÍSO DE GOIÁS,"1ª Vara Criminal (crimes dolosos contra a vida e Presidência do Tribunal do Júri, Execução Penal e crimes envolvendo violência doméstica)",2025-12-31,6,91.49,2
VALPARAÍSO DE GOIÁS,"1ª Vara Criminal (crimes dolosos contra a vida e Presidência do Tribunal do Júri, Execução Penal e crimes envolvendo violência doméstica)",2026-01-31,6,91.5,3
VALPARAÍSO DE GOIÁS,"1ª Vara Criminal (crimes dolosos contra a vida e Presidência do Tribunal do Júri, Execução Penal e crimes envolvendo violência doméstica)",2026-02-28,6,91.52,4
VALPARAÍSO DE GOIÁS,"1ª Vara Criminal (crimes dolosos contra a vida e Presidência do Tribunal do Júri, Execução Penal e crimes envolvendo violência doméstica)",2026-03-31,6,91.53,5
VALPARAÍSO DE GOIÁS,"1ª Vara Criminal (crimes dolosos contra a vida e Presidência do Tribunal do Júri, Execução Penal e crimes envolvendo violência doméstica)",2026-04-30,6,91.55,6
VALPARAÍSO DE GOIÁS,"1ª Vara Cível (Cível, Infância e Juventude)",2025-11-30,6,97.68,1
VALPARAÍSO DE GOIÁS,"1ª Vara Cível (Cível, Infância e Juventude)",2025-12-31,6,97.81,2
VALPARAÍSO DE GOIÁS,"1ª Vara Cível (Cível, Infância e Juventude)",2026-01-31,6,97.95,3
VALPARAÍSO DE GOIÁS,"1ª Vara Cível (Cível, Infância e Juventude)",2026-02-28,6,98.07,4
VALPARAÍSO DE GOIÁS,"1ª Vara Cível (Cível, Infância e Juventude)",2026-03-31,6,98.2,5
VALPARAÍSO DE GOIÁS,"1ª Vara Cível (Cível, Infância e Juventude)",2026-04-30,6,98.33,6
VALPARAÍSO DE GOIÁS,"2ª Vara (Cível, das Fazendas Públicas, de Registros Públicos e Ambiental)",2025-11-30,6,93.4,1
VALPARAÍSO DE GOIÁS,"2ª Vara (Cível, das Fazendas Públicas, de Registros Públicos e Ambiental)",2025-12-31,6,93.27,2
VALPARAÍSO DE GOIÁS,"2ª Vara (Cível, das Fazendas Públicas, de Registros Públicos e Ambiental)",2026-01-31,6,93.13,3
VALPARAÍSO DE GOIÁS,"2ª Vara (Cível, das Fazendas Públicas, de Registros Públicos e Ambiental)",2026-02-28,6,93.01,4
VALPARAÍSO DE GOIÁS,"2ª Vara (Cível, das Fazendas Públicas, de Registros Públicos e Ambiental)",2026-03-31,6,92.87,5
VALPARAÍSO DE GOIÁS,"2ª Vara (Cível, das Fazendas Públicas, de Registros Públicos e Ambiental)",2026-04-30,6,92.74,6
VALPARAÍSO DE GOIÁS,2ª Vara Criminal (crimes em geral),2025-11-30,6,99.86,1
VALPARAÍSO DE GOIÁS,2ª Vara Criminal (crimes em geral),2025-12-31,6,100.0,2
VALPARAÍSO DE GOIÁS,2ª Vara Criminal (crimes em geral),2026-01-31,6,100.0,3
VALPARAÍSO DE GOIÁS,2ª Vara Criminal (crimes em geral),2026-02-28,6,100.0,4
VALPARAÍSO DE GOIÁS,2ª Vara Criminal (crimes em geral),2026-03-31,6,100.0,5
VALPARAÍSO DE GOIÁS,2ª Vara Criminal (crimes em geral),2026-04-30,6,100.0,6
VALPARAÍSO DE GOIÁS,3ª Vara de Família e Sucessões e das Fazendas Públicas,2025-11-30,6,92.06,1
VALPARAÍSO DE GOIÁS,3ª Vara de Família e Sucessões e das Fazendas Públicas,2025-12-31,6,92.09,2
VALPARAÍSO DE GOIÁS,3ª Vara de Família e Sucessões e das Fazendas Públicas,2026-01-31,6,92.13,3
VALPARAÍSO DE GOIÁS,3ª Vara de Família e Sucessões e das Fazendas Públicas,2026-02-28,6,92.16,4
VALPARAÍSO DE GOIÁS,3ª Vara de Família e Sucessões e das Fazendas Públicas,2026-03-31,6,92.19,5
VALPARAÍSO DE GOIÁS,3ª Vara de Família e Sucessões e das Fazendas Públicas,2026-04-30,6,92.23,6
VALPARAÍSO DE GOIÁS,"4ª Vara Cível, Família e Sucessões",2025-11-30,6,96.46,1
VALPARAÍSO DE GOIÁS,"4ª Vara Cível, Família e Sucessões",2025-12-31,6,96.56,2
VALPARAÍSO DE GOIÁS,"4ª Vara Cível, Família e Sucessões",2026-01-31,6,96.67,3
VALPARAÍSO DE GOIÁS,"4ª Vara Cível, Família e Sucessões",2026-02-28,6,96.76,4
VALPARAÍSO DE GOIÁS,"4ª Vara Cível, Família e Sucessões",2026-03-31,6,96.86,5
VALPARAÍSO DE GOIÁS,"4ª Vara Cível, Família e Sucessões",2026-04-30,6,96.96,6
VALPARAÍSO DE GOIÁS,Juizado Especial Cível e Criminal,2025-11-30,6,82.6,1
VALPARAÍSO DE GOIÁS,Juizado Especial Cível e Criminal,2025-12-31,6,83.26,2
VALPARAÍSO DE GOIÁS,Juizado Especial Cível e Criminal,2026-01-31,6,83.91,3
VALPARAÍSO DE GOIÁS,Juizado Especial Cível e Criminal,2026-02-28,6,84.5,4
VALPARAÍSO DE GOIÁS,Juizado Especial Cível e Criminal,2026-03-31,6,85.15,5
VALPARAÍSO DE GOIÁS,Juizado Especial Cível e Criminal,2026-04-30,6,85.78,6
VARJÃO,Vara Judicial,2025-11-30,6,100.0,1
VARJÃO,Vara Judicial,2025-12-31,6,100.0,2
VARJÃO,Vara Judicial,2026-01-31,6,100.0,3
VARJÃO,Vara Judicial,2026-02-28,6,100.0,4
VARJÃO,Vara Judicial,2026-03-31,6,100.0,5
VARJÃO,Vara Judicial,2026-04-30,6,100.0,6
VIANÓPOLIS,Vara Judicial,2025-11-30,6,100.0,1
VIANÓPOLIS,Vara Judicial,2025-12-31,6,100.0,2
VIANÓPOLIS,Vara Judicial,2026-01-31,6,100.0,3
VIANÓPOLIS,Vara Judicial,2026-02-28,6,100.0,4
VIANÓPOLIS,Vara Judicial,2026-03-31,6,100.0,5
VIANÓPOLIS,Vara Judicial,2026-04-30,6,100.0,6
ÁGUAS LINDAS DE GOIÁS,"1ª Vara Criminal (crimes dolosos contra a vida, Pres. Trib. Juri e execuções penais)",2025-11-30,6,80.08,1
ÁGUAS LINDAS DE GOIÁS,"1ª Vara Criminal (crimes dolosos contra a vida, Pres. Trib. Juri e execuções penais)",2025-12-31,6,80.97,2
ÁGUAS LINDAS DE GOIÁS,"1ª Vara Criminal (crimes dolosos contra a vida, Pres. Trib. Juri e execuções penais)",2026-01-31,6,81.87,3
ÁGUAS LINDAS DE GOIÁS,"1ª Vara Criminal (crimes dolosos contra a vida, Pres. Trib. Juri e execuções penais)",2026-02-28,6,82.68,4
ÁGUAS LINDAS DE GOIÁS,"1ª Vara Criminal (crimes dolosos contra a vida, Pres. Trib. Juri e execuções penais)",2026-03-31,6,83.57,5
ÁGUAS LINDAS DE GOIÁS,"1ª Vara Criminal (crimes dolosos contra a vida, Pres. Trib. Juri e execuções penais)",2026-04-30,6,84.44,6
ÁGUAS LINDAS DE GOIÁS,"1ª Vara Cível, Família e Sucessões e da Infância e da Juventude",2025-11-30,6,97.65,1
ÁGUAS LINDAS DE GOIÁS,"1ª Vara Cível, Família e Sucessões e da Infância e da Juventude",2025-12-31,6,97.96,2
ÁGUAS LINDAS DE GOIÁS,"1ª Vara Cível, Família e Sucessões e da Infância e da Juventude",2026-01-31,6,98.26,3
ÁGUAS LINDAS DE GOIÁS,"1ª Vara Cível, Família e Sucessões e da Infância e da Juventude",2026-02-28,6,98.53,4
ÁGUAS LINDAS DE GOIÁS,"1ª Vara Cível, Família e Sucessões e da Infância e da Juventude",2026-03-31,6,98.84,5
ÁGUAS LINDAS DE GOIÁS,"1ª Vara Cível, Família e Sucessões e da Infância e da Juventude",2026-04-30,6,99.13,6
ÁGUAS LINDAS DE GOIÁS,"1ª Vara de Fazendas Públicas, Registros Públicos e Ambiental",2025-11-30,6,89.33,1
ÁGUAS LINDAS DE GOIÁS,"1ª Vara de Fazendas Públicas, Registros Públicos e Ambiental",2025-12-31,6,89.18,2
ÁGUAS LINDAS DE GOIÁS,"1ª Vara de Fazendas Públicas, Registros Públicos e Ambiental",2026-01-31,6,89.03,3
ÁGUAS LINDAS DE GOIÁS,"1ª Vara de Fazendas Públicas, Registros Públicos e Ambiental",2026-02-28,6,88.89,4
ÁGUAS LINDAS DE GOIÁS,"1ª Vara de Fazendas Públicas, Registros Públicos e Ambiental",2026-03-31,6,88.74,5
ÁGUAS LINDAS DE GOIÁS,"1ª Vara de Fazendas Públicas, Registros Públicos e Ambiental",2026-04-30,6,88.59,6
ÁGUAS LINDAS DE GOIÁS,2ª Vara Criminal (crimes em geral),2025-11-30,6,100.0,1
ÁGUAS LINDAS DE GOIÁS,2ª Vara Criminal (crimes em geral),2025-12-31,6,100.0,2
ÁGUAS LINDAS DE GOIÁS,2ª Vara Criminal (crimes em geral),2026-01-31,6,100.0,3
ÁGUAS LINDAS DE GOIÁS,2ª Vara Criminal (crimes em geral),2026-02-28,6,100.0,4
ÁGUAS LINDAS DE GOIÁS,2ª Vara Criminal (crimes em geral),2026-03-31,6,100.0,5
ÁGUAS LINDAS DE GOIÁS,2ª Vara Criminal (crimes em geral),2026-04-30,6,100.0,6
ÁGUAS LINDAS DE GOIÁS,"2ª Vara Cível, Família e Sucessões",2025-11-30,6,94.82,1
ÁGUAS LINDAS DE GOIÁS,"2ª Vara Cível, Família e Sucessões",2025-12-31,6,94.89,2
ÁGUAS LINDAS DE GOIÁS,"2ª Vara Cível, Família e Sucessões",2026-01-31,6,94.96,3
ÁGUAS LINDAS DE GOIÁS,"2ª Vara Cível, Família e Sucessões",2026-02-28,6,95.03,4
ÁGUAS LINDAS DE GOIÁS,"2ª Vara Cível, Família e Sucessões",2026-03-31,6,95.1,5
ÁGUAS LINDAS DE GOIÁS,"2ª Vara Cível, Família e Sucessões",2026-04-30,6,95.17,6
ÁGUAS LINDAS DE GOIÁS,"2ª Vara de Fazendas Públicas, Registros Públicos e Ambiental",2025-11-30,6,92.08,1
ÁGUAS LINDAS DE GOIÁS,"2ª Vara de Fazendas Públicas, Registros Públicos e Ambiental",2025-12-31,6,92.43,2
ÁGUAS LINDAS DE GOIÁS,"2ª Vara de Fazendas Públicas, Registros Públicos e Ambiental",2026-01-31,6,92.77,3
ÁGUAS LINDAS DE GOIÁS,"2ª Vara de Fazendas Públicas, Registros Públicos e Ambiental",2026-02-28,6,93.08,4
ÁGUAS LINDAS DE GOIÁS,"2ª Vara de Fazendas Públicas, Registros Públicos e Ambiental",2026-03-31,6,93.43,5
ÁGUAS LINDAS DE GOIÁS,"2ª Vara de Fazendas Públicas, Registros Públicos e Ambiental",2026-04-30,6,93.76,6
ÁGUAS LINDAS DE GOIÁS,3ª Vara Criminal (crimes em geral),2025-11-30,6,100.0,1
ÁGUAS LINDAS DE GOIÁS,3ª Vara Criminal (crimes em geral),2025-12-31,6,100.0,2
ÁGUAS LINDAS DE GOIÁS,3ª Vara Criminal (crimes em geral),2026-01-31,6,100.0,3
ÁGUAS LINDAS DE GOIÁS,3ª Vara Criminal (crimes em geral),2026-02-28,6,100.0,4
ÁGUAS LINDAS DE GOIÁS,3ª Vara Criminal (crimes em geral),2026-03-31,6,100.0,5
ÁGUAS LINDAS DE GOIÁS,3ª Vara Criminal (crimes em geral),2026-04-30,6,100.0,6
ÁGUAS LINDAS DE GOIÁS,Juizado Especial Cível e Criminal,2025-11-30,6,91.97,1
ÁGUAS LINDAS DE GOIÁS,Juizado Especial Cível e Criminal,2025-12-31,6,93.23,2
ÁGUAS LINDAS DE GOIÁS,Juizado Especial Cível e Criminal,2026-01-31,6,94.48,3
ÁGUAS LINDAS DE GOIÁS,Juizado Especial Cível e Criminal,2026-02-28,6,95.62,4
ÁGUAS LINDAS DE GOIÁS,Juizado Especial Cível e Criminal,2026-03-31,6,96.88,5
ÁGUAS LINDAS DE GOIÁS,Juizado Especial Cível e Criminal,2026-04-30,6,98.1,6
ÁGUAS LINDAS DE GOIÁS,Juizado de Violência Doméstica e Familiar contra a Mulher,2025-11-30,6,100.0,1
ÁGUAS LINDAS DE GOIÁS,Juizado de Violência Doméstica e Familiar contra a Mulher,2025-12-31,6,100.0,2
ÁGUAS LINDAS DE GOIÁS,Juizado de Violência Doméstica e Familiar contra a Mulher,2026-01-31,6,100.0,3
ÁGUAS LINDAS DE GOIÁS,Juizado de Violência Doméstica e Familiar contra a Mulher,2026-02-28,6,100.0,4
ÁGUAS LINDAS DE GOIÁS,Juizado de Violência Doméstica e Familiar contra a Mulher,2026-03-31,6,100.0,5
ÁGUAS LINDAS DE GOIÁS,Juizado de Violência Doméstica e Familiar contra a Mulher,2026-04-30,6,100.0,6
